trial_id,plot_id,rep,crop,variety,dataset_id,record_id,on_farm,is_survey,country,location,longitude,latitude,geo_from_source,planting_date,harvest_date,N_fertilizer,P_fertilizer,K_fertilizer,irrigated
WQMMSN_1999_COM_B3C1,,,potato,391002.6,doi_10.21223_WQMMSN,1,,FALSE,Peru,com,,,FALSE,,,,,,
WQMMSN_1999_COM_B3C1,,,potato,391004.1,doi_10.21223_WQMMSN,2,,FALSE,Peru,com,,,FALSE,,,,,,
WQMMSN_1999_COM_B3C1,,,potato,391004.18,doi_10.21223_WQMMSN,3,,FALSE,Peru,com,,,FALSE,,,,,,
WQMMSN_1999_COM_B3C1,,,potato,391011.17,doi_10.21223_WQMMSN,4,,FALSE,Peru,com,,,FALSE,,,,,,
WQMMSN_1999_COM_B3C1,,,potato,391046.14,doi_10.21223_WQMMSN,5,,FALSE,Peru,com,,,FALSE,,,,,,
WQMMSN_1999_COM_B3C1,,,potato,391047.34,doi_10.21223_WQMMSN,6,,FALSE,Peru,com,,,FALSE,,,,,,
WQMMSN_1999_COM_B3C1,,,potato,391047.34,doi_10.21223_WQMMSN,7,,FALSE,Peru,com,,,FALSE,,,,,,
WQMMSN_1999_COM_B3C1,,,potato,391047.6,doi_10.21223_WQMMSN,8,,FALSE,Peru,com,,,FALSE,,,,,,
WQMMSN_1999_COM_B3C1,,,potato,391048.51,doi_10.21223_WQMMSN,9,,FALSE,Peru,com,,,FALSE,,,,,,
WQMMSN_1999_COM_B3C1,,,potato,391058.17499999999,doi_10.21223_WQMMSN,10,,FALSE,Peru,com,,,FALSE,,,,,,
WQMMSN_1999_COM_B3C1,,,potato,391058.17499999999,doi_10.21223_WQMMSN,11,,FALSE,Peru,com,,,FALSE,,,,,,
WQMMSN_1999_COM_B3C1,,,potato,391065.69,doi_10.21223_WQMMSN,12,,FALSE,Peru,com,,,FALSE,,,,,,
WQMMSN_1999_COM_B3C1,,,potato,391065.69,doi_10.21223_WQMMSN,13,,FALSE,Peru,com,,,FALSE,,,,,,
WQMMSN_1999_COM_B3C1,,,potato,391065.81,doi_10.21223_WQMMSN,14,,FALSE,Peru,com,,,FALSE,,,,,,
WQMMSN_1999_COM_B3C1,,,potato,391065.81,doi_10.21223_WQMMSN,15,,FALSE,Peru,com,,,FALSE,,,,,,
WQMMSN_1999_COM_B3C1,,,potato,391125.2,doi_10.21223_WQMMSN,16,,FALSE,Peru,com,,,FALSE,,,,,,
WQMMSN_1999_COM_B3C1,,,potato,391125.2,doi_10.21223_WQMMSN,17,,FALSE,Peru,com,,,FALSE,,,,,,
WQMMSN_1999_COM_B3C1,,,potato,391580.3,doi_10.21223_WQMMSN,18,,FALSE,Peru,com,,,FALSE,,,,,,
WQMMSN_1999_COM_B3C1,,,potato,391580.3,doi_10.21223_WQMMSN,19,,FALSE,Peru,com,,,FALSE,,,,,,
WQMMSN_1999_COM_B3C1,,,potato,391585.16700000002,doi_10.21223_WQMMSN,20,,FALSE,Peru,com,,,FALSE,,,,,,
WQMMSN_1999_COM_B3C1,,,potato,392617.54,doi_10.21223_WQMMSN,21,,FALSE,Peru,com,,,FALSE,,,,,,
WQMMSN_1999_COM_B3C1,,,potato,392617.54,doi_10.21223_WQMMSN,22,,FALSE,Peru,com,,,FALSE,,,,,,
WQMMSN_1999_COM_B3C1,,,potato,392626.9,doi_10.21223_WQMMSN,23,,FALSE,Peru,com,,,FALSE,,,,,,
WQMMSN_1999_COM_B3C1,,,potato,392626.9,doi_10.21223_WQMMSN,24,,FALSE,Peru,com,,,FALSE,,,,,,
WQMMSN_1999_COM_B3C1,,,potato,392634.49,doi_10.21223_WQMMSN,25,,FALSE,Peru,com,,,FALSE,,,,,,
WQMMSN_1999_COM_B3C1,,,potato,392634.49,doi_10.21223_WQMMSN,26,,FALSE,Peru,com,,,FALSE,,,,,,
WQMMSN_1999_COM_B3C1,,,potato,392634.52,doi_10.21223_WQMMSN,27,,FALSE,Peru,com,,,FALSE,,,,,,
WQMMSN_1999_COM_B3C1,,,potato,392637.1,doi_10.21223_WQMMSN,28,,FALSE,Peru,com,,,FALSE,,,,,,
WQMMSN_1999_COM_B3C1,,,potato,392637.27,doi_10.21223_WQMMSN,29,,FALSE,Peru,com,,,FALSE,,,,,,
WQMMSN_1999_COM_B3C1,,,potato,392637.27,doi_10.21223_WQMMSN,30,,FALSE,Peru,com,,,FALSE,,,,,,
WQMMSN_1999_COM_B3C1,,,potato,392639.31,doi_10.21223_WQMMSN,31,,FALSE,Peru,com,,,FALSE,,,,,,
WQMMSN_1999_COM_B3C1,,,potato,392639.34,doi_10.21223_WQMMSN,32,,FALSE,Peru,com,,,FALSE,,,,,,
WQMMSN_1999_COM_B3C1,,,potato,392639.34,doi_10.21223_WQMMSN,33,,FALSE,Peru,com,,,FALSE,,,,,,
WQMMSN_1999_COM_B3C1,,,potato,392639.9,doi_10.21223_WQMMSN,34,,FALSE,Peru,com,,,FALSE,,,,,,
WQMMSN_1999_COM_B3C1,,,potato,392640.18,doi_10.21223_WQMMSN,35,,FALSE,Peru,com,,,FALSE,,,,,,
WQMMSN_1999_COM_B3C1,,,potato,392640.18,doi_10.21223_WQMMSN,36,,FALSE,Peru,com,,,FALSE,,,,,,
WQMMSN_1999_COM_B3C1,,,potato,392650.12,doi_10.21223_WQMMSN,37,,FALSE,Peru,com,,,FALSE,,,,,,
WQMMSN_1999_COM_B3C1,,,potato,392650.49,doi_10.21223_WQMMSN,38,,FALSE,Peru,com,,,FALSE,,,,,,
WQMMSN_1999_COM_B3C1,,,potato,392650.49,doi_10.21223_WQMMSN,39,,FALSE,Peru,com,,,FALSE,,,,,,
WQMMSN_1999_COM_B3C1,,,potato,392657.17111,doi_10.21223_WQMMSN,40,,FALSE,Peru,com,,,FALSE,,,,,,
WQMMSN_1999_COM_B3C1,,,potato,392657.18,doi_10.21223_WQMMSN,41,,FALSE,Peru,com,,,FALSE,,,,,,
WQMMSN_1999_COM_B3C1,,,potato,392657.8,doi_10.21223_WQMMSN,42,,FALSE,Peru,com,,,FALSE,,,,,,
WQMMSN_1999_COM_B3C1,,,potato,392657.8,doi_10.21223_WQMMSN,43,,FALSE,Peru,com,,,FALSE,,,,,,
WQMMSN_1999_COM_B3C1,,,potato,393072.55,doi_10.21223_WQMMSN,44,,FALSE,Peru,com,,,FALSE,,,,,,
WQMMSN_1999_COM_B3C1,,,potato,393073.179,doi_10.21223_WQMMSN,45,,FALSE,Peru,com,,,FALSE,,,,,,
WQMMSN_1999_COM_B3C1,,,potato,393073.179,doi_10.21223_WQMMSN,46,,FALSE,Peru,com,,,FALSE,,,,,,
WQMMSN_1999_COM_B3C1,,,potato,393074.86,doi_10.21223_WQMMSN,47,,FALSE,Peru,com,,,FALSE,,,,,,
WQMMSN_1999_COM_B3C1,,,potato,393075.54,doi_10.21223_WQMMSN,48,,FALSE,Peru,com,,,FALSE,,,,,,
WQMMSN_1999_COM_B3C1,,,potato,393077.15899999999,doi_10.21223_WQMMSN,49,,FALSE,Peru,com,,,FALSE,,,,,,
WQMMSN_1999_COM_B3C1,,,potato,393077.16200000001,doi_10.21223_WQMMSN,50,,FALSE,Peru,com,,,FALSE,,,,,,
WQMMSN_1999_COM_B3C1,,,potato,393077.16200000001,doi_10.21223_WQMMSN,51,,FALSE,Peru,com,,,FALSE,,,,,,
WQMMSN_1999_COM_B3C1,,,potato,393077.54,doi_10.21223_WQMMSN,52,,FALSE,Peru,com,,,FALSE,,,,,,
WQMMSN_1999_COM_B3C1,,,potato,393077.54,doi_10.21223_WQMMSN,53,,FALSE,Peru,com,,,FALSE,,,,,,
WQMMSN_1999_COM_B3C1,,,potato,393079.24,doi_10.21223_WQMMSN,54,,FALSE,Peru,com,,,FALSE,,,,,,
WQMMSN_1999_COM_B3C1,,,potato,393079.4,doi_10.21223_WQMMSN,55,,FALSE,Peru,com,,,FALSE,,,,,,
WQMMSN_1999_COM_B3C1,,,potato,393083.2,doi_10.21223_WQMMSN,56,,FALSE,Peru,com,,,FALSE,,,,,,
WQMMSN_1999_COM_B3C1,,,potato,393084.31,doi_10.21223_WQMMSN,57,,FALSE,Peru,com,,,FALSE,,,,,,
WQMMSN_1999_COM_B3C1,,,potato,393084.31,doi_10.21223_WQMMSN,58,,FALSE,Peru,com,,,FALSE,,,,,,
WQMMSN_1999_COM_B3C1,,,potato,393085.5,doi_10.21223_WQMMSN,59,,FALSE,Peru,com,,,FALSE,,,,,,
WQMMSN_1999_COM_B3C1,,,potato,393085.5,doi_10.21223_WQMMSN,60,,FALSE,Peru,com,,,FALSE,,,,,,
WQMMSN_1999_COM_B3C1,,,potato,393111.3,doi_10.21223_WQMMSN,61,,FALSE,Peru,com,,,FALSE,,,,,,
WQMMSN_1999_COM_B3C1,,,potato,393220.54,doi_10.21223_WQMMSN,62,,FALSE,Peru,com,,,FALSE,,,,,,
WQMMSN_1999_COM_B3C1,,,potato,393223.89,doi_10.21223_WQMMSN,63,,FALSE,Peru,com,,,FALSE,,,,,,
WQMMSN_1999_COM_B3C1,,,potato,393227.66,doi_10.21223_WQMMSN,64,,FALSE,Peru,com,,,FALSE,,,,,,
WQMMSN_1999_COM_B3C1,,,potato,393228.67,doi_10.21223_WQMMSN,65,,FALSE,Peru,com,,,FALSE,,,,,,
WQMMSN_1999_COM_B3C1,,,potato,393228.67,doi_10.21223_WQMMSN,66,,FALSE,Peru,com,,,FALSE,,,,,,
WQMMSN_1999_COM_B3C1,,,potato,393242.5,doi_10.21223_WQMMSN,67,,FALSE,Peru,com,,,FALSE,,,,,,
WQMMSN_1999_COM_B3C1,,,potato,393242.5,doi_10.21223_WQMMSN,68,,FALSE,Peru,com,,,FALSE,,,,,,
WQMMSN_1999_COM_B3C1,,,potato,393248.55,doi_10.21223_WQMMSN,69,,FALSE,Peru,com,,,FALSE,,,,,,
WQMMSN_1999_COM_B3C1,,,potato,393248.55,doi_10.21223_WQMMSN,70,,FALSE,Peru,com,,,FALSE,,,,,,
WQMMSN_1999_COM_B3C1,,,potato,393280.57,doi_10.21223_WQMMSN,71,,FALSE,Peru,com,,,FALSE,,,,,,
WQMMSN_1999_COM_B3C1,,,potato,393280.64,doi_10.21223_WQMMSN,72,,FALSE,Peru,com,,,FALSE,,,,,,
WQMMSN_1999_COM_B3C1,,,potato,393280.8,doi_10.21223_WQMMSN,73,,FALSE,Peru,com,,,FALSE,,,,,,
WQMMSN_1999_COM_B3C1,,,potato,393280.82,doi_10.21223_WQMMSN,74,,FALSE,Peru,com,,,FALSE,,,,,,
WQMMSN_1999_COM_B3C1,,,potato,393280.82,doi_10.21223_WQMMSN,75,,FALSE,Peru,com,,,FALSE,,,,,,
WQMMSN_1999_COM_B3C1,,,potato,393280.83,doi_10.21223_WQMMSN,76,,FALSE,Peru,com,,,FALSE,,,,,,
WQMMSN_1999_COM_B3C1,,,potato,393284.39,doi_10.21223_WQMMSN,77,,FALSE,Peru,com,,,FALSE,,,,,,
WQMMSN_1999_COM_B3C1,,,potato,393339.24200000003,doi_10.21223_WQMMSN,78,,FALSE,Peru,com,,,FALSE,,,,,,
WQMMSN_1999_COM_B3C1,,,potato,393339.24200000003,doi_10.21223_WQMMSN,79,,FALSE,Peru,com,,,FALSE,,,,,,
WQMMSN_1999_COM_B3C1,,,potato,393349.68,doi_10.21223_WQMMSN,80,,FALSE,Peru,com,,,FALSE,,,,,,
WQMMSN_1999_COM_B3C1,,,potato,393371.15700000001,doi_10.21223_WQMMSN,81,,FALSE,Peru,com,,,FALSE,,,,,,
WQMMSN_1999_COM_B3C1,,,potato,393371.16399999999,doi_10.21223_WQMMSN,82,,FALSE,Peru,com,,,FALSE,,,,,,
WQMMSN_1999_COM_B3C1,,,potato,393371.58,doi_10.21223_WQMMSN,83,,FALSE,Peru,com,,,FALSE,,,,,,
WQMMSN_1999_COM_B3C1,,,potato,393371.58,doi_10.21223_WQMMSN,84,,FALSE,Peru,com,,,FALSE,,,,,,
WQMMSN_1999_COM_B3C1,,,potato,393382.44,doi_10.21223_WQMMSN,85,,FALSE,Peru,com,,,FALSE,,,,,,
WQMMSN_1999_COM_B3C1,,,potato,393382.44,doi_10.21223_WQMMSN,86,,FALSE,Peru,com,,,FALSE,,,,,,
WQMMSN_1999_COM_B3C1,,,potato,393385.39,doi_10.21223_WQMMSN,87,,FALSE,Peru,com,,,FALSE,,,,,,
WQMMSN_1999_COM_B3C1,,,potato,393385.39,doi_10.21223_WQMMSN,88,,FALSE,Peru,com,,,FALSE,,,,,,
WQMMSN_1999_COM_B3C1,,,potato,393385.47,doi_10.21223_WQMMSN,89,,FALSE,Peru,com,,,FALSE,,,,,,
WQMMSN_1999_COM_B3C1,,,potato,393385.47,doi_10.21223_WQMMSN,90,,FALSE,Peru,com,,,FALSE,,,,,,
WQMMSN_1999_COM_B3C1,,,potato,393385.57,doi_10.21223_WQMMSN,91,,FALSE,Peru,com,,,FALSE,,,,,,
WQMMSN_1999_COM_B3C1,,,potato,393427.13099999999,doi_10.21223_WQMMSN,92,,FALSE,Peru,com,,,FALSE,,,,,,
WQMMSN_1999_COM_B3C1,,,potato,393453.19799999997,doi_10.21223_WQMMSN,93,,FALSE,Peru,com,,,FALSE,,,,,,
WQMMSN_1999_COM_B3C1,,,potato,393453.19799999997,doi_10.21223_WQMMSN,94,,FALSE,Peru,com,,,FALSE,,,,,,
WQMMSN_1999_COM_B3C1,,,potato,393465.26,doi_10.21223_WQMMSN,95,,FALSE,Peru,com,,,FALSE,,,,,,
WQMMSN_1999_COM_B3C1,,,potato,393465.26,doi_10.21223_WQMMSN,96,,FALSE,Peru,com,,,FALSE,,,,,,
WQMMSN_1999_COM_B3C1,,,potato,Amarilis,doi_10.21223_WQMMSN,97,,FALSE,Peru,com,,,FALSE,,,,,,
WQMMSN_1999_COM_B3C1,,,potato,Amarilis,doi_10.21223_WQMMSN,98,,FALSE,Peru,com,,,FALSE,,,,,,
WQMMSN_1999_COM_B3C1,,,potato,Amarilis,doi_10.21223_WQMMSN,99,,FALSE,Peru,com,,,FALSE,,,,,,
WQMMSN_1999_COM_B3C1,,,potato,Amarilis,doi_10.21223_WQMMSN,100,,FALSE,Peru,com,,,FALSE,,,,,,
WQMMSN_1999_COM_B3C1,,,potato,Kory,doi_10.21223_WQMMSN,101,,FALSE,Peru,com,,,FALSE,,,,,,
WQMMSN_1999_COM_B3C1,,,potato,Kory,doi_10.21223_WQMMSN,102,,FALSE,Peru,com,,,FALSE,,,,,,
WQMMSN_1999_COM_B3C1,,,potato,Kory,doi_10.21223_WQMMSN,103,,FALSE,Peru,com,,,FALSE,,,,,,
WQMMSN_1999_OXA_B3C1,,,potato,391002.6,doi_10.21223_WQMMSN,104,,FALSE,Peru,oxa,,,FALSE,,,,,,
WQMMSN_1999_OXA_B3C1,,,potato,391011.17,doi_10.21223_WQMMSN,105,,FALSE,Peru,oxa,,,FALSE,,,,,,
WQMMSN_1999_OXA_B3C1,,,potato,391046.14,doi_10.21223_WQMMSN,106,,FALSE,Peru,oxa,,,FALSE,,,,,,
WQMMSN_1999_OXA_B3C1,,,potato,391065.69,doi_10.21223_WQMMSN,107,,FALSE,Peru,oxa,,,FALSE,,,,,,
WQMMSN_1999_OXA_B3C1,,,potato,392633.54,doi_10.21223_WQMMSN,108,,FALSE,Peru,oxa,,,FALSE,,,,,,
WQMMSN_1999_OXA_B3C1,,,potato,392633.64,doi_10.21223_WQMMSN,109,,FALSE,Peru,oxa,,,FALSE,,,,,,
WQMMSN_1999_OXA_B3C1,,,potato,392637.10,doi_10.21223_WQMMSN,110,,FALSE,Peru,oxa,,,FALSE,,,,,,
WQMMSN_1999_OXA_B3C1,,,potato,392640.18,doi_10.21223_WQMMSN,111,,FALSE,Peru,oxa,,,FALSE,,,,,,
WQMMSN_1999_OXA_B3C1,,,potato,392657.8,doi_10.21223_WQMMSN,112,,FALSE,Peru,oxa,,,FALSE,,,,,,
WQMMSN_1999_OXA_B3C1,,,potato,393077.54,doi_10.21223_WQMMSN,113,,FALSE,Peru,oxa,,,FALSE,,,,,,
WQMMSN_1999_OXA_B3C1,,,potato,393079.24,doi_10.21223_WQMMSN,114,,FALSE,Peru,oxa,,,FALSE,,,,,,
WQMMSN_1999_OXA_B3C1,,,potato,393083.2,doi_10.21223_WQMMSN,115,,FALSE,Peru,oxa,,,FALSE,,,,,,
WQMMSN_1999_OXA_B3C1,,,potato,393085.5,doi_10.21223_WQMMSN,116,,FALSE,Peru,oxa,,,FALSE,,,,,,
WQMMSN_1999_OXA_B3C1,,,potato,393220.54,doi_10.21223_WQMMSN,117,,FALSE,Peru,oxa,,,FALSE,,,,,,
WQMMSN_1999_OXA_B3C1,,,potato,393242.50,doi_10.21223_WQMMSN,118,,FALSE,Peru,oxa,,,FALSE,,,,,,
WQMMSN_1999_OXA_B3C1,,,potato,393248.55,doi_10.21223_WQMMSN,119,,FALSE,Peru,oxa,,,FALSE,,,,,,
WQMMSN_1999_OXA_B3C1,,,potato,393280.57,doi_10.21223_WQMMSN,120,,FALSE,Peru,oxa,,,FALSE,,,,,,
WQMMSN_1999_OXA_B3C1,,,potato,393280.64,doi_10.21223_WQMMSN,121,,FALSE,Peru,oxa,,,FALSE,,,,,,
WQMMSN_1999_OXA_B3C1,,,potato,393280.82,doi_10.21223_WQMMSN,122,,FALSE,Peru,oxa,,,FALSE,,,,,,
WQMMSN_1999_OXA_B3C1,,,potato,393371.157,doi_10.21223_WQMMSN,123,,FALSE,Peru,oxa,,,FALSE,,,,,,
WQMMSN_1999_OXA_B3C1,,,potato,393371.164,doi_10.21223_WQMMSN,124,,FALSE,Peru,oxa,,,FALSE,,,,,,
WQMMSN_1999_OXA_B3C1,,,potato,393371.58,doi_10.21223_WQMMSN,125,,FALSE,Peru,oxa,,,FALSE,,,,,,
WQMMSN_1999_OXA_B3C1,,,potato,393382.44,doi_10.21223_WQMMSN,126,,FALSE,Peru,oxa,,,FALSE,,,,,,
WQMMSN_1999_OXA_B3C1,,,potato,393385.39,doi_10.21223_WQMMSN,127,,FALSE,Peru,oxa,,,FALSE,,,,,,
WQMMSN_1999_OXA_B3C1,,,potato,393465.26,doi_10.21223_WQMMSN,128,,FALSE,Peru,oxa,,,FALSE,,,,,,
WQMMSN_1999_OXA_B3C1,,,potato,Amarilis,doi_10.21223_WQMMSN,129,,FALSE,Peru,oxa,,,FALSE,,,,,,
WQMMSN_2000_AYM_B3C1,,,potato,391004.18,doi_10.21223_WQMMSN,130,,FALSE,Peru,aym,,,FALSE,,,,,,
WQMMSN_2000_AYM_B3C1,,,potato,391011.17,doi_10.21223_WQMMSN,131,,FALSE,Peru,aym,,,FALSE,,,,,,
WQMMSN_2000_AYM_B3C1,,,potato,391046.14,doi_10.21223_WQMMSN,132,,FALSE,Peru,aym,,,FALSE,,,,,,
WQMMSN_2000_AYM_B3C1,,,potato,391047.34,doi_10.21223_WQMMSN,133,,FALSE,Peru,aym,,,FALSE,,,,,,
WQMMSN_2000_AYM_B3C1,,,potato,391058.17499999999,doi_10.21223_WQMMSN,134,,FALSE,Peru,aym,,,FALSE,,,,,,
WQMMSN_2000_AYM_B3C1,,,potato,391065.69,doi_10.21223_WQMMSN,135,,FALSE,Peru,aym,,,FALSE,,,,,,
WQMMSN_2000_AYM_B3C1,,,potato,391065.81,doi_10.21223_WQMMSN,136,,FALSE,Peru,aym,,,FALSE,,,,,,
WQMMSN_2000_AYM_B3C1,,,potato,391580.3,doi_10.21223_WQMMSN,137,,FALSE,Peru,aym,,,FALSE,,,,,,
WQMMSN_2000_AYM_B3C1,,,potato,391583.25,doi_10.21223_WQMMSN,138,,FALSE,Peru,aym,,,FALSE,,,,,,
WQMMSN_2000_AYM_B3C1,,,potato,391585.16700000002,doi_10.21223_WQMMSN,139,,FALSE,Peru,aym,,,FALSE,,,,,,
WQMMSN_2000_AYM_B3C1,,,potato,391585.5,doi_10.21223_WQMMSN,140,,FALSE,Peru,aym,,,FALSE,,,,,,
WQMMSN_2000_AYM_B3C1,,,potato,392617.54,doi_10.21223_WQMMSN,141,,FALSE,Peru,aym,,,FALSE,,,,,,
WQMMSN_2000_AYM_B3C1,,,potato,392633.54,doi_10.21223_WQMMSN,142,,FALSE,Peru,aym,,,FALSE,,,,,,
WQMMSN_2000_AYM_B3C1,,,potato,392633.64,doi_10.21223_WQMMSN,143,,FALSE,Peru,aym,,,FALSE,,,,,,
WQMMSN_2000_AYM_B3C1,,,potato,392634.49,doi_10.21223_WQMMSN,144,,FALSE,Peru,aym,,,FALSE,,,,,,
WQMMSN_2000_AYM_B3C1,,,potato,392634.52,doi_10.21223_WQMMSN,145,,FALSE,Peru,aym,,,FALSE,,,,,,
WQMMSN_2000_AYM_B3C1,,,potato,392637.1,doi_10.21223_WQMMSN,146,,FALSE,Peru,aym,,,FALSE,,,,,,
WQMMSN_2000_AYM_B3C1,,,potato,392637.27,doi_10.21223_WQMMSN,147,,FALSE,Peru,aym,,,FALSE,,,,,,
WQMMSN_2000_AYM_B3C1,,,potato,392639.31,doi_10.21223_WQMMSN,148,,FALSE,Peru,aym,,,FALSE,,,,,,
WQMMSN_2000_AYM_B3C1,,,potato,392639.34,doi_10.21223_WQMMSN,149,,FALSE,Peru,aym,,,FALSE,,,,,,
WQMMSN_2000_AYM_B3C1,,,potato,392640.18,doi_10.21223_WQMMSN,150,,FALSE,Peru,aym,,,FALSE,,,,,,
WQMMSN_2000_AYM_B3C1,,,potato,392650.12,doi_10.21223_WQMMSN,151,,FALSE,Peru,aym,,,FALSE,,,,,,
WQMMSN_2000_AYM_B3C1,,,potato,392650.49,doi_10.21223_WQMMSN,152,,FALSE,Peru,aym,,,FALSE,,,,,,
WQMMSN_2000_AYM_B3C1,,,potato,392657.17099999997,doi_10.21223_WQMMSN,153,,FALSE,Peru,aym,,,FALSE,,,,,,
WQMMSN_2000_AYM_B3C1,,,potato,392657.8,doi_10.21223_WQMMSN,154,,FALSE,Peru,aym,,,FALSE,,,,,,
WQMMSN_2000_AYM_B3C1,,,potato,393072.55,doi_10.21223_WQMMSN,155,,FALSE,Peru,aym,,,FALSE,,,,,,
WQMMSN_2000_AYM_B3C1,,,potato,393073.15899999999,doi_10.21223_WQMMSN,156,,FALSE,Peru,aym,,,FALSE,,,,,,
WQMMSN_2000_AYM_B3C1,,,potato,393073.19699999999,doi_10.21223_WQMMSN,157,,FALSE,Peru,aym,,,FALSE,,,,,,
WQMMSN_2000_AYM_B3C1,,,potato,393077.16200000001,doi_10.21223_WQMMSN,158,,FALSE,Peru,aym,,,FALSE,,,,,,
WQMMSN_2000_AYM_B3C1,,,potato,393077.54,doi_10.21223_WQMMSN,159,,FALSE,Peru,aym,,,FALSE,,,,,,
WQMMSN_2000_AYM_B3C1,,,potato,393079.24,doi_10.21223_WQMMSN,160,,FALSE,Peru,aym,,,FALSE,,,,,,
WQMMSN_2000_AYM_B3C1,,,potato,393079.4,doi_10.21223_WQMMSN,161,,FALSE,Peru,aym,,,FALSE,,,,,,
WQMMSN_2000_AYM_B3C1,,,potato,393084.31,doi_10.21223_WQMMSN,162,,FALSE,Peru,aym,,,FALSE,,,,,,
WQMMSN_2000_AYM_B3C1,,,potato,393085.5,doi_10.21223_WQMMSN,163,,FALSE,Peru,aym,,,FALSE,,,,,,
WQMMSN_2000_AYM_B3C1,,,potato,393220.54,doi_10.21223_WQMMSN,164,,FALSE,Peru,aym,,,FALSE,,,,,,
WQMMSN_2000_AYM_B3C1,,,potato,393227.66,doi_10.21223_WQMMSN,165,,FALSE,Peru,aym,,,FALSE,,,,,,
WQMMSN_2000_AYM_B3C1,,,potato,393228.67,doi_10.21223_WQMMSN,166,,FALSE,Peru,aym,,,FALSE,,,,,,
WQMMSN_2000_AYM_B3C1,,,potato,393235.97,doi_10.21223_WQMMSN,167,,FALSE,Peru,aym,,,FALSE,,,,,,
WQMMSN_2000_AYM_B3C1,,,potato,393242.5,doi_10.21223_WQMMSN,168,,FALSE,Peru,aym,,,FALSE,,,,,,
WQMMSN_2000_AYM_B3C1,,,potato,393248.55,doi_10.21223_WQMMSN,169,,FALSE,Peru,aym,,,FALSE,,,,,,
WQMMSN_2000_AYM_B3C1,,,potato,393280.57,doi_10.21223_WQMMSN,170,,FALSE,Peru,aym,,,FALSE,,,,,,
WQMMSN_2000_AYM_B3C1,,,potato,393280.82,doi_10.21223_WQMMSN,171,,FALSE,Peru,aym,,,FALSE,,,,,,
WQMMSN_2000_AYM_B3C1,,,potato,393280.83,doi_10.21223_WQMMSN,172,,FALSE,Peru,aym,,,FALSE,,,,,,
WQMMSN_2000_AYM_B3C1,,,potato,393339.24200000003,doi_10.21223_WQMMSN,173,,FALSE,Peru,aym,,,FALSE,,,,,,
WQMMSN_2000_AYM_B3C1,,,potato,393349.68,doi_10.21223_WQMMSN,174,,FALSE,Peru,aym,,,FALSE,,,,,,
WQMMSN_2000_AYM_B3C1,,,potato,393371.16399999999,doi_10.21223_WQMMSN,175,,FALSE,Peru,aym,,,FALSE,,,,,,
WQMMSN_2000_AYM_B3C1,,,potato,393382.44,doi_10.21223_WQMMSN,176,,FALSE,Peru,aym,,,FALSE,,,,,,
WQMMSN_2000_AYM_B3C1,,,potato,393385.47,doi_10.21223_WQMMSN,177,,FALSE,Peru,aym,,,FALSE,,,,,,
WQMMSN_2000_AYM_B3C1,,,potato,393453.19799999997,doi_10.21223_WQMMSN,178,,FALSE,Peru,aym,,,FALSE,,,,,,
WQMMSN_2000_AYM_B3C1,,,potato,Canchan,doi_10.21223_WQMMSN,179,,FALSE,Peru,aym,,,FALSE,,,,,,
WQMMSN_2000_AYM_B3C1,,,potato,Chagllina,doi_10.21223_WQMMSN,180,,FALSE,Peru,aym,,,FALSE,,,,,,
WQMMSN_2000_AYM_B3C1,,,potato,Chata Roja,doi_10.21223_WQMMSN,181,,FALSE,Peru,aym,,,FALSE,,,,,,
WQMMSN_2000_AYM_B3C1,,,potato,Kory,doi_10.21223_WQMMSN,182,,FALSE,Peru,aym,,,FALSE,,,,,,
WQMMSN_2000_COM_B3C1,,,potato,391004.18,doi_10.21223_WQMMSN,183,,FALSE,Peru,com,,,FALSE,,,,,,
WQMMSN_2000_COM_B3C1,,,potato,391011.17,doi_10.21223_WQMMSN,184,,FALSE,Peru,com,,,FALSE,,,,,,
WQMMSN_2000_COM_B3C1,,,potato,391046.14,doi_10.21223_WQMMSN,185,,FALSE,Peru,com,,,FALSE,,,,,,
WQMMSN_2000_COM_B3C1,,,potato,391047.34,doi_10.21223_WQMMSN,186,,FALSE,Peru,com,,,FALSE,,,,,,
WQMMSN_2000_COM_B3C1,,,potato,391065.69,doi_10.21223_WQMMSN,187,,FALSE,Peru,com,,,FALSE,,,,,,
WQMMSN_2000_COM_B3C1,,,potato,391580.3,doi_10.21223_WQMMSN,188,,FALSE,Peru,com,,,FALSE,,,,,,
WQMMSN_2000_COM_B3C1,,,potato,392617.54,doi_10.21223_WQMMSN,189,,FALSE,Peru,com,,,FALSE,,,,,,
WQMMSN_2000_COM_B3C1,,,potato,392634.49,doi_10.21223_WQMMSN,190,,FALSE,Peru,com,,,FALSE,,,,,,
WQMMSN_2000_COM_B3C1,,,potato,392637.1,doi_10.21223_WQMMSN,191,,FALSE,Peru,com,,,FALSE,,,,,,
WQMMSN_2000_COM_B3C1,,,potato,392639.31,doi_10.21223_WQMMSN,192,,FALSE,Peru,com,,,FALSE,,,,,,
WQMMSN_2000_COM_B3C1,,,potato,392639.34,doi_10.21223_WQMMSN,193,,FALSE,Peru,com,,,FALSE,,,,,,
WQMMSN_2000_COM_B3C1,,,potato,392640.18,doi_10.21223_WQMMSN,194,,FALSE,Peru,com,,,FALSE,,,,,,
WQMMSN_2000_COM_B3C1,,,potato,392657.17099999997,doi_10.21223_WQMMSN,195,,FALSE,Peru,com,,,FALSE,,,,,,
WQMMSN_2000_COM_B3C1,,,potato,392657.8,doi_10.21223_WQMMSN,196,,FALSE,Peru,com,,,FALSE,,,,,,
WQMMSN_2000_COM_B3C1,,,potato,393077.54,doi_10.21223_WQMMSN,197,,FALSE,Peru,com,,,FALSE,,,,,,
WQMMSN_2000_COM_B3C1,,,potato,393079.24,doi_10.21223_WQMMSN,198,,FALSE,Peru,com,,,FALSE,,,,,,
WQMMSN_2000_COM_B3C1,,,potato,393227.66,doi_10.21223_WQMMSN,199,,FALSE,Peru,com,,,FALSE,,,,,,
WQMMSN_2000_COM_B3C1,,,potato,393248.55,doi_10.21223_WQMMSN,200,,FALSE,Peru,com,,,FALSE,,,,,,
WQMMSN_2000_COM_B3C1,,,potato,393339.24200000003,doi_10.21223_WQMMSN,201,,FALSE,Peru,com,,,FALSE,,,,,,
WQMMSN_2000_COM_B3C1,,,potato,393371.58,doi_10.21223_WQMMSN,202,,FALSE,Peru,com,,,FALSE,,,,,,
WQMMSN_2000_COM_B3C1,,,potato,393385.39,doi_10.21223_WQMMSN,203,,FALSE,Peru,com,,,FALSE,,,,,,
WQMMSN_2000_COM_B3C1,,,potato,393385.47,doi_10.21223_WQMMSN,204,,FALSE,Peru,com,,,FALSE,,,,,,
WQMMSN_2000_COM_B3C1,,,potato,393453.19799999997,doi_10.21223_WQMMSN,205,,FALSE,Peru,com,,,FALSE,,,,,,
WQMMSN_2000_HCO_B3C1,,,potato,392633.1,doi_10.21223_WQMMSN,206,,FALSE,Peru,hco,,,FALSE,,,,,,
WQMMSN_2000_HYO_B3C1,,,potato,393072.55,doi_10.21223_WQMMSN,207,,FALSE,Peru,hyo,,,FALSE,,,,,,
WQMMSN_2000_HYO_B3C1,,,potato,393280.64,doi_10.21223_WQMMSN,208,,FALSE,Peru,hyo,,,FALSE,,,,,,
WQMMSN_2000_HYO_B3C1,,,potato,393280.82,doi_10.21223_WQMMSN,209,,FALSE,Peru,hyo,,,FALSE,,,,,,
WQMMSN_2000_HYO_B3C1,,,potato,393371.58,doi_10.21223_WQMMSN,210,,FALSE,Peru,hyo,,,FALSE,,,,,,
WQMMSN_2000_HYO_B3C1,,,potato,393382.44,doi_10.21223_WQMMSN,211,,FALSE,Peru,hyo,,,FALSE,,,,,,
WQMMSN_2000_HYO_B3C1,,,potato,393385.39,doi_10.21223_WQMMSN,212,,FALSE,Peru,hyo,,,FALSE,,,,,,
WQMMSN_2000_HYO_B3C1,,,potato,393385.47,doi_10.21223_WQMMSN,213,,FALSE,Peru,hyo,,,FALSE,,,,,,
WQMMSN_2000_OXA_B3C1,,,potato,391002.15,doi_10.21223_WQMMSN,214,,FALSE,Peru,oxa,,,FALSE,,,,,,
WQMMSN_2000_OXA_B3C1,,,potato,391002.6,doi_10.21223_WQMMSN,215,,FALSE,Peru,oxa,,,FALSE,,,,,,
WQMMSN_2000_OXA_B3C1,,,potato,391004.1,doi_10.21223_WQMMSN,216,,FALSE,Peru,oxa,,,FALSE,,,,,,
WQMMSN_2000_OXA_B3C1,,,potato,391004.15,doi_10.21223_WQMMSN,217,,FALSE,Peru,oxa,,,FALSE,,,,,,
WQMMSN_2000_OXA_B3C1,,,potato,391004.18,doi_10.21223_WQMMSN,218,,FALSE,Peru,oxa,,,FALSE,,,,,,
WQMMSN_2000_OXA_B3C1,,,potato,391004.4,doi_10.21223_WQMMSN,219,,FALSE,Peru,oxa,,,FALSE,,,,,,
WQMMSN_2000_OXA_B3C1,,,potato,391011.17,doi_10.21223_WQMMSN,220,,FALSE,Peru,oxa,,,FALSE,,,,,,
WQMMSN_2000_OXA_B3C1,,,potato,391013.1,doi_10.21223_WQMMSN,221,,FALSE,Peru,oxa,,,FALSE,,,,,,
WQMMSN_2000_OXA_B3C1,,,potato,391046.14,doi_10.21223_WQMMSN,222,,FALSE,Peru,oxa,,,FALSE,,,,,,
WQMMSN_2000_OXA_B3C1,,,potato,391046.27,doi_10.21223_WQMMSN,223,,FALSE,Peru,oxa,,,FALSE,,,,,,
WQMMSN_2000_OXA_B3C1,,,potato,391047.2,doi_10.21223_WQMMSN,224,,FALSE,Peru,oxa,,,FALSE,,,,,,
WQMMSN_2000_OXA_B3C1,,,potato,391047.28,doi_10.21223_WQMMSN,225,,FALSE,Peru,oxa,,,FALSE,,,,,,
WQMMSN_2000_OXA_B3C1,,,potato,391047.34,doi_10.21223_WQMMSN,226,,FALSE,Peru,oxa,,,FALSE,,,,,,
WQMMSN_2000_OXA_B3C1,,,potato,391047.6,doi_10.21223_WQMMSN,227,,FALSE,Peru,oxa,,,FALSE,,,,,,
WQMMSN_2000_OXA_B3C1,,,potato,391058.17499999999,doi_10.21223_WQMMSN,228,,FALSE,Peru,oxa,,,FALSE,,,,,,
WQMMSN_2000_OXA_B3C1,,,potato,391065.69,doi_10.21223_WQMMSN,229,,FALSE,Peru,oxa,,,FALSE,,,,,,
WQMMSN_2000_OXA_B3C1,,,potato,391065.81,doi_10.21223_WQMMSN,230,,FALSE,Peru,oxa,,,FALSE,,,,,,
WQMMSN_2000_OXA_B3C1,,,potato,391125.2,doi_10.21223_WQMMSN,231,,FALSE,Peru,oxa,,,FALSE,,,,,,
WQMMSN_2000_OXA_B3C1,,,potato,391580.3,doi_10.21223_WQMMSN,232,,FALSE,Peru,oxa,,,FALSE,,,,,,
WQMMSN_2000_OXA_B3C1,,,potato,391583.25,doi_10.21223_WQMMSN,233,,FALSE,Peru,oxa,,,FALSE,,,,,,
WQMMSN_2000_OXA_B3C1,,,potato,391583.3,doi_10.21223_WQMMSN,234,,FALSE,Peru,oxa,,,FALSE,,,,,,
WQMMSN_2000_OXA_B3C1,,,potato,391585.16700000002,doi_10.21223_WQMMSN,235,,FALSE,Peru,oxa,,,FALSE,,,,,,
WQMMSN_2000_OXA_B3C1,,,potato,391585.179,doi_10.21223_WQMMSN,236,,FALSE,Peru,oxa,,,FALSE,,,,,,
WQMMSN_2000_OXA_B3C1,,,potato,391585.5,doi_10.21223_WQMMSN,237,,FALSE,Peru,oxa,,,FALSE,,,,,,
WQMMSN_2000_OXA_B3C1,,,potato,391586.12,doi_10.21223_WQMMSN,238,,FALSE,Peru,oxa,,,FALSE,,,,,,
WQMMSN_2000_OXA_B3C1,,,potato,391622.58,doi_10.21223_WQMMSN,239,,FALSE,Peru,oxa,,,FALSE,,,,,,
WQMMSN_2000_OXA_B3C1,,,potato,391679.12,doi_10.21223_WQMMSN,240,,FALSE,Peru,oxa,,,FALSE,,,,,,
WQMMSN_2000_OXA_B3C1,,,potato,391679.9,doi_10.21223_WQMMSN,241,,FALSE,Peru,oxa,,,FALSE,,,,,,
WQMMSN_2000_OXA_B3C1,,,potato,392617.54,doi_10.21223_WQMMSN,242,,FALSE,Peru,oxa,,,FALSE,,,,,,
WQMMSN_2000_OXA_B3C1,,,potato,392622.54,doi_10.21223_WQMMSN,243,,FALSE,Peru,oxa,,,FALSE,,,,,,
WQMMSN_2000_OXA_B3C1,,,potato,392633.1,doi_10.21223_WQMMSN,244,,FALSE,Peru,oxa,,,FALSE,,,,,,
WQMMSN_2000_OXA_B3C1,,,potato,392633.2,doi_10.21223_WQMMSN,245,,FALSE,Peru,oxa,,,FALSE,,,,,,
WQMMSN_2000_OXA_B3C1,,,potato,392633.23,doi_10.21223_WQMMSN,246,,FALSE,Peru,oxa,,,FALSE,,,,,,
WQMMSN_2000_OXA_B3C1,,,potato,392633.54,doi_10.21223_WQMMSN,247,,FALSE,Peru,oxa,,,FALSE,,,,,,
WQMMSN_2000_OXA_B3C1,,,potato,392633.59999999998,doi_10.21223_WQMMSN,248,,FALSE,Peru,oxa,,,FALSE,,,,,,
WQMMSN_2000_OXA_B3C1,,,potato,392633.64,doi_10.21223_WQMMSN,249,,FALSE,Peru,oxa,,,FALSE,,,,,,
WQMMSN_2000_OXA_B3C1,,,potato,392634.49,doi_10.21223_WQMMSN,250,,FALSE,Peru,oxa,,,FALSE,,,,,,
WQMMSN_2000_OXA_B3C1,,,potato,392634.52,doi_10.21223_WQMMSN,251,,FALSE,Peru,oxa,,,FALSE,,,,,,
WQMMSN_2000_OXA_B3C1,,,potato,392637.1,doi_10.21223_WQMMSN,252,,FALSE,Peru,oxa,,,FALSE,,,,,,
WQMMSN_2000_OXA_B3C1,,,potato,392637.27,doi_10.21223_WQMMSN,253,,FALSE,Peru,oxa,,,FALSE,,,,,,
WQMMSN_2000_OXA_B3C1,,,potato,392639.17,doi_10.21223_WQMMSN,254,,FALSE,Peru,oxa,,,FALSE,,,,,,
WQMMSN_2000_OXA_B3C1,,,potato,392639.2,doi_10.21223_WQMMSN,255,,FALSE,Peru,oxa,,,FALSE,,,,,,
WQMMSN_2000_OXA_B3C1,,,potato,392639.31,doi_10.21223_WQMMSN,256,,FALSE,Peru,oxa,,,FALSE,,,,,,
WQMMSN_2000_OXA_B3C1,,,potato,392639.34,doi_10.21223_WQMMSN,257,,FALSE,Peru,oxa,,,FALSE,,,,,,
WQMMSN_2000_OXA_B3C1,,,potato,392639.53,doi_10.21223_WQMMSN,258,,FALSE,Peru,oxa,,,FALSE,,,,,,
WQMMSN_2000_OXA_B3C1,,,potato,392639.8,doi_10.21223_WQMMSN,259,,FALSE,Peru,oxa,,,FALSE,,,,,,
WQMMSN_2000_OXA_B3C1,,,potato,392640.18,doi_10.21223_WQMMSN,260,,FALSE,Peru,oxa,,,FALSE,,,,,,
WQMMSN_2000_OXA_B3C1,,,potato,392640.9,doi_10.21223_WQMMSN,261,,FALSE,Peru,oxa,,,FALSE,,,,,,
WQMMSN_2000_OXA_B3C1,,,potato,392642.2,doi_10.21223_WQMMSN,262,,FALSE,Peru,oxa,,,FALSE,,,,,,
WQMMSN_2000_OXA_B3C1,,,potato,392650.49,doi_10.21223_WQMMSN,263,,FALSE,Peru,oxa,,,FALSE,,,,,,
WQMMSN_2000_OXA_B3C1,,,potato,392650.7,doi_10.21223_WQMMSN,264,,FALSE,Peru,oxa,,,FALSE,,,,,,
WQMMSN_2000_OXA_B3C1,,,potato,392652.79999999999,doi_10.21223_WQMMSN,265,,FALSE,Peru,oxa,,,FALSE,,,,,,
WQMMSN_2000_OXA_B3C1,,,potato,392657.17099999997,doi_10.21223_WQMMSN,266,,FALSE,Peru,oxa,,,FALSE,,,,,,
WQMMSN_2000_OXA_B3C1,,,potato,392657.18,doi_10.21223_WQMMSN,267,,FALSE,Peru,oxa,,,FALSE,,,,,,
WQMMSN_2000_OXA_B3C1,,,potato,392657.8,doi_10.21223_WQMMSN,268,,FALSE,Peru,oxa,,,FALSE,,,,,,
WQMMSN_2000_OXA_B3C1,,,potato,393042.5,doi_10.21223_WQMMSN,269,,FALSE,Peru,oxa,,,FALSE,,,,,,
WQMMSN_2000_OXA_B3C1,,,potato,393072.55,doi_10.21223_WQMMSN,270,,FALSE,Peru,oxa,,,FALSE,,,,,,
WQMMSN_2000_OXA_B3C1,,,potato,393073.179,doi_10.21223_WQMMSN,271,,FALSE,Peru,oxa,,,FALSE,,,,,,
WQMMSN_2000_OXA_B3C1,,,potato,393073.19699999999,doi_10.21223_WQMMSN,272,,FALSE,Peru,oxa,,,FALSE,,,,,,
WQMMSN_2000_OXA_B3C1,,,potato,393074.86,doi_10.21223_WQMMSN,273,,FALSE,Peru,oxa,,,FALSE,,,,,,
WQMMSN_2000_OXA_B3C1,,,potato,393075.54,doi_10.21223_WQMMSN,274,,FALSE,Peru,oxa,,,FALSE,,,,,,
WQMMSN_2000_OXA_B3C1,,,potato,393077.15899999999,doi_10.21223_WQMMSN,275,,FALSE,Peru,oxa,,,FALSE,,,,,,
WQMMSN_2000_OXA_B3C1,,,potato,393077.16200000001,doi_10.21223_WQMMSN,276,,FALSE,Peru,oxa,,,FALSE,,,,,,
WQMMSN_2000_OXA_B3C1,,,potato,393077.51,doi_10.21223_WQMMSN,277,,FALSE,Peru,oxa,,,FALSE,,,,,,
WQMMSN_2000_OXA_B3C1,,,potato,393077.54,doi_10.21223_WQMMSN,278,,FALSE,Peru,oxa,,,FALSE,,,,,,
WQMMSN_2000_OXA_B3C1,,,potato,393079.24,doi_10.21223_WQMMSN,279,,FALSE,Peru,oxa,,,FALSE,,,,,,
WQMMSN_2000_OXA_B3C1,,,potato,393079.4,doi_10.21223_WQMMSN,280,,FALSE,Peru,oxa,,,FALSE,,,,,,
WQMMSN_2000_OXA_B3C1,,,potato,393083.2,doi_10.21223_WQMMSN,281,,FALSE,Peru,oxa,,,FALSE,,,,,,
WQMMSN_2000_OXA_B3C1,,,potato,393084.31,doi_10.21223_WQMMSN,282,,FALSE,Peru,oxa,,,FALSE,,,,,,
WQMMSN_2000_OXA_B3C1,,,potato,393085.5,doi_10.21223_WQMMSN,283,,FALSE,Peru,oxa,,,FALSE,,,,,,
WQMMSN_2000_OXA_B3C1,,,potato,393111.3,doi_10.21223_WQMMSN,284,,FALSE,Peru,oxa,,,FALSE,,,,,,
WQMMSN_2000_OXA_B3C1,,,potato,393220.54,doi_10.21223_WQMMSN,285,,FALSE,Peru,oxa,,,FALSE,,,,,,
WQMMSN_2000_OXA_B3C1,,,potato,393227.66,doi_10.21223_WQMMSN,286,,FALSE,Peru,oxa,,,FALSE,,,,,,
WQMMSN_2000_OXA_B3C1,,,potato,393228.21,doi_10.21223_WQMMSN,287,,FALSE,Peru,oxa,,,FALSE,,,,,,
WQMMSN_2000_OXA_B3C1,,,potato,393228.67,doi_10.21223_WQMMSN,288,,FALSE,Peru,oxa,,,FALSE,,,,,,
WQMMSN_2000_OXA_B3C1,,,potato,393235.97,doi_10.21223_WQMMSN,289,,FALSE,Peru,oxa,,,FALSE,,,,,,
WQMMSN_2000_OXA_B3C1,,,potato,393242.5,doi_10.21223_WQMMSN,290,,FALSE,Peru,oxa,,,FALSE,,,,,,
WQMMSN_2000_OXA_B3C1,,,potato,393243.53,doi_10.21223_WQMMSN,291,,FALSE,Peru,oxa,,,FALSE,,,,,,
WQMMSN_2000_OXA_B3C1,,,potato,393248.52,doi_10.21223_WQMMSN,292,,FALSE,Peru,oxa,,,FALSE,,,,,,
WQMMSN_2000_OXA_B3C1,,,potato,393248.55,doi_10.21223_WQMMSN,293,,FALSE,Peru,oxa,,,FALSE,,,,,,
WQMMSN_2000_OXA_B3C1,,,potato,393280.57,doi_10.21223_WQMMSN,294,,FALSE,Peru,oxa,,,FALSE,,,,,,
WQMMSN_2000_OXA_B3C1,,,potato,393280.64,doi_10.21223_WQMMSN,295,,FALSE,Peru,oxa,,,FALSE,,,,,,
WQMMSN_2000_OXA_B3C1,,,potato,393280.8,doi_10.21223_WQMMSN,296,,FALSE,Peru,oxa,,,FALSE,,,,,,
WQMMSN_2000_OXA_B3C1,,,potato,393280.82,doi_10.21223_WQMMSN,297,,FALSE,Peru,oxa,,,FALSE,,,,,,
WQMMSN_2000_OXA_B3C1,,,potato,393280.83,doi_10.21223_WQMMSN,298,,FALSE,Peru,oxa,,,FALSE,,,,,,
WQMMSN_2000_OXA_B3C1,,,potato,393284.39,doi_10.21223_WQMMSN,299,,FALSE,Peru,oxa,,,FALSE,,,,,,
WQMMSN_2000_OXA_B3C1,,,potato,393339.15500000003,doi_10.21223_WQMMSN,300,,FALSE,Peru,oxa,,,FALSE,,,,,,
WQMMSN_2000_OXA_B3C1,,,potato,393339.24200000003,doi_10.21223_WQMMSN,301,,FALSE,Peru,oxa,,,FALSE,,,,,,
WQMMSN_2000_OXA_B3C1,,,potato,393349.55,doi_10.21223_WQMMSN,302,,FALSE,Peru,oxa,,,FALSE,,,,,,
WQMMSN_2000_OXA_B3C1,,,potato,393349.68,doi_10.21223_WQMMSN,303,,FALSE,Peru,oxa,,,FALSE,,,,,,
WQMMSN_2000_OXA_B3C1,,,potato,393360.64000000001,doi_10.21223_WQMMSN,304,,FALSE,Peru,oxa,,,FALSE,,,,,,
WQMMSN_2000_OXA_B3C1,,,potato,393371.15700000001,doi_10.21223_WQMMSN,305,,FALSE,Peru,oxa,,,FALSE,,,,,,
WQMMSN_2000_OXA_B3C1,,,potato,393371.15899999999,doi_10.21223_WQMMSN,306,,FALSE,Peru,oxa,,,FALSE,,,,,,
WQMMSN_2000_OXA_B3C1,,,potato,393371.16399999999,doi_10.21223_WQMMSN,307,,FALSE,Peru,oxa,,,FALSE,,,,,,
WQMMSN_2000_OXA_B3C1,,,potato,393371.179,doi_10.21223_WQMMSN,308,,FALSE,Peru,oxa,,,FALSE,,,,,,
WQMMSN_2000_OXA_B3C1,,,potato,393371.58,doi_10.21223_WQMMSN,309,,FALSE,Peru,oxa,,,FALSE,,,,,,
WQMMSN_2000_OXA_B3C1,,,potato,393382.44,doi_10.21223_WQMMSN,310,,FALSE,Peru,oxa,,,FALSE,,,,,,
WQMMSN_2000_OXA_B3C1,,,potato,393385.39,doi_10.21223_WQMMSN,311,,FALSE,Peru,oxa,,,FALSE,,,,,,
WQMMSN_2000_OXA_B3C1,,,potato,393385.47,doi_10.21223_WQMMSN,312,,FALSE,Peru,oxa,,,FALSE,,,,,,
WQMMSN_2000_OXA_B3C1,,,potato,393385.57,doi_10.21223_WQMMSN,313,,FALSE,Peru,oxa,,,FALSE,,,,,,
WQMMSN_2000_OXA_B3C1,,,potato,393427.66,doi_10.21223_WQMMSN,314,,FALSE,Peru,oxa,,,FALSE,,,,,,
WQMMSN_2000_OXA_B3C1,,,potato,393438.96,doi_10.21223_WQMMSN,315,,FALSE,Peru,oxa,,,FALSE,,,,,,
WQMMSN_2000_OXA_B3C1,,,potato,393453.19799999997,doi_10.21223_WQMMSN,316,,FALSE,Peru,oxa,,,FALSE,,,,,,
WQMMSN_2001_AYM_B3C1,,,potato,391585.16700000002,doi_10.21223_WQMMSN,317,,FALSE,Peru,aym,,,FALSE,,,,,,
WQMMSN_2001_AYM_B3C1,,,potato,391585.5,doi_10.21223_WQMMSN,318,,FALSE,Peru,aym,,,FALSE,,,,,,
WQMMSN_2001_AYM_B3C1,,,potato,392640.18,doi_10.21223_WQMMSN,319,,FALSE,Peru,aym,,,FALSE,,,,,,
WQMMSN_2001_AYM_B3C1,,,potato,392650.12,doi_10.21223_WQMMSN,320,,FALSE,Peru,aym,,,FALSE,,,,,,
WQMMSN_2001_AYM_B3C1,,,potato,392650.49,doi_10.21223_WQMMSN,321,,FALSE,Peru,aym,,,FALSE,,,,,,
WQMMSN_2001_AYM_B3C1,,,potato,392657.17099999997,doi_10.21223_WQMMSN,322,,FALSE,Peru,aym,,,FALSE,,,,,,
WQMMSN_2001_AYM_B3C1,,,potato,392657.8,doi_10.21223_WQMMSN,323,,FALSE,Peru,aym,,,FALSE,,,,,,
WQMMSN_2001_AYM_B3C1,,,potato,393074.86,doi_10.21223_WQMMSN,324,,FALSE,Peru,aym,,,FALSE,,,,,,
WQMMSN_2001_AYM_B3C1,,,potato,393075.74,doi_10.21223_WQMMSN,325,,FALSE,Peru,aym,,,FALSE,,,,,,
WQMMSN_2001_AYM_B3C1,,,potato,393077.15899999999,doi_10.21223_WQMMSN,326,,FALSE,Peru,aym,,,FALSE,,,,,,
WQMMSN_2001_AYM_B3C1,,,potato,393077.16200000001,doi_10.21223_WQMMSN,327,,FALSE,Peru,aym,,,FALSE,,,,,,
WQMMSN_2001_AYM_B3C1,,,potato,393077.54,doi_10.21223_WQMMSN,328,,FALSE,Peru,aym,,,FALSE,,,,,,
WQMMSN_2001_AYM_B3C1,,,potato,393079.24,doi_10.21223_WQMMSN,329,,FALSE,Peru,aym,,,FALSE,,,,,,
WQMMSN_2001_AYM_B3C1,,,potato,393079.4,doi_10.21223_WQMMSN,330,,FALSE,Peru,aym,,,FALSE,,,,,,
WQMMSN_2001_AYM_B3C1,,,potato,393083.2,doi_10.21223_WQMMSN,331,,FALSE,Peru,aym,,,FALSE,,,,,,
WQMMSN_2001_AYM_B3C1,,,potato,393085.5,doi_10.21223_WQMMSN,332,,FALSE,Peru,aym,,,FALSE,,,,,,
WQMMSN_2001_AYM_B3C1,,,potato,393220.54,doi_10.21223_WQMMSN,333,,FALSE,Peru,aym,,,FALSE,,,,,,
WQMMSN_2001_AYM_B3C1,,,potato,393228.67,doi_10.21223_WQMMSN,334,,FALSE,Peru,aym,,,FALSE,,,,,,
WQMMSN_2001_AYM_B3C1,,,potato,393280.64,doi_10.21223_WQMMSN,335,,FALSE,Peru,aym,,,FALSE,,,,,,
WQMMSN_2001_AYM_B3C1,,,potato,393280.82,doi_10.21223_WQMMSN,336,,FALSE,Peru,aym,,,FALSE,,,,,,
WQMMSN_2001_AYM_B3C1,,,potato,393280.83,doi_10.21223_WQMMSN,337,,FALSE,Peru,aym,,,FALSE,,,,,,
WQMMSN_2001_AYM_B3C1,,,potato,393284.39,doi_10.21223_WQMMSN,338,,FALSE,Peru,aym,,,FALSE,,,,,,
WQMMSN_2001_AYM_B3C1,,,potato,393339.24200000003,doi_10.21223_WQMMSN,339,,FALSE,Peru,aym,,,FALSE,,,,,,
WQMMSN_2001_AYM_B3C1,,,potato,393382.44,doi_10.21223_WQMMSN,340,,FALSE,Peru,aym,,,FALSE,,,,,,
WQMMSN_2001_AYM_B3C1,,,potato,393385.39,doi_10.21223_WQMMSN,341,,FALSE,Peru,aym,,,FALSE,,,,,,
WQMMSN_2001_AYM_B3C1,,,potato,393385.47,doi_10.21223_WQMMSN,342,,FALSE,Peru,aym,,,FALSE,,,,,,
WQMMSN_2001_AYM_B3C1,,,potato,393385.57,doi_10.21223_WQMMSN,343,,FALSE,Peru,aym,,,FALSE,,,,,,
WQMMSN_2001_AYM_B3C1,,,potato,393453.19799999997,doi_10.21223_WQMMSN,344,,FALSE,Peru,aym,,,FALSE,,,,,,
WQMMSN_2001_CAJ_B3C1,,,potato,393371.58,doi_10.21223_WQMMSN,345,,FALSE,Peru,caj,,,FALSE,,,,,,
WQMMSN_2001_COM_B3C1,,,potato,391002.6,doi_10.21223_WQMMSN,346,,FALSE,Peru,com,,,FALSE,,,,,,
WQMMSN_2001_COM_B3C1,,,potato,391004.18,doi_10.21223_WQMMSN,347,,FALSE,Peru,com,,,FALSE,,,,,,
WQMMSN_2001_COM_B3C1,,,potato,391011.17,doi_10.21223_WQMMSN,348,,FALSE,Peru,com,,,FALSE,,,,,,
WQMMSN_2001_COM_B3C1,,,potato,391046.14,doi_10.21223_WQMMSN,349,,FALSE,Peru,com,,,FALSE,,,,,,
WQMMSN_2001_COM_B3C1,,,potato,391047.34,doi_10.21223_WQMMSN,350,,FALSE,Peru,com,,,FALSE,,,,,,
WQMMSN_2001_COM_B3C1,,,potato,391058.17499999999,doi_10.21223_WQMMSN,351,,FALSE,Peru,com,,,FALSE,,,,,,
WQMMSN_2001_COM_B3C1,,,potato,391065.69,doi_10.21223_WQMMSN,352,,FALSE,Peru,com,,,FALSE,,,,,,
WQMMSN_2001_COM_B3C1,,,potato,391065.81,doi_10.21223_WQMMSN,353,,FALSE,Peru,com,,,FALSE,,,,,,
WQMMSN_2001_COM_B3C1,,,potato,391580.3,doi_10.21223_WQMMSN,354,,FALSE,Peru,com,,,FALSE,,,,,,
WQMMSN_2001_COM_B3C1,,,potato,391583.25,doi_10.21223_WQMMSN,355,,FALSE,Peru,com,,,FALSE,,,,,,
WQMMSN_2001_COM_B3C1,,,potato,391585.16700000002,doi_10.21223_WQMMSN,356,,FALSE,Peru,com,,,FALSE,,,,,,
WQMMSN_2001_COM_B3C1,,,potato,391585.179,doi_10.21223_WQMMSN,357,,FALSE,Peru,com,,,FALSE,,,,,,
WQMMSN_2001_COM_B3C1,,,potato,391585.5,doi_10.21223_WQMMSN,358,,FALSE,Peru,com,,,FALSE,,,,,,
WQMMSN_2001_COM_B3C1,,,potato,392617.54,doi_10.21223_WQMMSN,359,,FALSE,Peru,com,,,FALSE,,,,,,
WQMMSN_2001_COM_B3C1,,,potato,392633.54,doi_10.21223_WQMMSN,360,,FALSE,Peru,com,,,FALSE,,,,,,
WQMMSN_2001_COM_B3C1,,,potato,392633.64,doi_10.21223_WQMMSN,361,,FALSE,Peru,com,,,FALSE,,,,,,
WQMMSN_2001_COM_B3C1,,,potato,392634.49,doi_10.21223_WQMMSN,362,,FALSE,Peru,com,,,FALSE,,,,,,
WQMMSN_2001_COM_B3C1,,,potato,392634.52,doi_10.21223_WQMMSN,363,,FALSE,Peru,com,,,FALSE,,,,,,
WQMMSN_2001_COM_B3C1,,,potato,392637.1,doi_10.21223_WQMMSN,364,,FALSE,Peru,com,,,FALSE,,,,,,
WQMMSN_2001_COM_B3C1,,,potato,392637.27,doi_10.21223_WQMMSN,365,,FALSE,Peru,com,,,FALSE,,,,,,
WQMMSN_2001_COM_B3C1,,,potato,392639.31,doi_10.21223_WQMMSN,366,,FALSE,Peru,com,,,FALSE,,,,,,
WQMMSN_2001_COM_B3C1,,,potato,392639.34,doi_10.21223_WQMMSN,367,,FALSE,Peru,com,,,FALSE,,,,,,
WQMMSN_2001_COM_B3C1,,,potato,392640.18,doi_10.21223_WQMMSN,368,,FALSE,Peru,com,,,FALSE,,,,,,
WQMMSN_2001_COM_B3C1,,,potato,392650.12,doi_10.21223_WQMMSN,369,,FALSE,Peru,com,,,FALSE,,,,,,
WQMMSN_2001_COM_B3C1,,,potato,392650.49,doi_10.21223_WQMMSN,370,,FALSE,Peru,com,,,FALSE,,,,,,
WQMMSN_2001_COM_B3C1,,,potato,392657.17099999997,doi_10.21223_WQMMSN,371,,FALSE,Peru,com,,,FALSE,,,,,,
WQMMSN_2001_COM_B3C1,,,potato,392657.8,doi_10.21223_WQMMSN,372,,FALSE,Peru,com,,,FALSE,,,,,,
WQMMSN_2001_COM_B3C1,,,potato,393072.55,doi_10.21223_WQMMSN,373,,FALSE,Peru,com,,,FALSE,,,,,,
WQMMSN_2001_COM_B3C1,,,potato,393073.179,doi_10.21223_WQMMSN,374,,FALSE,Peru,com,,,FALSE,,,,,,
WQMMSN_2001_COM_B3C1,,,potato,393073.19699999999,doi_10.21223_WQMMSN,375,,FALSE,Peru,com,,,FALSE,,,,,,
WQMMSN_2001_COM_B3C1,,,potato,393074.86,doi_10.21223_WQMMSN,376,,FALSE,Peru,com,,,FALSE,,,,,,
WQMMSN_2001_COM_B3C1,,,potato,393075.54,doi_10.21223_WQMMSN,377,,FALSE,Peru,com,,,FALSE,,,,,,
WQMMSN_2001_COM_B3C1,,,potato,393077.16200000001,doi_10.21223_WQMMSN,378,,FALSE,Peru,com,,,FALSE,,,,,,
WQMMSN_2001_COM_B3C1,,,potato,393077.54,doi_10.21223_WQMMSN,379,,FALSE,Peru,com,,,FALSE,,,,,,
WQMMSN_2001_COM_B3C1,,,potato,393079.24,doi_10.21223_WQMMSN,380,,FALSE,Peru,com,,,FALSE,,,,,,
WQMMSN_2001_COM_B3C1,,,potato,393079.4,doi_10.21223_WQMMSN,381,,FALSE,Peru,com,,,FALSE,,,,,,
WQMMSN_2001_COM_B3C1,,,potato,393083.2,doi_10.21223_WQMMSN,382,,FALSE,Peru,com,,,FALSE,,,,,,
WQMMSN_2001_COM_B3C1,,,potato,393084.31,doi_10.21223_WQMMSN,383,,FALSE,Peru,com,,,FALSE,,,,,,
WQMMSN_2001_COM_B3C1,,,potato,393085.5,doi_10.21223_WQMMSN,384,,FALSE,Peru,com,,,FALSE,,,,,,
WQMMSN_2001_COM_B3C1,,,potato,393111.3,doi_10.21223_WQMMSN,385,,FALSE,Peru,com,,,FALSE,,,,,,
WQMMSN_2001_COM_B3C1,,,potato,393220.54,doi_10.21223_WQMMSN,386,,FALSE,Peru,com,,,FALSE,,,,,,
WQMMSN_2001_COM_B3C1,,,potato,393227.66,doi_10.21223_WQMMSN,387,,FALSE,Peru,com,,,FALSE,,,,,,
WQMMSN_2001_COM_B3C1,,,potato,393228.67,doi_10.21223_WQMMSN,388,,FALSE,Peru,com,,,FALSE,,,,,,
WQMMSN_2001_COM_B3C1,,,potato,393235.97,doi_10.21223_WQMMSN,389,,FALSE,Peru,com,,,FALSE,,,,,,
WQMMSN_2001_COM_B3C1,,,potato,393242.5,doi_10.21223_WQMMSN,390,,FALSE,Peru,com,,,FALSE,,,,,,
WQMMSN_2001_COM_B3C1,,,potato,393248.55,doi_10.21223_WQMMSN,391,,FALSE,Peru,com,,,FALSE,,,,,,
WQMMSN_2001_COM_B3C1,,,potato,393280.57,doi_10.21223_WQMMSN,392,,FALSE,Peru,com,,,FALSE,,,,,,
WQMMSN_2001_COM_B3C1,,,potato,393280.64,doi_10.21223_WQMMSN,393,,FALSE,Peru,com,,,FALSE,,,,,,
WQMMSN_2001_COM_B3C1,,,potato,393280.82,doi_10.21223_WQMMSN,394,,FALSE,Peru,com,,,FALSE,,,,,,
WQMMSN_2001_COM_B3C1,,,potato,393280.83,doi_10.21223_WQMMSN,395,,FALSE,Peru,com,,,FALSE,,,,,,
WQMMSN_2001_COM_B3C1,,,potato,393284.39,doi_10.21223_WQMMSN,396,,FALSE,Peru,com,,,FALSE,,,,,,
WQMMSN_2001_COM_B3C1,,,potato,393339.24200000003,doi_10.21223_WQMMSN,397,,FALSE,Peru,com,,,FALSE,,,,,,
WQMMSN_2001_COM_B3C1,,,potato,393371.15700000001,doi_10.21223_WQMMSN,398,,FALSE,Peru,com,,,FALSE,,,,,,
WQMMSN_2001_COM_B3C1,,,potato,393371.15899999999,doi_10.21223_WQMMSN,399,,FALSE,Peru,com,,,FALSE,,,,,,
WQMMSN_2001_COM_B3C1,,,potato,393371.16399999999,doi_10.21223_WQMMSN,400,,FALSE,Peru,com,,,FALSE,,,,,,
WQMMSN_2001_COM_B3C1,,,potato,393371.58,doi_10.21223_WQMMSN,401,,FALSE,Peru,com,,,FALSE,,,,,,
WQMMSN_2001_COM_B3C1,,,potato,393382.44,doi_10.21223_WQMMSN,402,,FALSE,Peru,com,,,FALSE,,,,,,
WQMMSN_2001_COM_B3C1,,,potato,393385.39,doi_10.21223_WQMMSN,403,,FALSE,Peru,com,,,FALSE,,,,,,
WQMMSN_2001_COM_B3C1,,,potato,393385.47,doi_10.21223_WQMMSN,404,,FALSE,Peru,com,,,FALSE,,,,,,
WQMMSN_2001_COM_B3C1,,,potato,393385.57,doi_10.21223_WQMMSN,405,,FALSE,Peru,com,,,FALSE,,,,,,
WQMMSN_2001_COM_B3C1,,,potato,393453.19799999997,doi_10.21223_WQMMSN,406,,FALSE,Peru,com,,,FALSE,,,,,,
WQMMSN_2001_HCO_B3C1,,,potato,391686.15,doi_10.21223_WQMMSN,407,,FALSE,Peru,hco,,,FALSE,,,,,,
WQMMSN_2001_HCO_B3C1,,,potato,393053.6,doi_10.21223_WQMMSN,408,,FALSE,Peru,hco,,,FALSE,,,,,,
WQMMSN_2001_HCO_B3C1,,,potato,393083.2,doi_10.21223_WQMMSN,409,,FALSE,Peru,hco,,,FALSE,,,,,,
WQMMSN_2001_HCO_B3C1,,,potato,393339.24200000003,doi_10.21223_WQMMSN,410,,FALSE,Peru,hco,,,FALSE,,,,,,
WQMMSN_2001_HCO_B3C1,,,potato,393401.55,doi_10.21223_WQMMSN,411,,FALSE,Peru,hco,,,FALSE,,,,,,
WQMMSN_2001_HCO_B3C1,,,potato,393438.18,doi_10.21223_WQMMSN,412,,FALSE,Peru,hco,,,FALSE,,,,,,
WQMMSN_2001_HRL_B3C1,,,potato,391011.17,doi_10.21223_WQMMSN,413,,FALSE,Peru,hrl,,,FALSE,,,,,,
WQMMSN_2001_HRL_B3C1,,,potato,391046.14,doi_10.21223_WQMMSN,414,,FALSE,Peru,hrl,,,FALSE,,,,,,
WQMMSN_2001_HRL_B3C1,,,potato,391047.34,doi_10.21223_WQMMSN,415,,FALSE,Peru,hrl,,,FALSE,,,,,,
WQMMSN_2001_HRL_B3C1,,,potato,391058.17499999999,doi_10.21223_WQMMSN,416,,FALSE,Peru,hrl,,,FALSE,,,,,,
WQMMSN_2001_HRL_B3C1,,,potato,391065.69,doi_10.21223_WQMMSN,417,,FALSE,Peru,hrl,,,FALSE,,,,,,
WQMMSN_2001_HRL_B3C1,,,potato,391065.81,doi_10.21223_WQMMSN,418,,FALSE,Peru,hrl,,,FALSE,,,,,,
WQMMSN_2001_HRL_B3C1,,,potato,391580.3,doi_10.21223_WQMMSN,419,,FALSE,Peru,hrl,,,FALSE,,,,,,
WQMMSN_2001_HRL_B3C1,,,potato,391583.25,doi_10.21223_WQMMSN,420,,FALSE,Peru,hrl,,,FALSE,,,,,,
WQMMSN_2001_HRL_B3C1,,,potato,391585.16700000002,doi_10.21223_WQMMSN,421,,FALSE,Peru,hrl,,,FALSE,,,,,,
WQMMSN_2001_HRL_B3C1,,,potato,391585.179,doi_10.21223_WQMMSN,422,,FALSE,Peru,hrl,,,FALSE,,,,,,
WQMMSN_2001_HRL_B3C1,,,potato,391585.5,doi_10.21223_WQMMSN,423,,FALSE,Peru,hrl,,,FALSE,,,,,,
WQMMSN_2001_HRL_B3C1,,,potato,392617.54,doi_10.21223_WQMMSN,424,,FALSE,Peru,hrl,,,FALSE,,,,,,
WQMMSN_2001_HRL_B3C1,,,potato,392633.54,doi_10.21223_WQMMSN,425,,FALSE,Peru,hrl,,,FALSE,,,,,,
WQMMSN_2001_HRL_B3C1,,,potato,392633.64,doi_10.21223_WQMMSN,426,,FALSE,Peru,hrl,,,FALSE,,,,,,
WQMMSN_2001_HRL_B3C1,,,potato,392634.49,doi_10.21223_WQMMSN,427,,FALSE,Peru,hrl,,,FALSE,,,,,,
WQMMSN_2001_HRL_B3C1,,,potato,392634.52,doi_10.21223_WQMMSN,428,,FALSE,Peru,hrl,,,FALSE,,,,,,
WQMMSN_2001_HRL_B3C1,,,potato,392637.1,doi_10.21223_WQMMSN,429,,FALSE,Peru,hrl,,,FALSE,,,,,,
WQMMSN_2001_HRL_B3C1,,,potato,392637.27,doi_10.21223_WQMMSN,430,,FALSE,Peru,hrl,,,FALSE,,,,,,
WQMMSN_2001_HRL_B3C1,,,potato,392639.34,doi_10.21223_WQMMSN,431,,FALSE,Peru,hrl,,,FALSE,,,,,,
WQMMSN_2001_HRL_B3C1,,,potato,392640.18,doi_10.21223_WQMMSN,432,,FALSE,Peru,hrl,,,FALSE,,,,,,
WQMMSN_2001_HRL_B3C1,,,potato,392650.12,doi_10.21223_WQMMSN,433,,FALSE,Peru,hrl,,,FALSE,,,,,,
WQMMSN_2001_HRL_B3C1,,,potato,392650.49,doi_10.21223_WQMMSN,434,,FALSE,Peru,hrl,,,FALSE,,,,,,
WQMMSN_2001_HRL_B3C1,,,potato,392657.17099999997,doi_10.21223_WQMMSN,435,,FALSE,Peru,hrl,,,FALSE,,,,,,
WQMMSN_2001_HRL_B3C1,,,potato,392657.8,doi_10.21223_WQMMSN,436,,FALSE,Peru,hrl,,,FALSE,,,,,,
WQMMSN_2001_HRL_B3C1,,,potato,393072.55,doi_10.21223_WQMMSN,437,,FALSE,Peru,hrl,,,FALSE,,,,,,
WQMMSN_2001_HRL_B3C1,,,potato,393073.179,doi_10.21223_WQMMSN,438,,FALSE,Peru,hrl,,,FALSE,,,,,,
WQMMSN_2001_HRL_B3C1,,,potato,393073.19699999999,doi_10.21223_WQMMSN,439,,FALSE,Peru,hrl,,,FALSE,,,,,,
WQMMSN_2001_HRL_B3C1,,,potato,393074.86,doi_10.21223_WQMMSN,440,,FALSE,Peru,hrl,,,FALSE,,,,,,
WQMMSN_2001_HRL_B3C1,,,potato,393077.16200000001,doi_10.21223_WQMMSN,441,,FALSE,Peru,hrl,,,FALSE,,,,,,
WQMMSN_2001_HRL_B3C1,,,potato,393077.54,doi_10.21223_WQMMSN,442,,FALSE,Peru,hrl,,,FALSE,,,,,,
WQMMSN_2001_HRL_B3C1,,,potato,393079.24,doi_10.21223_WQMMSN,443,,FALSE,Peru,hrl,,,FALSE,,,,,,
WQMMSN_2001_HRL_B3C1,,,potato,393079.4,doi_10.21223_WQMMSN,444,,FALSE,Peru,hrl,,,FALSE,,,,,,
WQMMSN_2001_HRL_B3C1,,,potato,393083.2,doi_10.21223_WQMMSN,445,,FALSE,Peru,hrl,,,FALSE,,,,,,
WQMMSN_2001_HRL_B3C1,,,potato,393084.31,doi_10.21223_WQMMSN,446,,FALSE,Peru,hrl,,,FALSE,,,,,,
WQMMSN_2001_HRL_B3C1,,,potato,393085.5,doi_10.21223_WQMMSN,447,,FALSE,Peru,hrl,,,FALSE,,,,,,
WQMMSN_2001_HRL_B3C1,,,potato,393111.3,doi_10.21223_WQMMSN,448,,FALSE,Peru,hrl,,,FALSE,,,,,,
WQMMSN_2001_HRL_B3C1,,,potato,393220.54,doi_10.21223_WQMMSN,449,,FALSE,Peru,hrl,,,FALSE,,,,,,
WQMMSN_2001_HRL_B3C1,,,potato,393227.66,doi_10.21223_WQMMSN,450,,FALSE,Peru,hrl,,,FALSE,,,,,,
WQMMSN_2001_HRL_B3C1,,,potato,393228.67,doi_10.21223_WQMMSN,451,,FALSE,Peru,hrl,,,FALSE,,,,,,
WQMMSN_2001_HRL_B3C1,,,potato,393235.97,doi_10.21223_WQMMSN,452,,FALSE,Peru,hrl,,,FALSE,,,,,,
WQMMSN_2001_HRL_B3C1,,,potato,393242.5,doi_10.21223_WQMMSN,453,,FALSE,Peru,hrl,,,FALSE,,,,,,
WQMMSN_2001_HRL_B3C1,,,potato,393248.55,doi_10.21223_WQMMSN,454,,FALSE,Peru,hrl,,,FALSE,,,,,,
WQMMSN_2001_HRL_B3C1,,,potato,393280.57,doi_10.21223_WQMMSN,455,,FALSE,Peru,hrl,,,FALSE,,,,,,
WQMMSN_2001_HRL_B3C1,,,potato,393280.82,doi_10.21223_WQMMSN,456,,FALSE,Peru,hrl,,,FALSE,,,,,,
WQMMSN_2001_HRL_B3C1,,,potato,393280.83,doi_10.21223_WQMMSN,457,,FALSE,Peru,hrl,,,FALSE,,,,,,
WQMMSN_2001_HRL_B3C1,,,potato,393284.39,doi_10.21223_WQMMSN,458,,FALSE,Peru,hrl,,,FALSE,,,,,,
WQMMSN_2001_HRL_B3C1,,,potato,393339.24200000003,doi_10.21223_WQMMSN,459,,FALSE,Peru,hrl,,,FALSE,,,,,,
WQMMSN_2001_HRL_B3C1,,,potato,393349.68,doi_10.21223_WQMMSN,460,,FALSE,Peru,hrl,,,FALSE,,,,,,
WQMMSN_2001_HRL_B3C1,,,potato,393371.15700000001,doi_10.21223_WQMMSN,461,,FALSE,Peru,hrl,,,FALSE,,,,,,
WQMMSN_2001_HRL_B3C1,,,potato,393371.16399999999,doi_10.21223_WQMMSN,462,,FALSE,Peru,hrl,,,FALSE,,,,,,
WQMMSN_2001_HRL_B3C1,,,potato,393371.58,doi_10.21223_WQMMSN,463,,FALSE,Peru,hrl,,,FALSE,,,,,,
WQMMSN_2001_HRL_B3C1,,,potato,393382.44,doi_10.21223_WQMMSN,464,,FALSE,Peru,hrl,,,FALSE,,,,,,
WQMMSN_2001_HRL_B3C1,,,potato,393385.39,doi_10.21223_WQMMSN,465,,FALSE,Peru,hrl,,,FALSE,,,,,,
WQMMSN_2001_HRL_B3C1,,,potato,393385.47,doi_10.21223_WQMMSN,466,,FALSE,Peru,hrl,,,FALSE,,,,,,
WQMMSN_2001_HRL_B3C1,,,potato,393385.57,doi_10.21223_WQMMSN,467,,FALSE,Peru,hrl,,,FALSE,,,,,,
WQMMSN_2001_HRL_B3C1,,,potato,393453.19799999997,doi_10.21223_WQMMSN,468,,FALSE,Peru,hrl,,,FALSE,,,,,,
WQMMSN_2001_OXA_B3C1,,,potato,391004.18,doi_10.21223_WQMMSN,469,,FALSE,Peru,oxa,,,FALSE,,,,,,
WQMMSN_2001_OXA_B3C1,,,potato,391011.17,doi_10.21223_WQMMSN,470,,FALSE,Peru,oxa,,,FALSE,,,,,,
WQMMSN_2001_OXA_B3C1,,,potato,391047.34,doi_10.21223_WQMMSN,471,,FALSE,Peru,oxa,,,FALSE,,,,,,
WQMMSN_2001_OXA_B3C1,,,potato,391058.17499999999,doi_10.21223_WQMMSN,472,,FALSE,Peru,oxa,,,FALSE,,,,,,
WQMMSN_2001_OXA_B3C1,,,potato,391065.81,doi_10.21223_WQMMSN,473,,FALSE,Peru,oxa,,,FALSE,,,,,,
WQMMSN_2001_OXA_B3C1,,,potato,391580.3,doi_10.21223_WQMMSN,474,,FALSE,Peru,oxa,,,FALSE,,,,,,
WQMMSN_2001_OXA_B3C1,,,potato,392617.54,doi_10.21223_WQMMSN,475,,FALSE,Peru,oxa,,,FALSE,,,,,,
WQMMSN_2001_OXA_B3C1,,,potato,392634.49,doi_10.21223_WQMMSN,476,,FALSE,Peru,oxa,,,FALSE,,,,,,
WQMMSN_2001_OXA_B3C1,,,potato,392637.1,doi_10.21223_WQMMSN,477,,FALSE,Peru,oxa,,,FALSE,,,,,,
WQMMSN_2001_OXA_B3C1,,,potato,392639.34,doi_10.21223_WQMMSN,478,,FALSE,Peru,oxa,,,FALSE,,,,,,
WQMMSN_2001_OXA_B3C1,,,potato,393077.54,doi_10.21223_WQMMSN,479,,FALSE,Peru,oxa,,,FALSE,,,,,,
WQMMSN_2001_OXA_B3C1,,,potato,393079.24,doi_10.21223_WQMMSN,480,,FALSE,Peru,oxa,,,FALSE,,,,,,
WQMMSN_2001_OXA_B3C1,,,potato,393079.4,doi_10.21223_WQMMSN,481,,FALSE,Peru,oxa,,,FALSE,,,,,,
WQMMSN_2001_OXA_B3C1,,,potato,393085.5,doi_10.21223_WQMMSN,482,,FALSE,Peru,oxa,,,FALSE,,,,,,
WQMMSN_2001_OXA_B3C1,,,potato,393248.55,doi_10.21223_WQMMSN,483,,FALSE,Peru,oxa,,,FALSE,,,,,,
WQMMSN_2001_OXA_B3C1,,,potato,393280.57,doi_10.21223_WQMMSN,484,,FALSE,Peru,oxa,,,FALSE,,,,,,
WQMMSN_2001_OXA_B3C1,,,potato,393339.24200000003,doi_10.21223_WQMMSN,485,,FALSE,Peru,oxa,,,FALSE,,,,,,
WQMMSN_2001_OXA_B3C1,,,potato,393371.15700000001,doi_10.21223_WQMMSN,486,,FALSE,Peru,oxa,,,FALSE,,,,,,
WQMMSN_2001_OXA_B3C1,,,potato,393371.58,doi_10.21223_WQMMSN,487,,FALSE,Peru,oxa,,,FALSE,,,,,,
WQMMSN_2001_OXA_B3C1,,,potato,393385.39,doi_10.21223_WQMMSN,488,,FALSE,Peru,oxa,,,FALSE,,,,,,
WQMMSN_2001_OXA_B3C1,,,potato,393385.47,doi_10.21223_WQMMSN,489,,FALSE,Peru,oxa,,,FALSE,,,,,,
WQMMSN_2001_OXA_B3C1,,,potato,393453.19799999997,doi_10.21223_WQMMSN,490,,FALSE,Peru,oxa,,,FALSE,,,,,,
WQMMSN_2002_CAJ_B3C1,,,potato,393042.5,doi_10.21223_WQMMSN,491,,FALSE,Peru,caj,,,FALSE,,,,,,
WQMMSN_2002_CAJ_B3C1,,,potato,393339.24200000003,doi_10.21223_WQMMSN,492,,FALSE,Peru,caj,,,FALSE,,,,,,
WQMMSN_2002_CAJ_B3C1,,,potato,393371.58,doi_10.21223_WQMMSN,493,,FALSE,Peru,caj,,,FALSE,,,,,,
WQMMSN_2002_CHAGLLA - HCO_B3C1,,,potato,393083.2,doi_10.21223_WQMMSN,494,,FALSE,Peru,chaglla - hco,,,FALSE,,,,,,
WQMMSN_2002_CHAGLLA - HCO_B3C1,,,potato,393401.55,doi_10.21223_WQMMSN,495,,FALSE,Peru,chaglla - hco,,,FALSE,,,,,,
WQMMSN_2002_CHAGLLA - HCO_B3C1,,,potato,393438.18,doi_10.21223_WQMMSN,496,,FALSE,Peru,chaglla - hco,,,FALSE,,,,,,
WQMMSN_2002_COCHACALLA-HCO_B3C1,,,potato,392633.1,doi_10.21223_WQMMSN,497,,FALSE,Peru,cochacalla-hco,,,FALSE,,,,,,
WQMMSN_2002_HRL_B3C1,,,potato,391002.6,doi_10.21223_WQMMSN,498,,FALSE,Peru,hrl,,,FALSE,,,,,,
WQMMSN_2002_HRL_B3C1,,,potato,391004.18,doi_10.21223_WQMMSN,499,,FALSE,Peru,hrl,,,FALSE,,,,,,
WQMMSN_2002_HRL_B3C1,,,potato,392633.1,doi_10.21223_WQMMSN,500,,FALSE,Peru,hrl,,,FALSE,,,,,,
WQMMSN_2002_HRL_B3C1,,,potato,393075.54,doi_10.21223_WQMMSN,501,,FALSE,Peru,hrl,,,FALSE,,,,,,
WQMMSN_2002_HRL_B3C1,,,potato,393077.15899999999,doi_10.21223_WQMMSN,502,,FALSE,Peru,hrl,,,FALSE,,,,,,
WQMMSN_2002_HRL_B3C1,,,potato,393280.64,doi_10.21223_WQMMSN,503,,FALSE,Peru,hrl,,,FALSE,,,,,,
WQMMSN_2002_HRL_B3C1,,,potato,393371.15899999999,doi_10.21223_WQMMSN,504,,FALSE,Peru,hrl,,,FALSE,,,,,,
WQMMSN_2002_HRL_B3C1,,,potato,Amarilis,doi_10.21223_WQMMSN,505,,FALSE,Peru,hrl,,,FALSE,,,,,,
WQMMSN_2002_HRL_B3C1,,,potato,Canchan,doi_10.21223_WQMMSN,506,,FALSE,Peru,hrl,,,FALSE,,,,,,
WQMMSN_2002_HRL_B3C1,,,potato,Capiro,doi_10.21223_WQMMSN,507,,FALSE,Peru,hrl,,,FALSE,,,,,,
WQMMSN_2002_HRL_B3C1,,,potato,Kory,doi_10.21223_WQMMSN,508,,FALSE,Peru,hrl,,,FALSE,,,,,,
WQMMSN_2002_HRL_B3C1,,,potato,T.Condemayta,doi_10.21223_WQMMSN,509,,FALSE,Peru,hrl,,,FALSE,,,,,,
WQMMSN_2002_HUARAPA-HCO_B3C1,,,potato,393083.2,doi_10.21223_WQMMSN,510,,FALSE,Peru,huarapa-hco,,,FALSE,,,,,,
WQMMSN_2002_HUARAPA-HCO_B3C1,,,potato,393401.55,doi_10.21223_WQMMSN,511,,FALSE,Peru,huarapa-hco,,,FALSE,,,,,,
WQMMSN_2002_HUARAPA-HCO_B3C1,,,potato,393438.18,doi_10.21223_WQMMSN,512,,FALSE,Peru,huarapa-hco,,,FALSE,,,,,,
WQMMSN_2002_PACAMARCA_B3C1,,,potato,391002.6,doi_10.21223_WQMMSN,513,,FALSE,Peru,pacamarca,,,FALSE,,,,,,
WQMMSN_2002_PACAMARCA_B3C1,,,potato,391004.18,doi_10.21223_WQMMSN,514,,FALSE,Peru,pacamarca,,,FALSE,,,,,,
WQMMSN_2002_PACAMARCA_B3C1,,,potato,391011.17,doi_10.21223_WQMMSN,515,,FALSE,Peru,pacamarca,,,FALSE,,,,,,
WQMMSN_2002_PACAMARCA_B3C1,,,potato,391046.14,doi_10.21223_WQMMSN,516,,FALSE,Peru,pacamarca,,,FALSE,,,,,,
WQMMSN_2002_PACAMARCA_B3C1,,,potato,391047.34,doi_10.21223_WQMMSN,517,,FALSE,Peru,pacamarca,,,FALSE,,,,,,
WQMMSN_2002_PACAMARCA_B3C1,,,potato,391058.17499999999,doi_10.21223_WQMMSN,518,,FALSE,Peru,pacamarca,,,FALSE,,,,,,
WQMMSN_2002_PACAMARCA_B3C1,,,potato,391065.69,doi_10.21223_WQMMSN,519,,FALSE,Peru,pacamarca,,,FALSE,,,,,,
WQMMSN_2002_PACAMARCA_B3C1,,,potato,391580.3,doi_10.21223_WQMMSN,520,,FALSE,Peru,pacamarca,,,FALSE,,,,,,
WQMMSN_2002_PACAMARCA_B3C1,,,potato,391585.16700000002,doi_10.21223_WQMMSN,521,,FALSE,Peru,pacamarca,,,FALSE,,,,,,
WQMMSN_2002_PACAMARCA_B3C1,,,potato,391585.179,doi_10.21223_WQMMSN,522,,FALSE,Peru,pacamarca,,,FALSE,,,,,,
WQMMSN_2002_PACAMARCA_B3C1,,,potato,392617.54,doi_10.21223_WQMMSN,523,,FALSE,Peru,pacamarca,,,FALSE,,,,,,
WQMMSN_2002_PACAMARCA_B3C1,,,potato,392633.54,doi_10.21223_WQMMSN,524,,FALSE,Peru,pacamarca,,,FALSE,,,,,,
WQMMSN_2002_PACAMARCA_B3C1,,,potato,392633.64,doi_10.21223_WQMMSN,525,,FALSE,Peru,pacamarca,,,FALSE,,,,,,
WQMMSN_2002_PACAMARCA_B3C1,,,potato,392634.49,doi_10.21223_WQMMSN,526,,FALSE,Peru,pacamarca,,,FALSE,,,,,,
WQMMSN_2002_PACAMARCA_B3C1,,,potato,392634.52,doi_10.21223_WQMMSN,527,,FALSE,Peru,pacamarca,,,FALSE,,,,,,
WQMMSN_2002_PACAMARCA_B3C1,,,potato,392637.1,doi_10.21223_WQMMSN,528,,FALSE,Peru,pacamarca,,,FALSE,,,,,,
WQMMSN_2002_PACAMARCA_B3C1,,,potato,392637.27,doi_10.21223_WQMMSN,529,,FALSE,Peru,pacamarca,,,FALSE,,,,,,
WQMMSN_2002_PACAMARCA_B3C1,,,potato,392639.34,doi_10.21223_WQMMSN,530,,FALSE,Peru,pacamarca,,,FALSE,,,,,,
WQMMSN_2002_PACAMARCA_B3C1,,,potato,392640.18,doi_10.21223_WQMMSN,531,,FALSE,Peru,pacamarca,,,FALSE,,,,,,
WQMMSN_2002_PACAMARCA_B3C1,,,potato,392650.12,doi_10.21223_WQMMSN,532,,FALSE,Peru,pacamarca,,,FALSE,,,,,,
WQMMSN_2002_PACAMARCA_B3C1,,,potato,392657.17099999997,doi_10.21223_WQMMSN,533,,FALSE,Peru,pacamarca,,,FALSE,,,,,,
WQMMSN_2002_PACAMARCA_B3C1,,,potato,392657.8,doi_10.21223_WQMMSN,534,,FALSE,Peru,pacamarca,,,FALSE,,,,,,
WQMMSN_2002_PACAMARCA_B3C1,,,potato,393073.179,doi_10.21223_WQMMSN,535,,FALSE,Peru,pacamarca,,,FALSE,,,,,,
WQMMSN_2002_PACAMARCA_B3C1,,,potato,393073.19699999999,doi_10.21223_WQMMSN,536,,FALSE,Peru,pacamarca,,,FALSE,,,,,,
WQMMSN_2002_PACAMARCA_B3C1,,,potato,393075.54,doi_10.21223_WQMMSN,537,,FALSE,Peru,pacamarca,,,FALSE,,,,,,
WQMMSN_2002_PACAMARCA_B3C1,,,potato,393077.15899999999,doi_10.21223_WQMMSN,538,,FALSE,Peru,pacamarca,,,FALSE,,,,,,
WQMMSN_2002_PACAMARCA_B3C1,,,potato,393079.24,doi_10.21223_WQMMSN,539,,FALSE,Peru,pacamarca,,,FALSE,,,,,,
WQMMSN_2002_PACAMARCA_B3C1,,,potato,393079.4,doi_10.21223_WQMMSN,540,,FALSE,Peru,pacamarca,,,FALSE,,,,,,
WQMMSN_2002_PACAMARCA_B3C1,,,potato,393083.2,doi_10.21223_WQMMSN,541,,FALSE,Peru,pacamarca,,,FALSE,,,,,,
WQMMSN_2002_PACAMARCA_B3C1,,,potato,393084.31,doi_10.21223_WQMMSN,542,,FALSE,Peru,pacamarca,,,FALSE,,,,,,
WQMMSN_2002_PACAMARCA_B3C1,,,potato,393227.66,doi_10.21223_WQMMSN,543,,FALSE,Peru,pacamarca,,,FALSE,,,,,,
WQMMSN_2002_PACAMARCA_B3C1,,,potato,393228.67,doi_10.21223_WQMMSN,544,,FALSE,Peru,pacamarca,,,FALSE,,,,,,
WQMMSN_2002_PACAMARCA_B3C1,,,potato,393242.5,doi_10.21223_WQMMSN,545,,FALSE,Peru,pacamarca,,,FALSE,,,,,,
WQMMSN_2002_PACAMARCA_B3C1,,,potato,393248.55,doi_10.21223_WQMMSN,546,,FALSE,Peru,pacamarca,,,FALSE,,,,,,
WQMMSN_2002_PACAMARCA_B3C1,,,potato,393280.57,doi_10.21223_WQMMSN,547,,FALSE,Peru,pacamarca,,,FALSE,,,,,,
WQMMSN_2002_PACAMARCA_B3C1,,,potato,393280.64,doi_10.21223_WQMMSN,548,,FALSE,Peru,pacamarca,,,FALSE,,,,,,
WQMMSN_2002_PACAMARCA_B3C1,,,potato,393280.82,doi_10.21223_WQMMSN,549,,FALSE,Peru,pacamarca,,,FALSE,,,,,,
WQMMSN_2002_PACAMARCA_B3C1,,,potato,393280.83,doi_10.21223_WQMMSN,550,,FALSE,Peru,pacamarca,,,FALSE,,,,,,
WQMMSN_2002_PACAMARCA_B3C1,,,potato,393284.39,doi_10.21223_WQMMSN,551,,FALSE,Peru,pacamarca,,,FALSE,,,,,,
WQMMSN_2002_PACAMARCA_B3C1,,,potato,393339.24200000003,doi_10.21223_WQMMSN,552,,FALSE,Peru,pacamarca,,,FALSE,,,,,,
WQMMSN_2002_PACAMARCA_B3C1,,,potato,393371.15700000001,doi_10.21223_WQMMSN,553,,FALSE,Peru,pacamarca,,,FALSE,,,,,,
WQMMSN_2002_PACAMARCA_B3C1,,,potato,393371.15899999999,doi_10.21223_WQMMSN,554,,FALSE,Peru,pacamarca,,,FALSE,,,,,,
WQMMSN_2002_PACAMARCA_B3C1,,,potato,393371.15899999999,doi_10.21223_WQMMSN,555,,FALSE,Peru,pacamarca,,,FALSE,,,,,,
WQMMSN_2002_PACAMARCA_B3C1,,,potato,393371.16399999999,doi_10.21223_WQMMSN,556,,FALSE,Peru,pacamarca,,,FALSE,,,,,,
WQMMSN_2002_PACAMARCA_B3C1,,,potato,393371.58,doi_10.21223_WQMMSN,557,,FALSE,Peru,pacamarca,,,FALSE,,,,,,
WQMMSN_2002_PACAMARCA_B3C1,,,potato,393385.39,doi_10.21223_WQMMSN,558,,FALSE,Peru,pacamarca,,,FALSE,,,,,,
WQMMSN_2002_PACAMARCA_B3C1,,,potato,393385.47,doi_10.21223_WQMMSN,559,,FALSE,Peru,pacamarca,,,FALSE,,,,,,
WQMMSN_2002_PILLAO-HCO_B3C1,,,potato,393083.2,doi_10.21223_WQMMSN,560,,FALSE,Peru,pillao-hco,,,FALSE,,,,,,
WQMMSN_2002_PILLAO-HCO_B3C1,,,potato,393401.55,doi_10.21223_WQMMSN,561,,FALSE,Peru,pillao-hco,,,FALSE,,,,,,
WQMMSN_2002_PILLAO-HCO_B3C1,,,potato,393438.18,doi_10.21223_WQMMSN,562,,FALSE,Peru,pillao-hco,,,FALSE,,,,,,
WQMMSN_2003_Cusco_B3C1,,,potato,391011.17,doi_10.21223_WQMMSN,563,,FALSE,Peru,cusco,,,FALSE,,,,,,
WQMMSN_2003_Cusco_B3C1,,,potato,391580.3,doi_10.21223_WQMMSN,564,,FALSE,Peru,cusco,,,FALSE,,,,,,
WQMMSN_2003_Cusco_B3C1,,,potato,392657.8,doi_10.21223_WQMMSN,565,,FALSE,Peru,cusco,,,FALSE,,,,,,
WQMMSN_2003_Cusco_B3C1,,,potato,393280.57,doi_10.21223_WQMMSN,566,,FALSE,Peru,cusco,,,FALSE,,,,,,
WQMMSN_2003_Cusco_B3C1,,,potato,393280.64,doi_10.21223_WQMMSN,567,,FALSE,Peru,cusco,,,FALSE,,,,,,
WQMMSN_2003_Cusco_B3C1,,,potato,393280.82,doi_10.21223_WQMMSN,568,,FALSE,Peru,cusco,,,FALSE,,,,,,
WQMMSN_2003_Cusco_B3C1,,,potato,393339.24200000003,doi_10.21223_WQMMSN,569,,FALSE,Peru,cusco,,,FALSE,,,,,,
WQMMSN_2003_Cusco_B3C1,,,potato,393382.44,doi_10.21223_WQMMSN,570,,FALSE,Peru,cusco,,,FALSE,,,,,,
WQMMSN_2003_Huancani_B3C1,,,potato,391004.18,doi_10.21223_WQMMSN,571,,FALSE,Peru,huancani,,,FALSE,,,,,,
WQMMSN_2003_Huancani_B3C1,,,potato,391580.3,doi_10.21223_WQMMSN,572,,FALSE,Peru,huancani,,,FALSE,,,,,,
WQMMSN_2003_Huancani_B3C1,,,potato,392617.54,doi_10.21223_WQMMSN,573,,FALSE,Peru,huancani,,,FALSE,,,,,,
WQMMSN_2003_Huancani_B3C1,,,potato,392657.17099999997,doi_10.21223_WQMMSN,574,,FALSE,Peru,huancani,,,FALSE,,,,,,
WQMMSN_2003_Huancani_B3C1,,,potato,393073.19699999999,doi_10.21223_WQMMSN,575,,FALSE,Peru,huancani,,,FALSE,,,,,,
WQMMSN_2003_Huancani_B3C1,,,potato,393077.15899999999,doi_10.21223_WQMMSN,576,,FALSE,Peru,huancani,,,FALSE,,,,,,
WQMMSN_2003_Huancani_B3C1,,,potato,393085.5,doi_10.21223_WQMMSN,577,,FALSE,Peru,huancani,,,FALSE,,,,,,
WQMMSN_2003_Huancani_B3C1,,,potato,393228.67,doi_10.21223_WQMMSN,578,,FALSE,Peru,huancani,,,FALSE,,,,,,
WQMMSN_2003_Huancani_B3C1,,,potato,393371.15700000001,doi_10.21223_WQMMSN,579,,FALSE,Peru,huancani,,,FALSE,,,,,,
WQMMSN_2003_Huancani_B3C1,,,potato,393371.15899999999,doi_10.21223_WQMMSN,580,,FALSE,Peru,huancani,,,FALSE,,,,,,
WQMMSN_2003_HYO_B3C1,,,potato,391004.18,doi_10.21223_WQMMSN,581,,FALSE,Peru,hyo,,,FALSE,,,,,,
WQMMSN_2003_HYO_B3C1,,,potato,391011.17,doi_10.21223_WQMMSN,582,,FALSE,Peru,hyo,,,FALSE,,,,,,
WQMMSN_2003_HYO_B3C1,,,potato,391046.14,doi_10.21223_WQMMSN,583,,FALSE,Peru,hyo,,,FALSE,,,,,,
WQMMSN_2003_HYO_B3C1,,,potato,391047.34,doi_10.21223_WQMMSN,584,,FALSE,Peru,hyo,,,FALSE,,,,,,
WQMMSN_2003_HYO_B3C1,,,potato,391058.17499999999,doi_10.21223_WQMMSN,585,,FALSE,Peru,hyo,,,FALSE,,,,,,
WQMMSN_2003_HYO_B3C1,,,potato,391065.69,doi_10.21223_WQMMSN,586,,FALSE,Peru,hyo,,,FALSE,,,,,,
WQMMSN_2003_HYO_B3C1,,,potato,391065.81,doi_10.21223_WQMMSN,587,,FALSE,Peru,hyo,,,FALSE,,,,,,
WQMMSN_2003_HYO_B3C1,,,potato,391580.3,doi_10.21223_WQMMSN,588,,FALSE,Peru,hyo,,,FALSE,,,,,,
WQMMSN_2003_HYO_B3C1,,,potato,391583.25,doi_10.21223_WQMMSN,589,,FALSE,Peru,hyo,,,FALSE,,,,,,
WQMMSN_2003_HYO_B3C1,,,potato,391585.16700000002,doi_10.21223_WQMMSN,590,,FALSE,Peru,hyo,,,FALSE,,,,,,
WQMMSN_2003_HYO_B3C1,,,potato,391585.179,doi_10.21223_WQMMSN,591,,FALSE,Peru,hyo,,,FALSE,,,,,,
WQMMSN_2003_HYO_B3C1,,,potato,391585.5,doi_10.21223_WQMMSN,592,,FALSE,Peru,hyo,,,FALSE,,,,,,
WQMMSN_2003_HYO_B3C1,,,potato,391691.96,doi_10.21223_WQMMSN,593,,FALSE,Peru,hyo,,,FALSE,,,,,,
WQMMSN_2003_HYO_B3C1,,,potato,392633.54,doi_10.21223_WQMMSN,594,,FALSE,Peru,hyo,,,FALSE,,,,,,
WQMMSN_2003_HYO_B3C1,,,potato,392633.64,doi_10.21223_WQMMSN,595,,FALSE,Peru,hyo,,,FALSE,,,,,,
WQMMSN_2003_HYO_B3C1,,,potato,392634.49,doi_10.21223_WQMMSN,596,,FALSE,Peru,hyo,,,FALSE,,,,,,
WQMMSN_2003_HYO_B3C1,,,potato,392634.52,doi_10.21223_WQMMSN,597,,FALSE,Peru,hyo,,,FALSE,,,,,,
WQMMSN_2003_HYO_B3C1,,,potato,392637.1,doi_10.21223_WQMMSN,598,,FALSE,Peru,hyo,,,FALSE,,,,,,
WQMMSN_2003_HYO_B3C1,,,potato,392637.27,doi_10.21223_WQMMSN,599,,FALSE,Peru,hyo,,,FALSE,,,,,,
WQMMSN_2003_HYO_B3C1,,,potato,392639.34,doi_10.21223_WQMMSN,600,,FALSE,Peru,hyo,,,FALSE,,,,,,
WQMMSN_2003_HYO_B3C1,,,potato,392640.18,doi_10.21223_WQMMSN,601,,FALSE,Peru,hyo,,,FALSE,,,,,,
WQMMSN_2003_HYO_B3C1,,,potato,392650.12,doi_10.21223_WQMMSN,602,,FALSE,Peru,hyo,,,FALSE,,,,,,
WQMMSN_2003_HYO_B3C1,,,potato,392657.17099999997,doi_10.21223_WQMMSN,603,,FALSE,Peru,hyo,,,FALSE,,,,,,
WQMMSN_2003_HYO_B3C1,,,potato,392657.8,doi_10.21223_WQMMSN,604,,FALSE,Peru,hyo,,,FALSE,,,,,,
WQMMSN_2003_HYO_B3C1,,,potato,393072.55,doi_10.21223_WQMMSN,605,,FALSE,Peru,hyo,,,FALSE,,,,,,
WQMMSN_2003_HYO_B3C1,,,potato,393073.179,doi_10.21223_WQMMSN,606,,FALSE,Peru,hyo,,,FALSE,,,,,,
WQMMSN_2003_HYO_B3C1,,,potato,393073.19699999999,doi_10.21223_WQMMSN,607,,FALSE,Peru,hyo,,,FALSE,,,,,,
WQMMSN_2003_HYO_B3C1,,,potato,393074.86,doi_10.21223_WQMMSN,608,,FALSE,Peru,hyo,,,FALSE,,,,,,
WQMMSN_2003_HYO_B3C1,,,potato,393075.54,doi_10.21223_WQMMSN,609,,FALSE,Peru,hyo,,,FALSE,,,,,,
WQMMSN_2003_HYO_B3C1,,,potato,393077.15899999999,doi_10.21223_WQMMSN,610,,FALSE,Peru,hyo,,,FALSE,,,,,,
WQMMSN_2003_HYO_B3C1,,,potato,393077.54,doi_10.21223_WQMMSN,611,,FALSE,Peru,hyo,,,FALSE,,,,,,
WQMMSN_2003_HYO_B3C1,,,potato,393079.24,doi_10.21223_WQMMSN,612,,FALSE,Peru,hyo,,,FALSE,,,,,,
WQMMSN_2003_HYO_B3C1,,,potato,393079.4,doi_10.21223_WQMMSN,613,,FALSE,Peru,hyo,,,FALSE,,,,,,
WQMMSN_2003_HYO_B3C1,,,potato,393083.2,doi_10.21223_WQMMSN,614,,FALSE,Peru,hyo,,,FALSE,,,,,,
WQMMSN_2003_HYO_B3C1,,,potato,393085.5,doi_10.21223_WQMMSN,615,,FALSE,Peru,hyo,,,FALSE,,,,,,
WQMMSN_2003_HYO_B3C1,,,potato,393220.54,doi_10.21223_WQMMSN,616,,FALSE,Peru,hyo,,,FALSE,,,,,,
WQMMSN_2003_HYO_B3C1,,,potato,393227.66,doi_10.21223_WQMMSN,617,,FALSE,Peru,hyo,,,FALSE,,,,,,
WQMMSN_2003_HYO_B3C1,,,potato,393228.67,doi_10.21223_WQMMSN,618,,FALSE,Peru,hyo,,,FALSE,,,,,,
WQMMSN_2003_HYO_B3C1,,,potato,393242.5,doi_10.21223_WQMMSN,619,,FALSE,Peru,hyo,,,FALSE,,,,,,
WQMMSN_2003_HYO_B3C1,,,potato,393248.55,doi_10.21223_WQMMSN,620,,FALSE,Peru,hyo,,,FALSE,,,,,,
WQMMSN_2003_HYO_B3C1,,,potato,393280.57,doi_10.21223_WQMMSN,621,,FALSE,Peru,hyo,,,FALSE,,,,,,
WQMMSN_2003_HYO_B3C1,,,potato,393280.82,doi_10.21223_WQMMSN,622,,FALSE,Peru,hyo,,,FALSE,,,,,,
WQMMSN_2003_HYO_B3C1,,,potato,393284.39,doi_10.21223_WQMMSN,623,,FALSE,Peru,hyo,,,FALSE,,,,,,
WQMMSN_2003_HYO_B3C1,,,potato,393339.24200000003,doi_10.21223_WQMMSN,624,,FALSE,Peru,hyo,,,FALSE,,,,,,
WQMMSN_2003_HYO_B3C1,,,potato,393349.68,doi_10.21223_WQMMSN,625,,FALSE,Peru,hyo,,,FALSE,,,,,,
WQMMSN_2003_HYO_B3C1,,,potato,393371.15700000001,doi_10.21223_WQMMSN,626,,FALSE,Peru,hyo,,,FALSE,,,,,,
WQMMSN_2003_HYO_B3C1,,,potato,393371.58,doi_10.21223_WQMMSN,627,,FALSE,Peru,hyo,,,FALSE,,,,,,
WQMMSN_2003_HYO_B3C1,,,potato,393378.16399999999,doi_10.21223_WQMMSN,628,,FALSE,Peru,hyo,,,FALSE,,,,,,
WQMMSN_2003_HYO_B3C1,,,potato,393382.44,doi_10.21223_WQMMSN,629,,FALSE,Peru,hyo,,,FALSE,,,,,,
WQMMSN_2003_HYO_B3C1,,,potato,393385.39,doi_10.21223_WQMMSN,630,,FALSE,Peru,hyo,,,FALSE,,,,,,
WQMMSN_2003_HYO_B3C1,,,potato,393385.49,doi_10.21223_WQMMSN,631,,FALSE,Peru,hyo,,,FALSE,,,,,,
WQMMSN_2003_HYO_B3C1,,,potato,393385.57,doi_10.21223_WQMMSN,632,,FALSE,Peru,hyo,,,FALSE,,,,,,
WQMMSN_2003_HYO_B3C1,,,potato,393453.19799999997,doi_10.21223_WQMMSN,633,,FALSE,Peru,hyo,,,FALSE,,,,,,
WQMMSN_2003_HYO_B3C1,,,potato,393084.31.,doi_10.21223_WQMMSN,634,,FALSE,Peru,hyo,,,FALSE,,,,,,
WQMMSN_2003_HYO_B3C1,,,potato,393228.67A,doi_10.21223_WQMMSN,635,,FALSE,Peru,hyo,,,FALSE,,,,,,
WQMMSN_2003_LM_B3C1,,,potato,391004.18,doi_10.21223_WQMMSN,636,,FALSE,Peru,lm,,,FALSE,,,,,,
WQMMSN_2003_LM_B3C1,,,potato,391004.18,doi_10.21223_WQMMSN,637,,FALSE,Peru,lm,,,FALSE,,,,,,
WQMMSN_2003_LM_B3C1,,,potato,391011.17,doi_10.21223_WQMMSN,638,,FALSE,Peru,lm,,,FALSE,,,,,,
WQMMSN_2003_LM_B3C1,,,potato,391046.14,doi_10.21223_WQMMSN,639,,FALSE,Peru,lm,,,FALSE,,,,,,
WQMMSN_2003_LM_B3C1,,,potato,391047.34,doi_10.21223_WQMMSN,640,,FALSE,Peru,lm,,,FALSE,,,,,,
WQMMSN_2003_LM_B3C1,,,potato,391058.17499999999,doi_10.21223_WQMMSN,641,,FALSE,Peru,lm,,,FALSE,,,,,,
WQMMSN_2003_LM_B3C1,,,potato,391065.69,doi_10.21223_WQMMSN,642,,FALSE,Peru,lm,,,FALSE,,,,,,
WQMMSN_2003_LM_B3C1,,,potato,391580.3,doi_10.21223_WQMMSN,643,,FALSE,Peru,lm,,,FALSE,,,,,,
WQMMSN_2003_LM_B3C1,,,potato,391580.30,doi_10.21223_WQMMSN,644,,FALSE,Peru,lm,,,FALSE,,,,,,
WQMMSN_2003_LM_B3C1,,,potato,391585.16700000002,doi_10.21223_WQMMSN,645,,FALSE,Peru,lm,,,FALSE,,,,,,
WQMMSN_2003_LM_B3C1,,,potato,391585.179,doi_10.21223_WQMMSN,646,,FALSE,Peru,lm,,,FALSE,,,,,,
WQMMSN_2003_LM_B3C1,,,potato,392617.54,doi_10.21223_WQMMSN,647,,FALSE,Peru,lm,,,FALSE,,,,,,
WQMMSN_2003_LM_B3C1,,,potato,392617.54,doi_10.21223_WQMMSN,648,,FALSE,Peru,lm,,,FALSE,,,,,,
WQMMSN_2003_LM_B3C1,,,potato,392633.54,doi_10.21223_WQMMSN,649,,FALSE,Peru,lm,,,FALSE,,,,,,
WQMMSN_2003_LM_B3C1,,,potato,392633.64,doi_10.21223_WQMMSN,650,,FALSE,Peru,lm,,,FALSE,,,,,,
WQMMSN_2003_LM_B3C1,,,potato,392634.49,doi_10.21223_WQMMSN,651,,FALSE,Peru,lm,,,FALSE,,,,,,
WQMMSN_2003_LM_B3C1,,,potato,392634.52,doi_10.21223_WQMMSN,652,,FALSE,Peru,lm,,,FALSE,,,,,,
WQMMSN_2003_LM_B3C1,,,potato,392637.1,doi_10.21223_WQMMSN,653,,FALSE,Peru,lm,,,FALSE,,,,,,
WQMMSN_2003_LM_B3C1,,,potato,392637.27,doi_10.21223_WQMMSN,654,,FALSE,Peru,lm,,,FALSE,,,,,,
WQMMSN_2003_LM_B3C1,,,potato,392639.34,doi_10.21223_WQMMSN,655,,FALSE,Peru,lm,,,FALSE,,,,,,
WQMMSN_2003_LM_B3C1,,,potato,392650.12,doi_10.21223_WQMMSN,656,,FALSE,Peru,lm,,,FALSE,,,,,,
WQMMSN_2003_LM_B3C1,,,potato,392657.17099999997,doi_10.21223_WQMMSN,657,,FALSE,Peru,lm,,,FALSE,,,,,,
WQMMSN_2003_LM_B3C1,,,potato,392657.8,doi_10.21223_WQMMSN,658,,FALSE,Peru,lm,,,FALSE,,,,,,
WQMMSN_2003_LM_B3C1,,,potato,393073.19699999999,doi_10.21223_WQMMSN,659,,FALSE,Peru,lm,,,FALSE,,,,,,
WQMMSN_2003_LM_B3C1,,,potato,393073.19699999999,doi_10.21223_WQMMSN,660,,FALSE,Peru,lm,,,FALSE,,,,,,
WQMMSN_2003_LM_B3C1,,,potato,393075.54,doi_10.21223_WQMMSN,661,,FALSE,Peru,lm,,,FALSE,,,,,,
WQMMSN_2003_LM_B3C1,,,potato,393077.15899999999,doi_10.21223_WQMMSN,662,,FALSE,Peru,lm,,,FALSE,,,,,,
WQMMSN_2003_LM_B3C1,,,potato,393077.15899999999,doi_10.21223_WQMMSN,663,,FALSE,Peru,lm,,,FALSE,,,,,,
WQMMSN_2003_LM_B3C1,,,potato,393077.54,doi_10.21223_WQMMSN,664,,FALSE,Peru,lm,,,FALSE,,,,,,
WQMMSN_2003_LM_B3C1,,,potato,393079.24,doi_10.21223_WQMMSN,665,,FALSE,Peru,lm,,,FALSE,,,,,,
WQMMSN_2003_LM_B3C1,,,potato,393079.4,doi_10.21223_WQMMSN,666,,FALSE,Peru,lm,,,FALSE,,,,,,
WQMMSN_2003_LM_B3C1,,,potato,393084.31,doi_10.21223_WQMMSN,667,,FALSE,Peru,lm,,,FALSE,,,,,,
WQMMSN_2003_LM_B3C1,,,potato,393085.5,doi_10.21223_WQMMSN,668,,FALSE,Peru,lm,,,FALSE,,,,,,
WQMMSN_2003_LM_B3C1,,,potato,393085.5,doi_10.21223_WQMMSN,669,,FALSE,Peru,lm,,,FALSE,,,,,,
WQMMSN_2003_LM_B3C1,,,potato,393227.66,doi_10.21223_WQMMSN,670,,FALSE,Peru,lm,,,FALSE,,,,,,
WQMMSN_2003_LM_B3C1,,,potato,393228.67,doi_10.21223_WQMMSN,671,,FALSE,Peru,lm,,,FALSE,,,,,,
WQMMSN_2003_LM_B3C1,,,potato,393228.67,doi_10.21223_WQMMSN,672,,FALSE,Peru,lm,,,FALSE,,,,,,
WQMMSN_2003_LM_B3C1,,,potato,393242.5,doi_10.21223_WQMMSN,673,,FALSE,Peru,lm,,,FALSE,,,,,,
WQMMSN_2003_LM_B3C1,,,potato,393248.55,doi_10.21223_WQMMSN,674,,FALSE,Peru,lm,,,FALSE,,,,,,
WQMMSN_2003_LM_B3C1,,,potato,393248.55,doi_10.21223_WQMMSN,675,,FALSE,Peru,lm,,,FALSE,,,,,,
WQMMSN_2003_LM_B3C1,,,potato,393280.57,doi_10.21223_WQMMSN,676,,FALSE,Peru,lm,,,FALSE,,,,,,
WQMMSN_2003_LM_B3C1,,,potato,393280.64,doi_10.21223_WQMMSN,677,,FALSE,Peru,lm,,,FALSE,,,,,,
WQMMSN_2003_LM_B3C1,,,potato,393280.82,doi_10.21223_WQMMSN,678,,FALSE,Peru,lm,,,FALSE,,,,,,
WQMMSN_2003_LM_B3C1,,,potato,393280.83,doi_10.21223_WQMMSN,679,,FALSE,Peru,lm,,,FALSE,,,,,,
WQMMSN_2003_LM_B3C1,,,potato,393339.24200000003,doi_10.21223_WQMMSN,680,,FALSE,Peru,lm,,,FALSE,,,,,,
WQMMSN_2003_LM_B3C1,,,potato,393349.68,doi_10.21223_WQMMSN,681,,FALSE,Peru,lm,,,FALSE,,,,,,
WQMMSN_2003_LM_B3C1,,,potato,393371.15700000001,doi_10.21223_WQMMSN,682,,FALSE,Peru,lm,,,FALSE,,,,,,
WQMMSN_2003_LM_B3C1,,,potato,393371.15700000001,doi_10.21223_WQMMSN,683,,FALSE,Peru,lm,,,FALSE,,,,,,
WQMMSN_2003_LM_B3C1,,,potato,393371.15899999999,doi_10.21223_WQMMSN,684,,FALSE,Peru,lm,,,FALSE,,,,,,
WQMMSN_2003_LM_B3C1,,,potato,393371.15899999999,doi_10.21223_WQMMSN,685,,FALSE,Peru,lm,,,FALSE,,,,,,
WQMMSN_2003_LM_B3C1,,,potato,393371.16399999999,doi_10.21223_WQMMSN,686,,FALSE,Peru,lm,,,FALSE,,,,,,
WQMMSN_2003_LM_B3C1,,,potato,393371.58,doi_10.21223_WQMMSN,687,,FALSE,Peru,lm,,,FALSE,,,,,,
WQMMSN_2003_LM_B3C1,,,potato,393382.44,doi_10.21223_WQMMSN,688,,FALSE,Peru,lm,,,FALSE,,,,,,
WQMMSN_2003_LM_B3C1,,,potato,393385.39,doi_10.21223_WQMMSN,689,,FALSE,Peru,lm,,,FALSE,,,,,,
WQMMSN_2003_LM_B3C1,,,potato,393385.47,doi_10.21223_WQMMSN,690,,FALSE,Peru,lm,,,FALSE,,,,,,
WQMMSN_2003_LM_B3C1,,,potato,393453.19799999997,doi_10.21223_WQMMSN,691,,FALSE,Peru,lm,,,FALSE,,,,,,
WQMMSN_2003_LM_B3C1,,,potato,Amarilis,doi_10.21223_WQMMSN,692,,FALSE,Peru,lm,,,FALSE,,,,,,
WQMMSN_2003_LM_B3C1,,,potato,Canchan,doi_10.21223_WQMMSN,693,,FALSE,Peru,lm,,,FALSE,,,,,,
WQMMSN_2003_LM_B3C1,,,potato,Capiro,doi_10.21223_WQMMSN,694,,FALSE,Peru,lm,,,FALSE,,,,,,
WQMMSN_2003_LM_B3C1,,,potato,Kory,doi_10.21223_WQMMSN,695,,FALSE,Peru,lm,,,FALSE,,,,,,
WQMMSN_2003_LM_B3C1,,,potato,T. Condemayta,doi_10.21223_WQMMSN,696,,FALSE,Peru,lm,,,FALSE,,,,,,
WQMMSN_2004_Comas_B3C1,,,potato,389746.2,doi_10.21223_WQMMSN,697,,FALSE,Peru,comas,,,FALSE,,,,,,
WQMMSN_2004_Comas_B3C1,,,potato,391002.6,doi_10.21223_WQMMSN,698,,FALSE,Peru,comas,,,FALSE,,,,,,
WQMMSN_2004_Comas_B3C1,,,potato,391381.9,doi_10.21223_WQMMSN,699,,FALSE,Peru,comas,,,FALSE,,,,,,
WQMMSN_2004_Comas_B3C1,,,potato,391585.5,doi_10.21223_WQMMSN,700,,FALSE,Peru,comas,,,FALSE,,,,,,
WQMMSN_2004_Comas_B3C1,,,potato,393077.15899999999,doi_10.21223_WQMMSN,701,,FALSE,Peru,comas,,,FALSE,,,,,,
WQMMSN_2004_Comas_B3C1,,,potato,393077.16200000001,doi_10.21223_WQMMSN,702,,FALSE,Peru,comas,,,FALSE,,,,,,
WQMMSN_2004_Comas_B3C1,,,potato,393085.5,doi_10.21223_WQMMSN,703,,FALSE,Peru,comas,,,FALSE,,,,,,
WQMMSN_2004_Comas_B3C1,,,potato,393371.15899999999,doi_10.21223_WQMMSN,704,,FALSE,Peru,comas,,,FALSE,,,,,,
WQMMSN_2004_Comas_B3C1,,,potato,393371.58,doi_10.21223_WQMMSN,705,,FALSE,Peru,comas,,,FALSE,,,,,,
WQMMSN_2004_Hco_B3C1,,,potato,21,doi_10.21223_WQMMSN,706,,FALSE,Peru,hco,,,FALSE,,,,,,
WQMMSN_2004_Hco_B3C1,,,potato,24,doi_10.21223_WQMMSN,707,,FALSE,Peru,hco,,,FALSE,,,,,,
WQMMSN_2004_Hco_B3C1,,,potato,40,doi_10.21223_WQMMSN,708,,FALSE,Peru,hco,,,FALSE,,,,,,
WQMMSN_2004_Hco_B3C1,,,potato,42,doi_10.21223_WQMMSN,709,,FALSE,Peru,hco,,,FALSE,,,,,,
WQMMSN_2004_Hco_B3C1,,,potato,43,doi_10.21223_WQMMSN,710,,FALSE,Peru,hco,,,FALSE,,,,,,
WQMMSN_2004_Hco_B3C1,,,potato,47,doi_10.21223_WQMMSN,711,,FALSE,Peru,hco,,,FALSE,,,,,,
WQMMSN_2004_HYO_B3C1,,,potato,391002.6,doi_10.21223_WQMMSN,712,,FALSE,Peru,hyo,,,FALSE,,,,,,
WQMMSN_2004_HYO_B3C1,,,potato,391011.17,doi_10.21223_WQMMSN,713,,FALSE,Peru,hyo,,,FALSE,,,,,,
WQMMSN_2004_HYO_B3C1,,,potato,391046.14,doi_10.21223_WQMMSN,714,,FALSE,Peru,hyo,,,FALSE,,,,,,
WQMMSN_2004_HYO_B3C1,,,potato,391585.179,doi_10.21223_WQMMSN,715,,FALSE,Peru,hyo,,,FALSE,,,,,,
WQMMSN_2004_HYO_B3C1,,,potato,391585.5,doi_10.21223_WQMMSN,716,,FALSE,Peru,hyo,,,FALSE,,,,,,
WQMMSN_2004_HYO_B3C1,,,potato,391691.96,doi_10.21223_WQMMSN,717,,FALSE,Peru,hyo,,,FALSE,,,,,,
WQMMSN_2004_HYO_B3C1,,,potato,392633.64,doi_10.21223_WQMMSN,718,,FALSE,Peru,hyo,,,FALSE,,,,,,
WQMMSN_2004_HYO_B3C1,,,potato,392657.17099999997,doi_10.21223_WQMMSN,719,,FALSE,Peru,hyo,,,FALSE,,,,,,
WQMMSN_2004_HYO_B3C1,,,potato,393083.2,doi_10.21223_WQMMSN,720,,FALSE,Peru,hyo,,,FALSE,,,,,,
WQMMSN_2004_HYO_B3C1,,,potato,393084.31,doi_10.21223_WQMMSN,721,,FALSE,Peru,hyo,,,FALSE,,,,,,
WQMMSN_2004_HYO_B3C1,,,potato,393227.66,doi_10.21223_WQMMSN,722,,FALSE,Peru,hyo,,,FALSE,,,,,,
WQMMSN_2004_HYO_B3C1,,,potato,393228.67,doi_10.21223_WQMMSN,723,,FALSE,Peru,hyo,,,FALSE,,,,,,
WQMMSN_2004_HYO_B3C1,,,potato,393248.55,doi_10.21223_WQMMSN,724,,FALSE,Peru,hyo,,,FALSE,,,,,,
WQMMSN_2004_HYO_B3C1,,,potato,393280.64,doi_10.21223_WQMMSN,725,,FALSE,Peru,hyo,,,FALSE,,,,,,
WQMMSN_2004_HYO_B3C1,,,potato,393339.24200000003,doi_10.21223_WQMMSN,726,,FALSE,Peru,hyo,,,FALSE,,,,,,
WQMMSN_2004_HYO_B3C1,,,potato,393371.15700000001,doi_10.21223_WQMMSN,727,,FALSE,Peru,hyo,,,FALSE,,,,,,
WQMMSN_2004_HYO_B3C1,,,potato,393371.15899999999,doi_10.21223_WQMMSN,728,,FALSE,Peru,hyo,,,FALSE,,,,,,
WQMMSN_2004_HYO_B3C1,,,potato,393371.16399999999,doi_10.21223_WQMMSN,729,,FALSE,Peru,hyo,,,FALSE,,,,,,
WQMMSN_2004_HYO_B3C1,,,potato,393371.58,doi_10.21223_WQMMSN,730,,FALSE,Peru,hyo,,,FALSE,,,,,,
WQMMSN_2004_HYO_B3C1,,,potato,393385.47,doi_10.21223_WQMMSN,731,,FALSE,Peru,hyo,,,FALSE,,,,,,
WQMMSN_2000_AYM_B3C2,,,potato,395005.13,doi_10.21223_WQMMSN,732,,FALSE,Peru,aym,,,FALSE,,,,,,
WQMMSN_2000_AYM_B3C2,,,potato,395005.22399999999,doi_10.21223_WQMMSN,733,,FALSE,Peru,aym,,,FALSE,,,,,,
WQMMSN_2000_AYM_B3C2,,,potato,395005.228,doi_10.21223_WQMMSN,734,,FALSE,Peru,aym,,,FALSE,,,,,,
WQMMSN_2000_AYM_B3C2,,,potato,395005.245,doi_10.21223_WQMMSN,735,,FALSE,Peru,aym,,,FALSE,,,,,,
WQMMSN_2000_AYM_B3C2,,,potato,395005.26,doi_10.21223_WQMMSN,736,,FALSE,Peru,aym,,,FALSE,,,,,,
WQMMSN_2000_AYM_B3C2,,,potato,395007.21299999999,doi_10.21223_WQMMSN,737,,FALSE,Peru,aym,,,FALSE,,,,,,
WQMMSN_2000_AYM_B3C2,,,potato,395007.21899999998,doi_10.21223_WQMMSN,738,,FALSE,Peru,aym,,,FALSE,,,,,,
WQMMSN_2000_AYM_B3C2,,,potato,395009.23499999999,doi_10.21223_WQMMSN,739,,FALSE,Peru,aym,,,FALSE,,,,,,
WQMMSN_2000_AYM_B3C2,,,potato,395010.217,doi_10.21223_WQMMSN,740,,FALSE,Peru,aym,,,FALSE,,,,,,
WQMMSN_2000_AYM_B3C2,,,potato,395011.11,doi_10.21223_WQMMSN,741,,FALSE,Peru,aym,,,FALSE,,,,,,
WQMMSN_2000_AYM_B3C2,,,potato,395011.19,doi_10.21223_WQMMSN,742,,FALSE,Peru,aym,,,FALSE,,,,,,
WQMMSN_2000_AYM_B3C2,,,potato,395011.2,doi_10.21223_WQMMSN,743,,FALSE,Peru,aym,,,FALSE,,,,,,
WQMMSN_2000_AYM_B3C2,,,potato,395011.201,doi_10.21223_WQMMSN,744,,FALSE,Peru,aym,,,FALSE,,,,,,
WQMMSN_2000_AYM_B3C2,,,potato,395011.6,doi_10.21223_WQMMSN,745,,FALSE,Peru,aym,,,FALSE,,,,,,
WQMMSN_2000_AYM_B3C2,,,potato,395013.212,doi_10.21223_WQMMSN,746,,FALSE,Peru,aym,,,FALSE,,,,,,
WQMMSN_2000_AYM_B3C2,,,potato,395013.25199999998,doi_10.21223_WQMMSN,747,,FALSE,Peru,aym,,,FALSE,,,,,,
WQMMSN_2000_AYM_B3C2,,,potato,395013.25799999997,doi_10.21223_WQMMSN,748,,FALSE,Peru,aym,,,FALSE,,,,,,
WQMMSN_2000_AYM_B3C2,,,potato,395013.7,doi_10.21223_WQMMSN,749,,FALSE,Peru,aym,,,FALSE,,,,,,
WQMMSN_2000_AYM_B3C2,,,potato,395014.21899999998,doi_10.21223_WQMMSN,750,,FALSE,Peru,aym,,,FALSE,,,,,,
WQMMSN_2000_AYM_B3C2,,,potato,395015.5,doi_10.21223_WQMMSN,751,,FALSE,Peru,aym,,,FALSE,,,,,,
WQMMSN_2000_AYM_B3C2,,,potato,395015.6,doi_10.21223_WQMMSN,752,,FALSE,Peru,aym,,,FALSE,,,,,,
WQMMSN_2000_AYM_B3C2,,,potato,395016.21799999999,doi_10.21223_WQMMSN,753,,FALSE,Peru,aym,,,FALSE,,,,,,
WQMMSN_2000_AYM_B3C2,,,potato,395016.22499999998,doi_10.21223_WQMMSN,754,,FALSE,Peru,aym,,,FALSE,,,,,,
WQMMSN_2000_AYM_B3C2,,,potato,395016.22700000001,doi_10.21223_WQMMSN,755,,FALSE,Peru,aym,,,FALSE,,,,,,
WQMMSN_2000_AYM_B3C2,,,potato,395016.25,doi_10.21223_WQMMSN,756,,FALSE,Peru,aym,,,FALSE,,,,,,
WQMMSN_2000_AYM_B3C2,,,potato,395016.255,doi_10.21223_WQMMSN,757,,FALSE,Peru,aym,,,FALSE,,,,,,
WQMMSN_2000_AYM_B3C2,,,potato,395017.14,doi_10.21223_WQMMSN,758,,FALSE,Peru,aym,,,FALSE,,,,,,
WQMMSN_2000_AYM_B3C2,,,potato,395017.201,doi_10.21223_WQMMSN,759,,FALSE,Peru,aym,,,FALSE,,,,,,
WQMMSN_2000_AYM_B3C2,,,potato,395017.21500000003,doi_10.21223_WQMMSN,760,,FALSE,Peru,aym,,,FALSE,,,,,,
WQMMSN_2000_AYM_B3C2,,,potato,395017.22700000001,doi_10.21223_WQMMSN,761,,FALSE,Peru,aym,,,FALSE,,,,,,
WQMMSN_2000_AYM_B3C2,,,potato,395017.22899999999,doi_10.21223_WQMMSN,762,,FALSE,Peru,aym,,,FALSE,,,,,,
WQMMSN_2000_AYM_B3C2,,,potato,395017.24200000003,doi_10.21223_WQMMSN,763,,FALSE,Peru,aym,,,FALSE,,,,,,
WQMMSN_2000_AYM_B3C2,,,potato,395017.24400000001,doi_10.21223_WQMMSN,764,,FALSE,Peru,aym,,,FALSE,,,,,,
WQMMSN_2000_AYM_B3C2,,,potato,395017.9,doi_10.21223_WQMMSN,765,,FALSE,Peru,aym,,,FALSE,,,,,,
WQMMSN_2000_AYM_B3C2,,,potato,395019.10499999998,doi_10.21223_WQMMSN,766,,FALSE,Peru,aym,,,FALSE,,,,,,
WQMMSN_2000_AYM_B3C2,,,potato,395019.23,doi_10.21223_WQMMSN,767,,FALSE,Peru,aym,,,FALSE,,,,,,
WQMMSN_2000_AYM_B3C2,,,potato,395027.21100000001,doi_10.21223_WQMMSN,768,,FALSE,Peru,aym,,,FALSE,,,,,,
WQMMSN_2000_AYM_B3C2,,,potato,395027.21399999998,doi_10.21223_WQMMSN,769,,FALSE,Peru,aym,,,FALSE,,,,,,
WQMMSN_2000_AYM_B3C2,,,potato,395029.212,doi_10.21223_WQMMSN,770,,FALSE,Peru,aym,,,FALSE,,,,,,
WQMMSN_2000_AYM_B3C2,,,potato,395029.21299999999,doi_10.21223_WQMMSN,771,,FALSE,Peru,aym,,,FALSE,,,,,,
WQMMSN_2000_AYM_B3C2,,,potato,395031.21299999999,doi_10.21223_WQMMSN,772,,FALSE,Peru,aym,,,FALSE,,,,,,
WQMMSN_2000_AYM_B3C2,,,potato,395037.10700000002,doi_10.21223_WQMMSN,773,,FALSE,Peru,aym,,,FALSE,,,,,,
WQMMSN_2000_AYM_B3C2,,,potato,395052.11,doi_10.21223_WQMMSN,774,,FALSE,Peru,aym,,,FALSE,,,,,,
WQMMSN_2000_AYM_B3C2,,,potato,395077.12,doi_10.21223_WQMMSN,775,,FALSE,Peru,aym,,,FALSE,,,,,,
WQMMSN_2000_AYM_B3C2,,,potato,395077.5,doi_10.21223_WQMMSN,776,,FALSE,Peru,aym,,,FALSE,,,,,,
WQMMSN_2000_AYM_B3C2,,,potato,395084.9,doi_10.21223_WQMMSN,777,,FALSE,Peru,aym,,,FALSE,,,,,,
WQMMSN_2000_AYM_B3C2,,,potato,395096.2,doi_10.21223_WQMMSN,778,,FALSE,Peru,aym,,,FALSE,,,,,,
WQMMSN_2000_AYM_B3C2,,,potato,395096.3,doi_10.21223_WQMMSN,779,,FALSE,Peru,aym,,,FALSE,,,,,,
WQMMSN_2000_AYM_B3C2,,,potato,395096.5,doi_10.21223_WQMMSN,780,,FALSE,Peru,aym,,,FALSE,,,,,,
WQMMSN_2000_AYM_B3C2,,,potato,395096.7,doi_10.21223_WQMMSN,781,,FALSE,Peru,aym,,,FALSE,,,,,,
WQMMSN_2000_AYM_B3C2,,,potato,395097.4,doi_10.21223_WQMMSN,782,,FALSE,Peru,aym,,,FALSE,,,,,,
WQMMSN_2000_AYM_B3C2,,,potato,395102.6,doi_10.21223_WQMMSN,783,,FALSE,Peru,aym,,,FALSE,,,,,,
WQMMSN_2000_AYM_B3C2,,,potato,395104.4,doi_10.21223_WQMMSN,784,,FALSE,Peru,aym,,,FALSE,,,,,,
WQMMSN_2000_AYM_B3C2,,,potato,395109.21,doi_10.21223_WQMMSN,785,,FALSE,Peru,aym,,,FALSE,,,,,,
WQMMSN_2000_AYM_B3C2,,,potato,395109.29,doi_10.21223_WQMMSN,786,,FALSE,Peru,aym,,,FALSE,,,,,,
WQMMSN_2000_AYM_B3C2,,,potato,395109.34,doi_10.21223_WQMMSN,787,,FALSE,Peru,aym,,,FALSE,,,,,,
WQMMSN_2000_AYM_B3C2,,,potato,395109.4,doi_10.21223_WQMMSN,788,,FALSE,Peru,aym,,,FALSE,,,,,,
WQMMSN_2000_AYM_B3C2,,,potato,395109.7,doi_10.21223_WQMMSN,789,,FALSE,Peru,aym,,,FALSE,,,,,,
WQMMSN_2000_AYM_B3C2,,,potato,395111.13,doi_10.21223_WQMMSN,790,,FALSE,Peru,aym,,,FALSE,,,,,,
WQMMSN_2000_AYM_B3C2,,,potato,395111.6,doi_10.21223_WQMMSN,791,,FALSE,Peru,aym,,,FALSE,,,,,,
WQMMSN_2000_AYM_B3C2,,,potato,395111.9,doi_10.21223_WQMMSN,792,,FALSE,Peru,aym,,,FALSE,,,,,,
WQMMSN_2000_AYM_B3C2,,,potato,395112.19,doi_10.21223_WQMMSN,793,,FALSE,Peru,aym,,,FALSE,,,,,,
WQMMSN_2000_AYM_B3C2,,,potato,395112.32,doi_10.21223_WQMMSN,794,,FALSE,Peru,aym,,,FALSE,,,,,,
WQMMSN_2000_AYM_B3C2,,,potato,395112.36,doi_10.21223_WQMMSN,795,,FALSE,Peru,aym,,,FALSE,,,,,,
WQMMSN_2000_AYM_B3C2,,,potato,395112.6,doi_10.21223_WQMMSN,796,,FALSE,Peru,aym,,,FALSE,,,,,,
WQMMSN_2000_AYM_B3C2,,,potato,395112.9,doi_10.21223_WQMMSN,797,,FALSE,Peru,aym,,,FALSE,,,,,,
WQMMSN_2000_AYM_B3C2,,,potato,395113.2,doi_10.21223_WQMMSN,798,,FALSE,Peru,aym,,,FALSE,,,,,,
WQMMSN_2000_AYM_B3C2,,,potato,395114.5,doi_10.21223_WQMMSN,799,,FALSE,Peru,aym,,,FALSE,,,,,,
WQMMSN_2000_AYM_B3C2,,,potato,395114.9,doi_10.21223_WQMMSN,800,,FALSE,Peru,aym,,,FALSE,,,,,,
WQMMSN_2000_AYM_B3C2,,,potato,395116.15,doi_10.21223_WQMMSN,801,,FALSE,Peru,aym,,,FALSE,,,,,,
WQMMSN_2000_AYM_B3C2,,,potato,395116.16,doi_10.21223_WQMMSN,802,,FALSE,Peru,aym,,,FALSE,,,,,,
WQMMSN_2000_AYM_B3C2,,,potato,395117.11,doi_10.21223_WQMMSN,803,,FALSE,Peru,aym,,,FALSE,,,,,,
WQMMSN_2000_AYM_B3C2,,,potato,395117.3,doi_10.21223_WQMMSN,804,,FALSE,Peru,aym,,,FALSE,,,,,,
WQMMSN_2000_AYM_B3C2,,,potato,395123.6,doi_10.21223_WQMMSN,805,,FALSE,Peru,aym,,,FALSE,,,,,,
WQMMSN_2000_AYM_B3C2,,,potato,395123.8,doi_10.21223_WQMMSN,806,,FALSE,Peru,aym,,,FALSE,,,,,,
WQMMSN_2000_AYM_B3C2,,,potato,395126.2,doi_10.21223_WQMMSN,807,,FALSE,Peru,aym,,,FALSE,,,,,,
WQMMSN_2000_AYM_B3C2,,,potato,395127.16,doi_10.21223_WQMMSN,808,,FALSE,Peru,aym,,,FALSE,,,,,,
WQMMSN_2000_AYM_B3C2,,,potato,395127.2,doi_10.21223_WQMMSN,809,,FALSE,Peru,aym,,,FALSE,,,,,,
WQMMSN_2000_AYM_B3C2,,,potato,395128.5,doi_10.21223_WQMMSN,810,,FALSE,Peru,aym,,,FALSE,,,,,,
WQMMSN_2000_AYM_B3C2,,,potato,395129.8,doi_10.21223_WQMMSN,811,,FALSE,Peru,aym,,,FALSE,,,,,,
WQMMSN_2000_AYM_B3C2,,,potato,395143.4,doi_10.21223_WQMMSN,812,,FALSE,Peru,aym,,,FALSE,,,,,,
WQMMSN_2000_AYM_B3C2,,,potato,395152.13,doi_10.21223_WQMMSN,813,,FALSE,Peru,aym,,,FALSE,,,,,,
WQMMSN_2000_AYM_B3C2,,,potato,395152.16,doi_10.21223_WQMMSN,814,,FALSE,Peru,aym,,,FALSE,,,,,,
WQMMSN_2000_AYM_B3C2,,,potato,395165.11,doi_10.21223_WQMMSN,815,,FALSE,Peru,aym,,,FALSE,,,,,,
WQMMSN_2000_AYM_B3C2,,,potato,395169.17,doi_10.21223_WQMMSN,816,,FALSE,Peru,aym,,,FALSE,,,,,,
WQMMSN_2000_AYM_B3C2,,,potato,395169.18,doi_10.21223_WQMMSN,817,,FALSE,Peru,aym,,,FALSE,,,,,,
WQMMSN_2000_AYM_B3C2,,,potato,395169.4,doi_10.21223_WQMMSN,818,,FALSE,Peru,aym,,,FALSE,,,,,,
WQMMSN_2000_AYM_B3C2,,,potato,395179.1,doi_10.21223_WQMMSN,819,,FALSE,Peru,aym,,,FALSE,,,,,,
WQMMSN_2000_AYM_B3C2,,,potato,395179.21,doi_10.21223_WQMMSN,820,,FALSE,Peru,aym,,,FALSE,,,,,,
WQMMSN_2000_AYM_B3C2,,,potato,396004.103,doi_10.21223_WQMMSN,821,,FALSE,Peru,aym,,,FALSE,,,,,,
WQMMSN_2000_AYM_B3C2,,,potato,396004.212,doi_10.21223_WQMMSN,822,,FALSE,Peru,aym,,,FALSE,,,,,,
WQMMSN_2000_AYM_B3C2,,,potato,396004.22499999998,doi_10.21223_WQMMSN,823,,FALSE,Peru,aym,,,FALSE,,,,,,
WQMMSN_2000_AYM_B3C2,,,potato,396004.23499999999,doi_10.21223_WQMMSN,824,,FALSE,Peru,aym,,,FALSE,,,,,,
WQMMSN_2000_AYM_B3C2,,,potato,396004.24699999997,doi_10.21223_WQMMSN,825,,FALSE,Peru,aym,,,FALSE,,,,,,
WQMMSN_2000_AYM_B3C2,,,potato,396004.26299999998,doi_10.21223_WQMMSN,826,,FALSE,Peru,aym,,,FALSE,,,,,,
WQMMSN_2000_AYM_B3C2,,,potato,396004.26400000002,doi_10.21223_WQMMSN,827,,FALSE,Peru,aym,,,FALSE,,,,,,
WQMMSN_2000_AYM_B3C2,,,potato,396004.26799999998,doi_10.21223_WQMMSN,828,,FALSE,Peru,aym,,,FALSE,,,,,,
WQMMSN_2000_AYM_B3C2,,,potato,396004.283,doi_10.21223_WQMMSN,829,,FALSE,Peru,aym,,,FALSE,,,,,,
WQMMSN_2000_AYM_B3C2,,,potato,396004.30099999998,doi_10.21223_WQMMSN,830,,FALSE,Peru,aym,,,FALSE,,,,,,
WQMMSN_2000_AYM_B3C2,,,potato,396004.304,doi_10.21223_WQMMSN,831,,FALSE,Peru,aym,,,FALSE,,,,,,
WQMMSN_2000_AYM_B3C2,,,potato,396004.30900000001,doi_10.21223_WQMMSN,832,,FALSE,Peru,aym,,,FALSE,,,,,,
WQMMSN_2000_AYM_B3C2,,,potato,396004.32,doi_10.21223_WQMMSN,833,,FALSE,Peru,aym,,,FALSE,,,,,,
WQMMSN_2000_AYM_B3C2,,,potato,396004.33,doi_10.21223_WQMMSN,834,,FALSE,Peru,aym,,,FALSE,,,,,,
WQMMSN_2000_AYM_B3C2,,,potato,396004.337,doi_10.21223_WQMMSN,835,,FALSE,Peru,aym,,,FALSE,,,,,,
WQMMSN_2000_AYM_B3C2,,,potato,396004.359,doi_10.21223_WQMMSN,836,,FALSE,Peru,aym,,,FALSE,,,,,,
WQMMSN_2000_AYM_B3C2,,,potato,396007.201,doi_10.21223_WQMMSN,837,,FALSE,Peru,aym,,,FALSE,,,,,,
WQMMSN_2000_AYM_B3C2,,,potato,396008.10399999999,doi_10.21223_WQMMSN,838,,FALSE,Peru,aym,,,FALSE,,,,,,
WQMMSN_2000_AYM_B3C2,,,potato,396009.20699999999,doi_10.21223_WQMMSN,839,,FALSE,Peru,aym,,,FALSE,,,,,,
WQMMSN_2000_AYM_B3C2,,,potato,396009.22499999998,doi_10.21223_WQMMSN,840,,FALSE,Peru,aym,,,FALSE,,,,,,
WQMMSN_2000_AYM_B3C2,,,potato,396009.239,doi_10.21223_WQMMSN,841,,FALSE,Peru,aym,,,FALSE,,,,,,
WQMMSN_2000_AYM_B3C2,,,potato,396009.24,doi_10.21223_WQMMSN,842,,FALSE,Peru,aym,,,FALSE,,,,,,
WQMMSN_2000_AYM_B3C2,,,potato,396009.25599999999,doi_10.21223_WQMMSN,843,,FALSE,Peru,aym,,,FALSE,,,,,,
WQMMSN_2000_AYM_B3C2,,,potato,396009.25799999997,doi_10.21223_WQMMSN,844,,FALSE,Peru,aym,,,FALSE,,,,,,
WQMMSN_2000_AYM_B3C2,,,potato,396010.19,doi_10.21223_WQMMSN,845,,FALSE,Peru,aym,,,FALSE,,,,,,
WQMMSN_2000_AYM_B3C2,,,potato,396010.22,doi_10.21223_WQMMSN,846,,FALSE,Peru,aym,,,FALSE,,,,,,
WQMMSN_2000_AYM_B3C2,,,potato,396011.20500000002,doi_10.21223_WQMMSN,847,,FALSE,Peru,aym,,,FALSE,,,,,,
WQMMSN_2000_AYM_B3C2,,,potato,396012.223,doi_10.21223_WQMMSN,848,,FALSE,Peru,aym,,,FALSE,,,,,,
WQMMSN_2000_AYM_B3C2,,,potato,396012.22600000002,doi_10.21223_WQMMSN,849,,FALSE,Peru,aym,,,FALSE,,,,,,
WQMMSN_2000_AYM_B3C2,,,potato,396012.266,doi_10.21223_WQMMSN,850,,FALSE,Peru,aym,,,FALSE,,,,,,
WQMMSN_2000_AYM_B3C2,,,potato,396012.27100000001,doi_10.21223_WQMMSN,851,,FALSE,Peru,aym,,,FALSE,,,,,,
WQMMSN_2000_AYM_B3C2,,,potato,396012.28,doi_10.21223_WQMMSN,852,,FALSE,Peru,aym,,,FALSE,,,,,,
WQMMSN_2000_AYM_B3C2,,,potato,396012.288,doi_10.21223_WQMMSN,853,,FALSE,Peru,aym,,,FALSE,,,,,,
WQMMSN_2000_AYM_B3C2,,,potato,396015.20600000001,doi_10.21223_WQMMSN,854,,FALSE,Peru,aym,,,FALSE,,,,,,
WQMMSN_2000_AYM_B3C2,,,potato,396017.21100000001,doi_10.21223_WQMMSN,855,,FALSE,Peru,aym,,,FALSE,,,,,,
WQMMSN_2000_AYM_B3C2,,,potato,396017.223,doi_10.21223_WQMMSN,856,,FALSE,Peru,aym,,,FALSE,,,,,,
WQMMSN_2000_AYM_B3C2,,,potato,396017.24300000002,doi_10.21223_WQMMSN,857,,FALSE,Peru,aym,,,FALSE,,,,,,
WQMMSN_2000_AYM_B3C2,,,potato,396018.20299999998,doi_10.21223_WQMMSN,858,,FALSE,Peru,aym,,,FALSE,,,,,,
WQMMSN_2000_AYM_B3C2,,,potato,396018.23200000002,doi_10.21223_WQMMSN,859,,FALSE,Peru,aym,,,FALSE,,,,,,
WQMMSN_2000_AYM_B3C2,,,potato,396018.23599999998,doi_10.21223_WQMMSN,860,,FALSE,Peru,aym,,,FALSE,,,,,,
WQMMSN_2000_AYM_B3C2,,,potato,396018.24099999998,doi_10.21223_WQMMSN,861,,FALSE,Peru,aym,,,FALSE,,,,,,
WQMMSN_2000_AYM_B3C2,,,potato,396019.20799999998,doi_10.21223_WQMMSN,862,,FALSE,Peru,aym,,,FALSE,,,,,,
WQMMSN_2000_AYM_B3C2,,,potato,396019.21299999999,doi_10.21223_WQMMSN,863,,FALSE,Peru,aym,,,FALSE,,,,,,
WQMMSN_2000_AYM_B3C2,,,potato,396019.22399999999,doi_10.21223_WQMMSN,864,,FALSE,Peru,aym,,,FALSE,,,,,,
WQMMSN_2000_AYM_B3C2,,,potato,396019.22600000002,doi_10.21223_WQMMSN,865,,FALSE,Peru,aym,,,FALSE,,,,,,
WQMMSN_2000_AYM_B3C2,,,potato,396022.20500000002,doi_10.21223_WQMMSN,866,,FALSE,Peru,aym,,,FALSE,,,,,,
WQMMSN_2000_AYM_B3C2,,,potato,396022.20600000001,doi_10.21223_WQMMSN,867,,FALSE,Peru,aym,,,FALSE,,,,,,
WQMMSN_2000_AYM_B3C2,,,potato,396022.22700000001,doi_10.21223_WQMMSN,868,,FALSE,Peru,aym,,,FALSE,,,,,,
WQMMSN_2000_AYM_B3C2,,,potato,396022.24400000001,doi_10.21223_WQMMSN,869,,FALSE,Peru,aym,,,FALSE,,,,,,
WQMMSN_2000_AYM_B3C2,,,potato,396022.24900000001,doi_10.21223_WQMMSN,870,,FALSE,Peru,aym,,,FALSE,,,,,,
WQMMSN_2000_AYM_B3C2,,,potato,396025.10200000001,doi_10.21223_WQMMSN,871,,FALSE,Peru,aym,,,FALSE,,,,,,
WQMMSN_2000_AYM_B3C2,,,potato,396026.10100000002,doi_10.21223_WQMMSN,872,,FALSE,Peru,aym,,,FALSE,,,,,,
WQMMSN_2000_AYM_B3C2,,,potato,396026.103,doi_10.21223_WQMMSN,873,,FALSE,Peru,aym,,,FALSE,,,,,,
WQMMSN_2000_AYM_B3C2,,,potato,396027.10499999998,doi_10.21223_WQMMSN,874,,FALSE,Peru,aym,,,FALSE,,,,,,
WQMMSN_2000_AYM_B3C2,,,potato,396027.11099999998,doi_10.21223_WQMMSN,875,,FALSE,Peru,aym,,,FALSE,,,,,,
WQMMSN_2000_AYM_B3C2,,,potato,396027.20500000002,doi_10.21223_WQMMSN,876,,FALSE,Peru,aym,,,FALSE,,,,,,
WQMMSN_2000_AYM_B3C2,,,potato,396027.212,doi_10.21223_WQMMSN,877,,FALSE,Peru,aym,,,FALSE,,,,,,
WQMMSN_2000_AYM_B3C2,,,potato,396029.10200000001,doi_10.21223_WQMMSN,878,,FALSE,Peru,aym,,,FALSE,,,,,,
WQMMSN_2000_AYM_B3C2,,,potato,396029.10600000003,doi_10.21223_WQMMSN,879,,FALSE,Peru,aym,,,FALSE,,,,,,
WQMMSN_2000_AYM_B3C2,,,potato,396029.109,doi_10.21223_WQMMSN,880,,FALSE,Peru,aym,,,FALSE,,,,,,
WQMMSN_2000_AYM_B3C2,,,potato,396029.20500000002,doi_10.21223_WQMMSN,881,,FALSE,Peru,aym,,,FALSE,,,,,,
WQMMSN_2000_AYM_B3C2,,,potato,396029.21100000001,doi_10.21223_WQMMSN,882,,FALSE,Peru,aym,,,FALSE,,,,,,
WQMMSN_2000_AYM_B3C2,,,potato,396029.217,doi_10.21223_WQMMSN,883,,FALSE,Peru,aym,,,FALSE,,,,,,
WQMMSN_2000_AYM_B3C2,,,potato,396029.21899999998,doi_10.21223_WQMMSN,884,,FALSE,Peru,aym,,,FALSE,,,,,,
WQMMSN_2000_AYM_B3C2,,,potato,396029.22,doi_10.21223_WQMMSN,885,,FALSE,Peru,aym,,,FALSE,,,,,,
WQMMSN_2000_AYM_B3C2,,,potato,396029.22600000002,doi_10.21223_WQMMSN,886,,FALSE,Peru,aym,,,FALSE,,,,,,
WQMMSN_2000_AYM_B3C2,,,potato,396029.24400000001,doi_10.21223_WQMMSN,887,,FALSE,Peru,aym,,,FALSE,,,,,,
WQMMSN_2000_AYM_B3C2,,,potato,396029.245,doi_10.21223_WQMMSN,888,,FALSE,Peru,aym,,,FALSE,,,,,,
WQMMSN_2000_AYM_B3C2,,,potato,396029.24800000002,doi_10.21223_WQMMSN,889,,FALSE,Peru,aym,,,FALSE,,,,,,
WQMMSN_2000_AYM_B3C2,,,potato,396029.25,doi_10.21223_WQMMSN,890,,FALSE,Peru,aym,,,FALSE,,,,,,
WQMMSN_2000_AYM_B3C2,,,potato,396029.25199999998,doi_10.21223_WQMMSN,891,,FALSE,Peru,aym,,,FALSE,,,,,,
WQMMSN_2000_AYM_B3C2,,,potato,396030.10499999998,doi_10.21223_WQMMSN,892,,FALSE,Peru,aym,,,FALSE,,,,,,
WQMMSN_2000_AYM_B3C2,,,potato,396031.10800000001,doi_10.21223_WQMMSN,893,,FALSE,Peru,aym,,,FALSE,,,,,,
WQMMSN_2000_AYM_B3C2,,,potato,396031.11300000001,doi_10.21223_WQMMSN,894,,FALSE,Peru,aym,,,FALSE,,,,,,
WQMMSN_2000_AYM_B3C2,,,potato,396031.11800000002,doi_10.21223_WQMMSN,895,,FALSE,Peru,aym,,,FALSE,,,,,,
WQMMSN_2000_AYM_B3C2,,,potato,396031.11900000001,doi_10.21223_WQMMSN,896,,FALSE,Peru,aym,,,FALSE,,,,,,
WQMMSN_2000_AYM_B3C2,,,potato,396031.201,doi_10.21223_WQMMSN,897,,FALSE,Peru,aym,,,FALSE,,,,,,
WQMMSN_2000_AYM_B3C2,,,potato,396031.20899999997,doi_10.21223_WQMMSN,898,,FALSE,Peru,aym,,,FALSE,,,,,,
WQMMSN_2000_AYM_B3C2,,,potato,396031.22100000002,doi_10.21223_WQMMSN,899,,FALSE,Peru,aym,,,FALSE,,,,,,
WQMMSN_2000_AYM_B3C2,,,potato,396031.23599999998,doi_10.21223_WQMMSN,900,,FALSE,Peru,aym,,,FALSE,,,,,,
WQMMSN_2000_AYM_B3C2,,,potato,396031.24200000003,doi_10.21223_WQMMSN,901,,FALSE,Peru,aym,,,FALSE,,,,,,
WQMMSN_2000_AYM_B3C2,,,potato,396032.11099999998,doi_10.21223_WQMMSN,902,,FALSE,Peru,aym,,,FALSE,,,,,,
WQMMSN_2000_AYM_B3C2,,,potato,396033.10200000001,doi_10.21223_WQMMSN,903,,FALSE,Peru,aym,,,FALSE,,,,,,
WQMMSN_2000_AYM_B3C2,,,potato,396034.103,doi_10.21223_WQMMSN,904,,FALSE,Peru,aym,,,FALSE,,,,,,
WQMMSN_2000_AYM_B3C2,,,potato,396034.26799999998,doi_10.21223_WQMMSN,905,,FALSE,Peru,aym,,,FALSE,,,,,,
WQMMSN_2000_AYM_B3C2,,,potato,396034.272,doi_10.21223_WQMMSN,906,,FALSE,Peru,aym,,,FALSE,,,,,,
WQMMSN_2000_AYM_B3C2,,,potato,396034.28,doi_10.21223_WQMMSN,907,,FALSE,Peru,aym,,,FALSE,,,,,,
WQMMSN_2000_AYM_B3C2,,,potato,396036.11300000001,doi_10.21223_WQMMSN,908,,FALSE,Peru,aym,,,FALSE,,,,,,
WQMMSN_2000_AYM_B3C2,,,potato,396036.20199999999,doi_10.21223_WQMMSN,909,,FALSE,Peru,aym,,,FALSE,,,,,,
WQMMSN_2000_AYM_B3C2,,,potato,396037.21500000003,doi_10.21223_WQMMSN,910,,FALSE,Peru,aym,,,FALSE,,,,,,
WQMMSN_2000_AYM_B3C2,,,potato,396037.23,doi_10.21223_WQMMSN,911,,FALSE,Peru,aym,,,FALSE,,,,,,
WQMMSN_2000_AYM_B3C2,,,potato,396038.10100000002,doi_10.21223_WQMMSN,912,,FALSE,Peru,aym,,,FALSE,,,,,,
WQMMSN_2000_AYM_B3C2,,,potato,396038.10499999998,doi_10.21223_WQMMSN,913,,FALSE,Peru,aym,,,FALSE,,,,,,
WQMMSN_2000_AYM_B3C2,,,potato,396038.10700000002,doi_10.21223_WQMMSN,914,,FALSE,Peru,aym,,,FALSE,,,,,,
WQMMSN_2000_AYM_B3C2,,,potato,396039.103,doi_10.21223_WQMMSN,915,,FALSE,Peru,aym,,,FALSE,,,,,,
WQMMSN_2000_AYM_B3C2,,,potato,396039.22499999998,doi_10.21223_WQMMSN,916,,FALSE,Peru,aym,,,FALSE,,,,,,
WQMMSN_2000_AYM_B3C2,,,potato,396039.23700000002,doi_10.21223_WQMMSN,917,,FALSE,Peru,aym,,,FALSE,,,,,,
WQMMSN_2000_AYM_B3C2,,,potato,396040.10100000002,doi_10.21223_WQMMSN,918,,FALSE,Peru,aym,,,FALSE,,,,,,
WQMMSN_2000_AYM_B3C2,,,potato,396041.20199999999,doi_10.21223_WQMMSN,919,,FALSE,Peru,aym,,,FALSE,,,,,,
WQMMSN_2000_AYM_B3C2,,,potato,396041.21500000003,doi_10.21223_WQMMSN,920,,FALSE,Peru,aym,,,FALSE,,,,,,
WQMMSN_2000_AYM_B3C2,,,potato,396043.20299999998,doi_10.21223_WQMMSN,921,,FALSE,Peru,aym,,,FALSE,,,,,,
WQMMSN_2000_AYM_B3C2,,,potato,396043.212,doi_10.21223_WQMMSN,922,,FALSE,Peru,aym,,,FALSE,,,,,,
WQMMSN_2000_AYM_B3C2,,,potato,396043.223,doi_10.21223_WQMMSN,923,,FALSE,Peru,aym,,,FALSE,,,,,,
WQMMSN_2000_AYM_B3C2,,,potato,396043.22600000002,doi_10.21223_WQMMSN,924,,FALSE,Peru,aym,,,FALSE,,,,,,
WQMMSN_2000_AYM_B3C2,,,potato,396043.23700000002,doi_10.21223_WQMMSN,925,,FALSE,Peru,aym,,,FALSE,,,,,,
WQMMSN_2000_AYM_B3C2,,,potato,396046.10499999998,doi_10.21223_WQMMSN,926,,FALSE,Peru,aym,,,FALSE,,,,,,
WQMMSN_2000_AYM_B3C2,,,potato,396225.1,doi_10.21223_WQMMSN,927,,FALSE,Peru,aym,,,FALSE,,,,,,
WQMMSN_2000_AYM_B3C2,,,potato,396233.2,doi_10.21223_WQMMSN,928,,FALSE,Peru,aym,,,FALSE,,,,,,
WQMMSN_2000_AYM_B3C2,,,potato,396234.11,doi_10.21223_WQMMSN,929,,FALSE,Peru,aym,,,FALSE,,,,,,
WQMMSN_2000_AYM_B3C2,,,potato,396234.12,doi_10.21223_WQMMSN,930,,FALSE,Peru,aym,,,FALSE,,,,,,
WQMMSN_2000_AYM_B3C2,,,potato,396234.2,doi_10.21223_WQMMSN,931,,FALSE,Peru,aym,,,FALSE,,,,,,
WQMMSN_2000_AYM_B3C2,,,potato,396235.12,doi_10.21223_WQMMSN,932,,FALSE,Peru,aym,,,FALSE,,,,,,
WQMMSN_2000_AYM_B3C2,,,potato,396235.7,doi_10.21223_WQMMSN,933,,FALSE,Peru,aym,,,FALSE,,,,,,
WQMMSN_2000_AYM_B3C2,,,potato,396236.1,doi_10.21223_WQMMSN,934,,FALSE,Peru,aym,,,FALSE,,,,,,
WQMMSN_2000_AYM_B3C2,,,potato,396236.15,doi_10.21223_WQMMSN,935,,FALSE,Peru,aym,,,FALSE,,,,,,
WQMMSN_2000_AYM_B3C2,,,potato,396236.16,doi_10.21223_WQMMSN,936,,FALSE,Peru,aym,,,FALSE,,,,,,
WQMMSN_2000_AYM_B3C2,,,potato,396236.19,doi_10.21223_WQMMSN,937,,FALSE,Peru,aym,,,FALSE,,,,,,
WQMMSN_2000_AYM_B3C2,,,potato,396236.2,doi_10.21223_WQMMSN,938,,FALSE,Peru,aym,,,FALSE,,,,,,
WQMMSN_2000_AYM_B3C2,,,potato,396236.5,doi_10.21223_WQMMSN,939,,FALSE,Peru,aym,,,FALSE,,,,,,
WQMMSN_2000_AYM_B3C2,,,potato,396237.11,doi_10.21223_WQMMSN,940,,FALSE,Peru,aym,,,FALSE,,,,,,
WQMMSN_2000_AYM_B3C2,,,potato,396237.6,doi_10.21223_WQMMSN,941,,FALSE,Peru,aym,,,FALSE,,,,,,
WQMMSN_2000_AYM_B3C2,,,potato,396238.13,doi_10.21223_WQMMSN,942,,FALSE,Peru,aym,,,FALSE,,,,,,
WQMMSN_2000_AYM_B3C2,,,potato,396238.2,doi_10.21223_WQMMSN,943,,FALSE,Peru,aym,,,FALSE,,,,,,
WQMMSN_2000_AYM_B3C2,,,potato,396240.1,doi_10.21223_WQMMSN,944,,FALSE,Peru,aym,,,FALSE,,,,,,
WQMMSN_2000_AYM_B3C2,,,potato,396240.11,doi_10.21223_WQMMSN,945,,FALSE,Peru,aym,,,FALSE,,,,,,
WQMMSN_2000_AYM_B3C2,,,potato,396240.13,doi_10.21223_WQMMSN,946,,FALSE,Peru,aym,,,FALSE,,,,,,
WQMMSN_2000_AYM_B3C2,,,potato,396240.16,doi_10.21223_WQMMSN,947,,FALSE,Peru,aym,,,FALSE,,,,,,
WQMMSN_2000_AYM_B3C2,,,potato,396240.2,doi_10.21223_WQMMSN,948,,FALSE,Peru,aym,,,FALSE,,,,,,
WQMMSN_2000_AYM_B3C2,,,potato,396240.23,doi_10.21223_WQMMSN,949,,FALSE,Peru,aym,,,FALSE,,,,,,
WQMMSN_2000_AYM_B3C2,,,potato,396240.3,doi_10.21223_WQMMSN,950,,FALSE,Peru,aym,,,FALSE,,,,,,
WQMMSN_2000_AYM_B3C2,,,potato,396240.8,doi_10.21223_WQMMSN,951,,FALSE,Peru,aym,,,FALSE,,,,,,
WQMMSN_2000_AYM_B3C2,,,potato,396241.1,doi_10.21223_WQMMSN,952,,FALSE,Peru,aym,,,FALSE,,,,,,
WQMMSN_2000_AYM_B3C2,,,potato,396241.6,doi_10.21223_WQMMSN,953,,FALSE,Peru,aym,,,FALSE,,,,,,
WQMMSN_2000_AYM_B3C2,,,potato,396243.25,doi_10.21223_WQMMSN,954,,FALSE,Peru,aym,,,FALSE,,,,,,
WQMMSN_2000_AYM_B3C2,,,potato,396243.29,doi_10.21223_WQMMSN,955,,FALSE,Peru,aym,,,FALSE,,,,,,
WQMMSN_2000_AYM_B3C2,,,potato,396244.1,doi_10.21223_WQMMSN,956,,FALSE,Peru,aym,,,FALSE,,,,,,
WQMMSN_2000_AYM_B3C2,,,potato,396244.12,doi_10.21223_WQMMSN,957,,FALSE,Peru,aym,,,FALSE,,,,,,
WQMMSN_2000_AYM_B3C2,,,potato,396244.17,doi_10.21223_WQMMSN,958,,FALSE,Peru,aym,,,FALSE,,,,,,
WQMMSN_2000_AYM_B3C2,,,potato,396244.6,doi_10.21223_WQMMSN,959,,FALSE,Peru,aym,,,FALSE,,,,,,
WQMMSN_2000_AYM_B3C2,,,potato,396247.12,doi_10.21223_WQMMSN,960,,FALSE,Peru,aym,,,FALSE,,,,,,
WQMMSN_2000_AYM_B3C2,,,potato,396247.15,doi_10.21223_WQMMSN,961,,FALSE,Peru,aym,,,FALSE,,,,,,
WQMMSN_2000_AYM_B3C2,,,potato,396247.18,doi_10.21223_WQMMSN,962,,FALSE,Peru,aym,,,FALSE,,,,,,
WQMMSN_2000_AYM_B3C2,,,potato,396247.2,doi_10.21223_WQMMSN,963,,FALSE,Peru,aym,,,FALSE,,,,,,
WQMMSN_2000_AYM_B3C2,,,potato,396249.25,doi_10.21223_WQMMSN,964,,FALSE,Peru,aym,,,FALSE,,,,,,
WQMMSN_2000_AYM_B3C2,,,potato,396249.5,doi_10.21223_WQMMSN,965,,FALSE,Peru,aym,,,FALSE,,,,,,
WQMMSN_2000_AYM_B3C2,,,potato,396249.59999999998,doi_10.21223_WQMMSN,966,,FALSE,Peru,aym,,,FALSE,,,,,,
WQMMSN_2000_AYM_B3C2,,,potato,396249.7,doi_10.21223_WQMMSN,967,,FALSE,Peru,aym,,,FALSE,,,,,,
WQMMSN_2000_AYM_B3C2,,,potato,396250.16,doi_10.21223_WQMMSN,968,,FALSE,Peru,aym,,,FALSE,,,,,,
WQMMSN_2000_AYM_B3C2,,,potato,396250.17,doi_10.21223_WQMMSN,969,,FALSE,Peru,aym,,,FALSE,,,,,,
WQMMSN_2000_AYM_B3C2,,,potato,396252.12,doi_10.21223_WQMMSN,970,,FALSE,Peru,aym,,,FALSE,,,,,,
WQMMSN_2000_AYM_B3C2,,,potato,396253.5,doi_10.21223_WQMMSN,971,,FALSE,Peru,aym,,,FALSE,,,,,,
WQMMSN_2000_AYM_B3C2,,,potato,396254.6,doi_10.21223_WQMMSN,972,,FALSE,Peru,aym,,,FALSE,,,,,,
WQMMSN_2000_AYM_B3C2,,,potato,396255.1,doi_10.21223_WQMMSN,973,,FALSE,Peru,aym,,,FALSE,,,,,,
WQMMSN_2000_AYM_B3C2,,,potato,396255.12,doi_10.21223_WQMMSN,974,,FALSE,Peru,aym,,,FALSE,,,,,,
WQMMSN_2000_AYM_B3C2,,,potato,396255.7,doi_10.21223_WQMMSN,975,,FALSE,Peru,aym,,,FALSE,,,,,,
WQMMSN_2000_AYM_B3C2,,,potato,396255.8,doi_10.21223_WQMMSN,976,,FALSE,Peru,aym,,,FALSE,,,,,,
WQMMSN_2000_AYM_B3C2,,,potato,396255.9,doi_10.21223_WQMMSN,977,,FALSE,Peru,aym,,,FALSE,,,,,,
WQMMSN_2000_AYM_B3C2,,,potato,396256.4,doi_10.21223_WQMMSN,978,,FALSE,Peru,aym,,,FALSE,,,,,,
WQMMSN_2000_AYM_B3C2,,,potato,396257.15,doi_10.21223_WQMMSN,979,,FALSE,Peru,aym,,,FALSE,,,,,,
WQMMSN_2000_AYM_B3C2,,,potato,396257.4,doi_10.21223_WQMMSN,980,,FALSE,Peru,aym,,,FALSE,,,,,,
WQMMSN_2000_AYM_B3C2,,,potato,396257.8,doi_10.21223_WQMMSN,981,,FALSE,Peru,aym,,,FALSE,,,,,,
WQMMSN_2000_AYM_B3C2,,,potato,396258.4,doi_10.21223_WQMMSN,982,,FALSE,Peru,aym,,,FALSE,,,,,,
WQMMSN_2000_AYM_B3C2,,,potato,396259.5,doi_10.21223_WQMMSN,983,,FALSE,Peru,aym,,,FALSE,,,,,,
WQMMSN_2000_AYM_B3C2,,,potato,396260.4,doi_10.21223_WQMMSN,984,,FALSE,Peru,aym,,,FALSE,,,,,,
WQMMSN_2000_AYM_B3C2,,,potato,396260.6,doi_10.21223_WQMMSN,985,,FALSE,Peru,aym,,,FALSE,,,,,,
WQMMSN_2000_AYM_B3C2,,,potato,396262.6,doi_10.21223_WQMMSN,986,,FALSE,Peru,aym,,,FALSE,,,,,,
WQMMSN_2000_AYM_B3C2,,,potato,396263.8,doi_10.21223_WQMMSN,987,,FALSE,Peru,aym,,,FALSE,,,,,,
WQMMSN_2000_AYM_B3C2,,,potato,396264.14,doi_10.21223_WQMMSN,988,,FALSE,Peru,aym,,,FALSE,,,,,,
WQMMSN_2000_AYM_B3C2,,,potato,396264.4,doi_10.21223_WQMMSN,989,,FALSE,Peru,aym,,,FALSE,,,,,,
WQMMSN_2000_AYM_B3C2,,,potato,396264.8,doi_10.21223_WQMMSN,990,,FALSE,Peru,aym,,,FALSE,,,,,,
WQMMSN_2000_AYM_B3C2,,,potato,396265.4,doi_10.21223_WQMMSN,991,,FALSE,Peru,aym,,,FALSE,,,,,,
WQMMSN_2000_AYM_B3C2,,,potato,396266.1,doi_10.21223_WQMMSN,992,,FALSE,Peru,aym,,,FALSE,,,,,,
WQMMSN_2000_AYM_B3C2,,,potato,396266.7,doi_10.21223_WQMMSN,993,,FALSE,Peru,aym,,,FALSE,,,,,,
WQMMSN_2000_AYM_B3C2,,,potato,396266.8,doi_10.21223_WQMMSN,994,,FALSE,Peru,aym,,,FALSE,,,,,,
WQMMSN_2000_AYM_B3C2,,,potato,396266.9,doi_10.21223_WQMMSN,995,,FALSE,Peru,aym,,,FALSE,,,,,,
WQMMSN_2000_COM_B3C2,,,potato,395005.245,doi_10.21223_WQMMSN,996,,FALSE,Peru,com,,,FALSE,,,,,,
WQMMSN_2000_COM_B3C2,,,potato,395011.2,doi_10.21223_WQMMSN,997,,FALSE,Peru,com,,,FALSE,,,,,,
WQMMSN_2000_COM_B3C2,,,potato,395011.6,doi_10.21223_WQMMSN,998,,FALSE,Peru,com,,,FALSE,,,,,,
WQMMSN_2000_COM_B3C2,,,potato,395015.5,doi_10.21223_WQMMSN,999,,FALSE,Peru,com,,,FALSE,,,,,,
WQMMSN_2000_COM_B3C2,,,potato,395015.6,doi_10.21223_WQMMSN,1000,,FALSE,Peru,com,,,FALSE,,,,,,
WQMMSN_2000_COM_B3C2,,,potato,395037.107,doi_10.21223_WQMMSN,1001,,FALSE,Peru,com,,,FALSE,,,,,,
WQMMSN_2000_COM_B3C2,,,potato,395077.12,doi_10.21223_WQMMSN,1002,,FALSE,Peru,com,,,FALSE,,,,,,
WQMMSN_2000_COM_B3C2,,,potato,395077.5,doi_10.21223_WQMMSN,1003,,FALSE,Peru,com,,,FALSE,,,,,,
WQMMSN_2000_COM_B3C2,,,potato,395084.9,doi_10.21223_WQMMSN,1004,,FALSE,Peru,com,,,FALSE,,,,,,
WQMMSN_2000_COM_B3C2,,,potato,395096.3,doi_10.21223_WQMMSN,1005,,FALSE,Peru,com,,,FALSE,,,,,,
WQMMSN_2000_COM_B3C2,,,potato,395096.7,doi_10.21223_WQMMSN,1006,,FALSE,Peru,com,,,FALSE,,,,,,
WQMMSN_2000_COM_B3C2,,,potato,395097.4,doi_10.21223_WQMMSN,1007,,FALSE,Peru,com,,,FALSE,,,,,,
WQMMSN_2000_COM_B3C2,,,potato,395104.4,doi_10.21223_WQMMSN,1008,,FALSE,Peru,com,,,FALSE,,,,,,
WQMMSN_2000_COM_B3C2,,,potato,395105.4,doi_10.21223_WQMMSN,1009,,FALSE,Peru,com,,,FALSE,,,,,,
WQMMSN_2000_COM_B3C2,,,potato,395109.26,doi_10.21223_WQMMSN,1010,,FALSE,Peru,com,,,FALSE,,,,,,
WQMMSN_2000_COM_B3C2,,,potato,395109.29,doi_10.21223_WQMMSN,1011,,FALSE,Peru,com,,,FALSE,,,,,,
WQMMSN_2000_COM_B3C2,,,potato,395109.4,doi_10.21223_WQMMSN,1012,,FALSE,Peru,com,,,FALSE,,,,,,
WQMMSN_2000_COM_B3C2,,,potato,395109.8,doi_10.21223_WQMMSN,1013,,FALSE,Peru,com,,,FALSE,,,,,,
WQMMSN_2000_COM_B3C2,,,potato,395111.6,doi_10.21223_WQMMSN,1014,,FALSE,Peru,com,,,FALSE,,,,,,
WQMMSN_2000_COM_B3C2,,,potato,395112.18,doi_10.21223_WQMMSN,1015,,FALSE,Peru,com,,,FALSE,,,,,,
WQMMSN_2000_COM_B3C2,,,potato,395112.19,doi_10.21223_WQMMSN,1016,,FALSE,Peru,com,,,FALSE,,,,,,
WQMMSN_2000_COM_B3C2,,,potato,395112.32,doi_10.21223_WQMMSN,1017,,FALSE,Peru,com,,,FALSE,,,,,,
WQMMSN_2000_COM_B3C2,,,potato,395112.36,doi_10.21223_WQMMSN,1018,,FALSE,Peru,com,,,FALSE,,,,,,
WQMMSN_2000_COM_B3C2,,,potato,395112.6,doi_10.21223_WQMMSN,1019,,FALSE,Peru,com,,,FALSE,,,,,,
WQMMSN_2000_COM_B3C2,,,potato,395113.2,doi_10.21223_WQMMSN,1020,,FALSE,Peru,com,,,FALSE,,,,,,
WQMMSN_2000_COM_B3C2,,,potato,395117.3,doi_10.21223_WQMMSN,1021,,FALSE,Peru,com,,,FALSE,,,,,,
WQMMSN_2000_COM_B3C2,,,potato,395123.6,doi_10.21223_WQMMSN,1022,,FALSE,Peru,com,,,FALSE,,,,,,
WQMMSN_2000_COM_B3C2,,,potato,395125.102,doi_10.21223_WQMMSN,1023,,FALSE,Peru,com,,,FALSE,,,,,,
WQMMSN_2000_COM_B3C2,,,potato,395125.2,doi_10.21223_WQMMSN,1024,,FALSE,Peru,com,,,FALSE,,,,,,
WQMMSN_2000_COM_B3C2,,,potato,395143.4,doi_10.21223_WQMMSN,1025,,FALSE,Peru,com,,,FALSE,,,,,,
WQMMSN_2000_COM_B3C2,,,potato,395169.17,doi_10.21223_WQMMSN,1026,,FALSE,Peru,com,,,FALSE,,,,,,
WQMMSN_2000_COM_B3C2,,,potato,395179.21,doi_10.21223_WQMMSN,1027,,FALSE,Peru,com,,,FALSE,,,,,,
WQMMSN_2000_COM_B3C2,,,potato,396004.103,doi_10.21223_WQMMSN,1028,,FALSE,Peru,com,,,FALSE,,,,,,
WQMMSN_2000_COM_B3C2,,,potato,396004.106,doi_10.21223_WQMMSN,1029,,FALSE,Peru,com,,,FALSE,,,,,,
WQMMSN_2000_COM_B3C2,,,potato,396004.212,doi_10.21223_WQMMSN,1030,,FALSE,Peru,com,,,FALSE,,,,,,
WQMMSN_2000_COM_B3C2,,,potato,396004.225,doi_10.21223_WQMMSN,1031,,FALSE,Peru,com,,,FALSE,,,,,,
WQMMSN_2000_COM_B3C2,,,potato,396004.247,doi_10.21223_WQMMSN,1032,,FALSE,Peru,com,,,FALSE,,,,,,
WQMMSN_2000_COM_B3C2,,,potato,396004.263,doi_10.21223_WQMMSN,1033,,FALSE,Peru,com,,,FALSE,,,,,,
WQMMSN_2000_COM_B3C2,,,potato,396004.264,doi_10.21223_WQMMSN,1034,,FALSE,Peru,com,,,FALSE,,,,,,
WQMMSN_2000_COM_B3C2,,,potato,396004.268,doi_10.21223_WQMMSN,1035,,FALSE,Peru,com,,,FALSE,,,,,,
WQMMSN_2000_COM_B3C2,,,potato,396004.283,doi_10.21223_WQMMSN,1036,,FALSE,Peru,com,,,FALSE,,,,,,
WQMMSN_2000_COM_B3C2,,,potato,396004.301,doi_10.21223_WQMMSN,1037,,FALSE,Peru,com,,,FALSE,,,,,,
WQMMSN_2000_COM_B3C2,,,potato,396004.358,doi_10.21223_WQMMSN,1038,,FALSE,Peru,com,,,FALSE,,,,,,
WQMMSN_2000_COM_B3C2,,,potato,396004.359,doi_10.21223_WQMMSN,1039,,FALSE,Peru,com,,,FALSE,,,,,,
WQMMSN_2000_COM_B3C2,,,potato,396005.224,doi_10.21223_WQMMSN,1040,,FALSE,Peru,com,,,FALSE,,,,,,
WQMMSN_2000_COM_B3C2,,,potato,396008.104,doi_10.21223_WQMMSN,1041,,FALSE,Peru,com,,,FALSE,,,,,,
WQMMSN_2000_COM_B3C2,,,potato,396009.239,doi_10.21223_WQMMSN,1042,,FALSE,Peru,com,,,FALSE,,,,,,
WQMMSN_2000_COM_B3C2,,,potato,396009.240,doi_10.21223_WQMMSN,1043,,FALSE,Peru,com,,,FALSE,,,,,,
WQMMSN_2000_COM_B3C2,,,potato,396011.205,doi_10.21223_WQMMSN,1044,,FALSE,Peru,com,,,FALSE,,,,,,
WQMMSN_2000_COM_B3C2,,,potato,396012.223,doi_10.21223_WQMMSN,1045,,FALSE,Peru,com,,,FALSE,,,,,,
WQMMSN_2000_COM_B3C2,,,potato,396012.266,doi_10.21223_WQMMSN,1046,,FALSE,Peru,com,,,FALSE,,,,,,
WQMMSN_2000_COM_B3C2,,,potato,396012.288,doi_10.21223_WQMMSN,1047,,FALSE,Peru,com,,,FALSE,,,,,,
WQMMSN_2000_COM_B3C2,,,potato,396015.206,doi_10.21223_WQMMSN,1048,,FALSE,Peru,com,,,FALSE,,,,,,
WQMMSN_2000_COM_B3C2,,,potato,396017.215,doi_10.21223_WQMMSN,1049,,FALSE,Peru,com,,,FALSE,,,,,,
WQMMSN_2000_COM_B3C2,,,potato,396018.203,doi_10.21223_WQMMSN,1050,,FALSE,Peru,com,,,FALSE,,,,,,
WQMMSN_2000_COM_B3C2,,,potato,396018.232,doi_10.21223_WQMMSN,1051,,FALSE,Peru,com,,,FALSE,,,,,,
WQMMSN_2000_COM_B3C2,,,potato,396018.241,doi_10.21223_WQMMSN,1052,,FALSE,Peru,com,,,FALSE,,,,,,
WQMMSN_2000_COM_B3C2,,,potato,396019.105,doi_10.21223_WQMMSN,1053,,FALSE,Peru,com,,,FALSE,,,,,,
WQMMSN_2000_COM_B3C2,,,potato,396019.208,doi_10.21223_WQMMSN,1054,,FALSE,Peru,com,,,FALSE,,,,,,
WQMMSN_2000_COM_B3C2,,,potato,396019.213,doi_10.21223_WQMMSN,1055,,FALSE,Peru,com,,,FALSE,,,,,,
WQMMSN_2000_COM_B3C2,,,potato,396019.230,doi_10.21223_WQMMSN,1056,,FALSE,Peru,com,,,FALSE,,,,,,
WQMMSN_2000_COM_B3C2,,,potato,396022.206,doi_10.21223_WQMMSN,1057,,FALSE,Peru,com,,,FALSE,,,,,,
WQMMSN_2000_COM_B3C2,,,potato,396022.235,doi_10.21223_WQMMSN,1058,,FALSE,Peru,com,,,FALSE,,,,,,
WQMMSN_2000_COM_B3C2,,,potato,396022.244,doi_10.21223_WQMMSN,1059,,FALSE,Peru,com,,,FALSE,,,,,,
WQMMSN_2000_COM_B3C2,,,potato,396022.249,doi_10.21223_WQMMSN,1060,,FALSE,Peru,com,,,FALSE,,,,,,
WQMMSN_2000_COM_B3C2,,,potato,396023.110,doi_10.21223_WQMMSN,1061,,FALSE,Peru,com,,,FALSE,,,,,,
WQMMSN_2000_COM_B3C2,,,potato,396025.102,doi_10.21223_WQMMSN,1062,,FALSE,Peru,com,,,FALSE,,,,,,
WQMMSN_2000_COM_B3C2,,,potato,396025.109,doi_10.21223_WQMMSN,1063,,FALSE,Peru,com,,,FALSE,,,,,,
WQMMSN_2000_COM_B3C2,,,potato,396026.101,doi_10.21223_WQMMSN,1064,,FALSE,Peru,com,,,FALSE,,,,,,
WQMMSN_2000_COM_B3C2,,,potato,396026.103,doi_10.21223_WQMMSN,1065,,FALSE,Peru,com,,,FALSE,,,,,,
WQMMSN_2000_COM_B3C2,,,potato,396027.205,doi_10.21223_WQMMSN,1066,,FALSE,Peru,com,,,FALSE,,,,,,
WQMMSN_2000_COM_B3C2,,,potato,396027.211,doi_10.21223_WQMMSN,1067,,FALSE,Peru,com,,,FALSE,,,,,,
WQMMSN_2000_COM_B3C2,,,potato,396027.214,doi_10.21223_WQMMSN,1068,,FALSE,Peru,com,,,FALSE,,,,,,
WQMMSN_2000_COM_B3C2,,,potato,396027.221,doi_10.21223_WQMMSN,1069,,FALSE,Peru,com,,,FALSE,,,,,,
WQMMSN_2000_COM_B3C2,,,potato,396029.102,doi_10.21223_WQMMSN,1070,,FALSE,Peru,com,,,FALSE,,,,,,
WQMMSN_2000_COM_B3C2,,,potato,396029.106,doi_10.21223_WQMMSN,1071,,FALSE,Peru,com,,,FALSE,,,,,,
WQMMSN_2000_COM_B3C2,,,potato,396029.205,doi_10.21223_WQMMSN,1072,,FALSE,Peru,com,,,FALSE,,,,,,
WQMMSN_2000_COM_B3C2,,,potato,396029.211,doi_10.21223_WQMMSN,1073,,FALSE,Peru,com,,,FALSE,,,,,,
WQMMSN_2000_COM_B3C2,,,potato,396029.212,doi_10.21223_WQMMSN,1074,,FALSE,Peru,com,,,FALSE,,,,,,
WQMMSN_2000_COM_B3C2,,,potato,396029.213,doi_10.21223_WQMMSN,1075,,FALSE,Peru,com,,,FALSE,,,,,,
WQMMSN_2000_COM_B3C2,,,potato,396029.217,doi_10.21223_WQMMSN,1076,,FALSE,Peru,com,,,FALSE,,,,,,
WQMMSN_2000_COM_B3C2,,,potato,396029.219,doi_10.21223_WQMMSN,1077,,FALSE,Peru,com,,,FALSE,,,,,,
WQMMSN_2000_COM_B3C2,,,potato,396029.220,doi_10.21223_WQMMSN,1078,,FALSE,Peru,com,,,FALSE,,,,,,
WQMMSN_2000_COM_B3C2,,,potato,396029.223,doi_10.21223_WQMMSN,1079,,FALSE,Peru,com,,,FALSE,,,,,,
WQMMSN_2000_COM_B3C2,,,potato,396029.225,doi_10.21223_WQMMSN,1080,,FALSE,Peru,com,,,FALSE,,,,,,
WQMMSN_2000_COM_B3C2,,,potato,396029.226,doi_10.21223_WQMMSN,1081,,FALSE,Peru,com,,,FALSE,,,,,,
WQMMSN_2000_COM_B3C2,,,potato,396029.244,doi_10.21223_WQMMSN,1082,,FALSE,Peru,com,,,FALSE,,,,,,
WQMMSN_2000_COM_B3C2,,,potato,396029.250,doi_10.21223_WQMMSN,1083,,FALSE,Peru,com,,,FALSE,,,,,,
WQMMSN_2000_COM_B3C2,,,potato,396030.105,doi_10.21223_WQMMSN,1084,,FALSE,Peru,com,,,FALSE,,,,,,
WQMMSN_2000_COM_B3C2,,,potato,396031.103,doi_10.21223_WQMMSN,1085,,FALSE,Peru,com,,,FALSE,,,,,,
WQMMSN_2000_COM_B3C2,,,potato,396031.113,doi_10.21223_WQMMSN,1086,,FALSE,Peru,com,,,FALSE,,,,,,
WQMMSN_2000_COM_B3C2,,,potato,396031.120,doi_10.21223_WQMMSN,1087,,FALSE,Peru,com,,,FALSE,,,,,,
WQMMSN_2000_COM_B3C2,,,potato,396031.123,doi_10.21223_WQMMSN,1088,,FALSE,Peru,com,,,FALSE,,,,,,
WQMMSN_2000_COM_B3C2,,,potato,396031.209,doi_10.21223_WQMMSN,1089,,FALSE,Peru,com,,,FALSE,,,,,,
WQMMSN_2000_COM_B3C2,,,potato,396031.213,doi_10.21223_WQMMSN,1090,,FALSE,Peru,com,,,FALSE,,,,,,
WQMMSN_2000_COM_B3C2,,,potato,396031.221,doi_10.21223_WQMMSN,1091,,FALSE,Peru,com,,,FALSE,,,,,,
WQMMSN_2000_COM_B3C2,,,potato,396031.252,doi_10.21223_WQMMSN,1092,,FALSE,Peru,com,,,FALSE,,,,,,
WQMMSN_2000_COM_B3C2,,,potato,396033.102,doi_10.21223_WQMMSN,1093,,FALSE,Peru,com,,,FALSE,,,,,,
WQMMSN_2000_COM_B3C2,,,potato,396034.103,doi_10.21223_WQMMSN,1094,,FALSE,Peru,com,,,FALSE,,,,,,
WQMMSN_2000_COM_B3C2,,,potato,396034.240,doi_10.21223_WQMMSN,1095,,FALSE,Peru,com,,,FALSE,,,,,,
WQMMSN_2000_COM_B3C2,,,potato,396034.265,doi_10.21223_WQMMSN,1096,,FALSE,Peru,com,,,FALSE,,,,,,
WQMMSN_2000_COM_B3C2,,,potato,396034.268,doi_10.21223_WQMMSN,1097,,FALSE,Peru,com,,,FALSE,,,,,,
WQMMSN_2000_COM_B3C2,,,potato,396034.272,doi_10.21223_WQMMSN,1098,,FALSE,Peru,com,,,FALSE,,,,,,
WQMMSN_2000_COM_B3C2,,,potato,396034.280,doi_10.21223_WQMMSN,1099,,FALSE,Peru,com,,,FALSE,,,,,,
WQMMSN_2000_COM_B3C2,,,potato,396036.113,doi_10.21223_WQMMSN,1100,,FALSE,Peru,com,,,FALSE,,,,,,
WQMMSN_2000_COM_B3C2,,,potato,396036.201,doi_10.21223_WQMMSN,1101,,FALSE,Peru,com,,,FALSE,,,,,,
WQMMSN_2000_COM_B3C2,,,potato,396037.215,doi_10.21223_WQMMSN,1102,,FALSE,Peru,com,,,FALSE,,,,,,
WQMMSN_2000_COM_B3C2,,,potato,396037.230,doi_10.21223_WQMMSN,1103,,FALSE,Peru,com,,,FALSE,,,,,,
WQMMSN_2000_COM_B3C2,,,potato,396038.101,doi_10.21223_WQMMSN,1104,,FALSE,Peru,com,,,FALSE,,,,,,
WQMMSN_2000_COM_B3C2,,,potato,396038.105,doi_10.21223_WQMMSN,1105,,FALSE,Peru,com,,,FALSE,,,,,,
WQMMSN_2000_COM_B3C2,,,potato,396038.107,doi_10.21223_WQMMSN,1106,,FALSE,Peru,com,,,FALSE,,,,,,
WQMMSN_2000_COM_B3C2,,,potato,396038.231,doi_10.21223_WQMMSN,1107,,FALSE,Peru,com,,,FALSE,,,,,,
WQMMSN_2000_COM_B3C2,,,potato,396038.246,doi_10.21223_WQMMSN,1108,,FALSE,Peru,com,,,FALSE,,,,,,
WQMMSN_2000_COM_B3C2,,,potato,396039.225,doi_10.21223_WQMMSN,1109,,FALSE,Peru,com,,,FALSE,,,,,,
WQMMSN_2000_COM_B3C2,,,potato,396039.227,doi_10.21223_WQMMSN,1110,,FALSE,Peru,com,,,FALSE,,,,,,
WQMMSN_2000_COM_B3C2,,,potato,396039.237,doi_10.21223_WQMMSN,1111,,FALSE,Peru,com,,,FALSE,,,,,,
WQMMSN_2000_COM_B3C2,,,potato,396041.202,doi_10.21223_WQMMSN,1112,,FALSE,Peru,com,,,FALSE,,,,,,
WQMMSN_2000_COM_B3C2,,,potato,396041.215,doi_10.21223_WQMMSN,1113,,FALSE,Peru,com,,,FALSE,,,,,,
WQMMSN_2000_COM_B3C2,,,potato,396234.10,doi_10.21223_WQMMSN,1114,,FALSE,Peru,com,,,FALSE,,,,,,
WQMMSN_2000_COM_B3C2,,,potato,396234.11,doi_10.21223_WQMMSN,1115,,FALSE,Peru,com,,,FALSE,,,,,,
WQMMSN_2000_COM_B3C2,,,potato,396234.12,doi_10.21223_WQMMSN,1116,,FALSE,Peru,com,,,FALSE,,,,,,
WQMMSN_2000_COM_B3C2,,,potato,396235.12,doi_10.21223_WQMMSN,1117,,FALSE,Peru,com,,,FALSE,,,,,,
WQMMSN_2000_COM_B3C2,,,potato,396235.13,doi_10.21223_WQMMSN,1118,,FALSE,Peru,com,,,FALSE,,,,,,
WQMMSN_2000_COM_B3C2,,,potato,396236.19,doi_10.21223_WQMMSN,1119,,FALSE,Peru,com,,,FALSE,,,,,,
WQMMSN_2000_COM_B3C2,,,potato,396236.5,doi_10.21223_WQMMSN,1120,,FALSE,Peru,com,,,FALSE,,,,,,
WQMMSN_2000_COM_B3C2,,,potato,396237.11,doi_10.21223_WQMMSN,1121,,FALSE,Peru,com,,,FALSE,,,,,,
WQMMSN_2000_COM_B3C2,,,potato,396237.3,doi_10.21223_WQMMSN,1122,,FALSE,Peru,com,,,FALSE,,,,,,
WQMMSN_2000_COM_B3C2,,,potato,396237.6,doi_10.21223_WQMMSN,1123,,FALSE,Peru,com,,,FALSE,,,,,,
WQMMSN_2000_COM_B3C2,,,potato,396240.1,doi_10.21223_WQMMSN,1124,,FALSE,Peru,com,,,FALSE,,,,,,
WQMMSN_2000_COM_B3C2,,,potato,396240.2,doi_10.21223_WQMMSN,1125,,FALSE,Peru,com,,,FALSE,,,,,,
WQMMSN_2000_COM_B3C2,,,potato,396240.21,doi_10.21223_WQMMSN,1126,,FALSE,Peru,com,,,FALSE,,,,,,
WQMMSN_2000_COM_B3C2,,,potato,396240.23,doi_10.21223_WQMMSN,1127,,FALSE,Peru,com,,,FALSE,,,,,,
WQMMSN_2000_COM_B3C2,,,potato,396240.3,doi_10.21223_WQMMSN,1128,,FALSE,Peru,com,,,FALSE,,,,,,
WQMMSN_2000_COM_B3C2,,,potato,396240.8,doi_10.21223_WQMMSN,1129,,FALSE,Peru,com,,,FALSE,,,,,,
WQMMSN_2000_COM_B3C2,,,potato,396243.25,doi_10.21223_WQMMSN,1130,,FALSE,Peru,com,,,FALSE,,,,,,
WQMMSN_2000_COM_B3C2,,,potato,396244.12,doi_10.21223_WQMMSN,1131,,FALSE,Peru,com,,,FALSE,,,,,,
WQMMSN_2000_COM_B3C2,,,potato,396244.17,doi_10.21223_WQMMSN,1132,,FALSE,Peru,com,,,FALSE,,,,,,
WQMMSN_2000_COM_B3C2,,,potato,396244.21,doi_10.21223_WQMMSN,1133,,FALSE,Peru,com,,,FALSE,,,,,,
WQMMSN_2000_COM_B3C2,,,potato,396244.6,doi_10.21223_WQMMSN,1134,,FALSE,Peru,com,,,FALSE,,,,,,
WQMMSN_2000_COM_B3C2,,,potato,396246.15,doi_10.21223_WQMMSN,1135,,FALSE,Peru,com,,,FALSE,,,,,,
WQMMSN_2000_COM_B3C2,,,potato,396247.9,doi_10.21223_WQMMSN,1136,,FALSE,Peru,com,,,FALSE,,,,,,
WQMMSN_2000_COM_B3C2,,,potato,396249.7,doi_10.21223_WQMMSN,1137,,FALSE,Peru,com,,,FALSE,,,,,,
WQMMSN_2000_COM_B3C2,,,potato,396249.9,doi_10.21223_WQMMSN,1138,,FALSE,Peru,com,,,FALSE,,,,,,
WQMMSN_2000_COM_B3C2,,,potato,396250.17,doi_10.21223_WQMMSN,1139,,FALSE,Peru,com,,,FALSE,,,,,,
WQMMSN_2000_COM_B3C2,,,potato,396253.5,doi_10.21223_WQMMSN,1140,,FALSE,Peru,com,,,FALSE,,,,,,
WQMMSN_2000_COM_B3C2,,,potato,396254.6,doi_10.21223_WQMMSN,1141,,FALSE,Peru,com,,,FALSE,,,,,,
WQMMSN_2000_COM_B3C2,,,potato,396255.1,doi_10.21223_WQMMSN,1142,,FALSE,Peru,com,,,FALSE,,,,,,
WQMMSN_2000_COM_B3C2,,,potato,396255.10,doi_10.21223_WQMMSN,1143,,FALSE,Peru,com,,,FALSE,,,,,,
WQMMSN_2000_COM_B3C2,,,potato,396255.12,doi_10.21223_WQMMSN,1144,,FALSE,Peru,com,,,FALSE,,,,,,
WQMMSN_2000_COM_B3C2,,,potato,396256.4,doi_10.21223_WQMMSN,1145,,FALSE,Peru,com,,,FALSE,,,,,,
WQMMSN_2000_COM_B3C2,,,potato,396257.10,doi_10.21223_WQMMSN,1146,,FALSE,Peru,com,,,FALSE,,,,,,
WQMMSN_2000_COM_B3C2,,,potato,396257.15,doi_10.21223_WQMMSN,1147,,FALSE,Peru,com,,,FALSE,,,,,,
WQMMSN_2000_COM_B3C2,,,potato,396257.4,doi_10.21223_WQMMSN,1148,,FALSE,Peru,com,,,FALSE,,,,,,
WQMMSN_2000_COM_B3C2,,,potato,396260.4,doi_10.21223_WQMMSN,1149,,FALSE,Peru,com,,,FALSE,,,,,,
WQMMSN_2000_COM_B3C2,,,potato,396263.8,doi_10.21223_WQMMSN,1150,,FALSE,Peru,com,,,FALSE,,,,,,
WQMMSN_2000_COM_B3C2,,,potato,396264.14,doi_10.21223_WQMMSN,1151,,FALSE,Peru,com,,,FALSE,,,,,,
WQMMSN_2000_COM_B3C2,,,potato,396264.15,doi_10.21223_WQMMSN,1152,,FALSE,Peru,com,,,FALSE,,,,,,
WQMMSN_2000_COM_B3C2,,,potato,396264.4,doi_10.21223_WQMMSN,1153,,FALSE,Peru,com,,,FALSE,,,,,,
WQMMSN_2000_COM_B3C2,,,potato,396266.10,doi_10.21223_WQMMSN,1154,,FALSE,Peru,com,,,FALSE,,,,,,
WQMMSN_2000_COM_B3C2,,,potato,396266.7,doi_10.21223_WQMMSN,1155,,FALSE,Peru,com,,,FALSE,,,,,,
WQMMSN_2000_COM_B3C2,,,potato,396034.217.,doi_10.21223_WQMMSN,1156,,FALSE,Peru,com,,,FALSE,,,,,,
WQMMSN_2000_COM_B3C2,,,potato,396235.7.,doi_10.21223_WQMMSN,1157,,FALSE,Peru,com,,,FALSE,,,,,,
WQMMSN_2000_COM_B3C2,,,potato,Yungay,doi_10.21223_WQMMSN,1158,,FALSE,Peru,com,,,FALSE,,,,,,
WQMMSN_2000_OXA_B3C2,,,potato,395007.21899999998,doi_10.21223_WQMMSN,1159,,FALSE,Peru,oxa,,,FALSE,,,,,,
WQMMSN_2000_OXA_B3C2,,,potato,395011.109,doi_10.21223_WQMMSN,1160,,FALSE,Peru,oxa,,,FALSE,,,,,,
WQMMSN_2000_OXA_B3C2,,,potato,395011.11,doi_10.21223_WQMMSN,1161,,FALSE,Peru,oxa,,,FALSE,,,,,,
WQMMSN_2000_OXA_B3C2,,,potato,395011.2,doi_10.21223_WQMMSN,1162,,FALSE,Peru,oxa,,,FALSE,,,,,,
WQMMSN_2000_OXA_B3C2,,,potato,395011.6,doi_10.21223_WQMMSN,1163,,FALSE,Peru,oxa,,,FALSE,,,,,,
WQMMSN_2000_OXA_B3C2,,,potato,395013.7,doi_10.21223_WQMMSN,1164,,FALSE,Peru,oxa,,,FALSE,,,,,,
WQMMSN_2000_OXA_B3C2,,,potato,395015.6,doi_10.21223_WQMMSN,1165,,FALSE,Peru,oxa,,,FALSE,,,,,,
WQMMSN_2000_OXA_B3C2,,,potato,395016.22499999998,doi_10.21223_WQMMSN,1166,,FALSE,Peru,oxa,,,FALSE,,,,,,
WQMMSN_2000_OXA_B3C2,,,potato,395017.14,doi_10.21223_WQMMSN,1167,,FALSE,Peru,oxa,,,FALSE,,,,,,
WQMMSN_2000_OXA_B3C2,,,potato,395017.201,doi_10.21223_WQMMSN,1168,,FALSE,Peru,oxa,,,FALSE,,,,,,
WQMMSN_2000_OXA_B3C2,,,potato,395017.22700000001,doi_10.21223_WQMMSN,1169,,FALSE,Peru,oxa,,,FALSE,,,,,,
WQMMSN_2000_OXA_B3C2,,,potato,395017.22899999999,doi_10.21223_WQMMSN,1170,,FALSE,Peru,oxa,,,FALSE,,,,,,
WQMMSN_2000_OXA_B3C2,,,potato,395017.24200000003,doi_10.21223_WQMMSN,1171,,FALSE,Peru,oxa,,,FALSE,,,,,,
WQMMSN_2000_OXA_B3C2,,,potato,395017.24400000001,doi_10.21223_WQMMSN,1172,,FALSE,Peru,oxa,,,FALSE,,,,,,
WQMMSN_2000_OXA_B3C2,,,potato,395017.9,doi_10.21223_WQMMSN,1173,,FALSE,Peru,oxa,,,FALSE,,,,,,
WQMMSN_2000_OXA_B3C2,,,potato,395037.10700000002,doi_10.21223_WQMMSN,1174,,FALSE,Peru,oxa,,,FALSE,,,,,,
WQMMSN_2000_OXA_B3C2,,,potato,395052.11,doi_10.21223_WQMMSN,1175,,FALSE,Peru,oxa,,,FALSE,,,,,,
WQMMSN_2000_OXA_B3C2,,,potato,395096.5,doi_10.21223_WQMMSN,1176,,FALSE,Peru,oxa,,,FALSE,,,,,,
WQMMSN_2000_OXA_B3C2,,,potato,395096.7,doi_10.21223_WQMMSN,1177,,FALSE,Peru,oxa,,,FALSE,,,,,,
WQMMSN_2000_OXA_B3C2,,,potato,395097.4,doi_10.21223_WQMMSN,1178,,FALSE,Peru,oxa,,,FALSE,,,,,,
WQMMSN_2000_OXA_B3C2,,,potato,395104.4,doi_10.21223_WQMMSN,1179,,FALSE,Peru,oxa,,,FALSE,,,,,,
WQMMSN_2000_OXA_B3C2,,,potato,395105.4,doi_10.21223_WQMMSN,1180,,FALSE,Peru,oxa,,,FALSE,,,,,,
WQMMSN_2000_OXA_B3C2,,,potato,395109.21,doi_10.21223_WQMMSN,1181,,FALSE,Peru,oxa,,,FALSE,,,,,,
WQMMSN_2000_OXA_B3C2,,,potato,395109.26,doi_10.21223_WQMMSN,1182,,FALSE,Peru,oxa,,,FALSE,,,,,,
WQMMSN_2000_OXA_B3C2,,,potato,395109.34,doi_10.21223_WQMMSN,1183,,FALSE,Peru,oxa,,,FALSE,,,,,,
WQMMSN_2000_OXA_B3C2,,,potato,395109.4,doi_10.21223_WQMMSN,1184,,FALSE,Peru,oxa,,,FALSE,,,,,,
WQMMSN_2000_OXA_B3C2,,,potato,395109.7,doi_10.21223_WQMMSN,1185,,FALSE,Peru,oxa,,,FALSE,,,,,,
WQMMSN_2000_OXA_B3C2,,,potato,395111.13,doi_10.21223_WQMMSN,1186,,FALSE,Peru,oxa,,,FALSE,,,,,,
WQMMSN_2000_OXA_B3C2,,,potato,395111.6,doi_10.21223_WQMMSN,1187,,FALSE,Peru,oxa,,,FALSE,,,,,,
WQMMSN_2000_OXA_B3C2,,,potato,395112.36,doi_10.21223_WQMMSN,1188,,FALSE,Peru,oxa,,,FALSE,,,,,,
WQMMSN_2000_OXA_B3C2,,,potato,395116.16,doi_10.21223_WQMMSN,1189,,FALSE,Peru,oxa,,,FALSE,,,,,,
WQMMSN_2000_OXA_B3C2,,,potato,395117.11,doi_10.21223_WQMMSN,1190,,FALSE,Peru,oxa,,,FALSE,,,,,,
WQMMSN_2000_OXA_B3C2,,,potato,395123.8,doi_10.21223_WQMMSN,1191,,FALSE,Peru,oxa,,,FALSE,,,,,,
WQMMSN_2000_OXA_B3C2,,,potato,395127.15,doi_10.21223_WQMMSN,1192,,FALSE,Peru,oxa,,,FALSE,,,,,,
WQMMSN_2000_OXA_B3C2,,,potato,395127.2,doi_10.21223_WQMMSN,1193,,FALSE,Peru,oxa,,,FALSE,,,,,,
WQMMSN_2000_OXA_B3C2,,,potato,395128.5,doi_10.21223_WQMMSN,1194,,FALSE,Peru,oxa,,,FALSE,,,,,,
WQMMSN_2000_OXA_B3C2,,,potato,395129.8,doi_10.21223_WQMMSN,1195,,FALSE,Peru,oxa,,,FALSE,,,,,,
WQMMSN_2000_OXA_B3C2,,,potato,395143.4,doi_10.21223_WQMMSN,1196,,FALSE,Peru,oxa,,,FALSE,,,,,,
WQMMSN_2000_OXA_B3C2,,,potato,395165.11,doi_10.21223_WQMMSN,1197,,FALSE,Peru,oxa,,,FALSE,,,,,,
WQMMSN_2000_OXA_B3C2,,,potato,395169.17,doi_10.21223_WQMMSN,1198,,FALSE,Peru,oxa,,,FALSE,,,,,,
WQMMSN_2000_OXA_B3C2,,,potato,395169.4,doi_10.21223_WQMMSN,1199,,FALSE,Peru,oxa,,,FALSE,,,,,,
WQMMSN_2000_OXA_B3C2,,,potato,396004.103,doi_10.21223_WQMMSN,1200,,FALSE,Peru,oxa,,,FALSE,,,,,,
WQMMSN_2000_OXA_B3C2,,,potato,396004.212,doi_10.21223_WQMMSN,1201,,FALSE,Peru,oxa,,,FALSE,,,,,,
WQMMSN_2000_OXA_B3C2,,,potato,396004.26400000002,doi_10.21223_WQMMSN,1202,,FALSE,Peru,oxa,,,FALSE,,,,,,
WQMMSN_2000_OXA_B3C2,,,potato,396004.283,doi_10.21223_WQMMSN,1203,,FALSE,Peru,oxa,,,FALSE,,,,,,
WQMMSN_2000_OXA_B3C2,,,potato,396004.28700000001,doi_10.21223_WQMMSN,1204,,FALSE,Peru,oxa,,,FALSE,,,,,,
WQMMSN_2000_OXA_B3C2,,,potato,396004.30099999998,doi_10.21223_WQMMSN,1205,,FALSE,Peru,oxa,,,FALSE,,,,,,
WQMMSN_2000_OXA_B3C2,,,potato,396004.32,doi_10.21223_WQMMSN,1206,,FALSE,Peru,oxa,,,FALSE,,,,,,
WQMMSN_2000_OXA_B3C2,,,potato,396004.33,doi_10.21223_WQMMSN,1207,,FALSE,Peru,oxa,,,FALSE,,,,,,
WQMMSN_2000_OXA_B3C2,,,potato,396004.337,doi_10.21223_WQMMSN,1208,,FALSE,Peru,oxa,,,FALSE,,,,,,
WQMMSN_2000_OXA_B3C2,,,potato,396004.35800000001,doi_10.21223_WQMMSN,1209,,FALSE,Peru,oxa,,,FALSE,,,,,,
WQMMSN_2000_OXA_B3C2,,,potato,396004.359,doi_10.21223_WQMMSN,1210,,FALSE,Peru,oxa,,,FALSE,,,,,,
WQMMSN_2000_OXA_B3C2,,,potato,396008.10399999999,doi_10.21223_WQMMSN,1211,,FALSE,Peru,oxa,,,FALSE,,,,,,
WQMMSN_2000_OXA_B3C2,,,potato,396009.22499999998,doi_10.21223_WQMMSN,1212,,FALSE,Peru,oxa,,,FALSE,,,,,,
WQMMSN_2000_OXA_B3C2,,,potato,396009.23499999999,doi_10.21223_WQMMSN,1213,,FALSE,Peru,oxa,,,FALSE,,,,,,
WQMMSN_2000_OXA_B3C2,,,potato,396009.239,doi_10.21223_WQMMSN,1214,,FALSE,Peru,oxa,,,FALSE,,,,,,
WQMMSN_2000_OXA_B3C2,,,potato,396010.217,doi_10.21223_WQMMSN,1215,,FALSE,Peru,oxa,,,FALSE,,,,,,
WQMMSN_2000_OXA_B3C2,,,potato,396010.21799999999,doi_10.21223_WQMMSN,1216,,FALSE,Peru,oxa,,,FALSE,,,,,,
WQMMSN_2000_OXA_B3C2,,,potato,396010.21899999998,doi_10.21223_WQMMSN,1217,,FALSE,Peru,oxa,,,FALSE,,,,,,
WQMMSN_2000_OXA_B3C2,,,potato,396010.22,doi_10.21223_WQMMSN,1218,,FALSE,Peru,oxa,,,FALSE,,,,,,
WQMMSN_2000_OXA_B3C2,,,potato,396012.223,doi_10.21223_WQMMSN,1219,,FALSE,Peru,oxa,,,FALSE,,,,,,
WQMMSN_2000_OXA_B3C2,,,potato,396012.266,doi_10.21223_WQMMSN,1220,,FALSE,Peru,oxa,,,FALSE,,,,,,
WQMMSN_2000_OXA_B3C2,,,potato,396012.27100000001,doi_10.21223_WQMMSN,1221,,FALSE,Peru,oxa,,,FALSE,,,,,,
WQMMSN_2000_OXA_B3C2,,,potato,396012.28,doi_10.21223_WQMMSN,1222,,FALSE,Peru,oxa,,,FALSE,,,,,,
WQMMSN_2000_OXA_B3C2,,,potato,396019.10499999998,doi_10.21223_WQMMSN,1223,,FALSE,Peru,oxa,,,FALSE,,,,,,
WQMMSN_2000_OXA_B3C2,,,potato,396019.20799999998,doi_10.21223_WQMMSN,1224,,FALSE,Peru,oxa,,,FALSE,,,,,,
WQMMSN_2000_OXA_B3C2,,,potato,396022.20400000003,doi_10.21223_WQMMSN,1225,,FALSE,Peru,oxa,,,FALSE,,,,,,
WQMMSN_2000_OXA_B3C2,,,potato,396022.20600000001,doi_10.21223_WQMMSN,1226,,FALSE,Peru,oxa,,,FALSE,,,,,,
WQMMSN_2000_OXA_B3C2,,,potato,396022.24400000001,doi_10.21223_WQMMSN,1227,,FALSE,Peru,oxa,,,FALSE,,,,,,
WQMMSN_2000_OXA_B3C2,,,potato,396023.109,doi_10.21223_WQMMSN,1228,,FALSE,Peru,oxa,,,FALSE,,,,,,
WQMMSN_2000_OXA_B3C2,,,potato,396025.10200000001,doi_10.21223_WQMMSN,1229,,FALSE,Peru,oxa,,,FALSE,,,,,,
WQMMSN_2000_OXA_B3C2,,,potato,396026.10100000002,doi_10.21223_WQMMSN,1230,,FALSE,Peru,oxa,,,FALSE,,,,,,
WQMMSN_2000_OXA_B3C2,,,potato,396026.103,doi_10.21223_WQMMSN,1231,,FALSE,Peru,oxa,,,FALSE,,,,,,
WQMMSN_2000_OXA_B3C2,,,potato,396027.11099999998,doi_10.21223_WQMMSN,1232,,FALSE,Peru,oxa,,,FALSE,,,,,,
WQMMSN_2000_OXA_B3C2,,,potato,396027.212,doi_10.21223_WQMMSN,1233,,FALSE,Peru,oxa,,,FALSE,,,,,,
WQMMSN_2000_OXA_B3C2,,,potato,396029.10200000001,doi_10.21223_WQMMSN,1234,,FALSE,Peru,oxa,,,FALSE,,,,,,
WQMMSN_2000_OXA_B3C2,,,potato,396029.10600000003,doi_10.21223_WQMMSN,1235,,FALSE,Peru,oxa,,,FALSE,,,,,,
WQMMSN_2000_OXA_B3C2,,,potato,396029.22,doi_10.21223_WQMMSN,1236,,FALSE,Peru,oxa,,,FALSE,,,,,,
WQMMSN_2000_OXA_B3C2,,,potato,396029.223,doi_10.21223_WQMMSN,1237,,FALSE,Peru,oxa,,,FALSE,,,,,,
WQMMSN_2000_OXA_B3C2,,,potato,396029.22600000002,doi_10.21223_WQMMSN,1238,,FALSE,Peru,oxa,,,FALSE,,,,,,
WQMMSN_2000_OXA_B3C2,,,potato,396029.25199999998,doi_10.21223_WQMMSN,1239,,FALSE,Peru,oxa,,,FALSE,,,,,,
WQMMSN_2000_OXA_B3C2,,,potato,396030.10499999998,doi_10.21223_WQMMSN,1240,,FALSE,Peru,oxa,,,FALSE,,,,,,
WQMMSN_2000_OXA_B3C2,,,potato,396031.10800000001,doi_10.21223_WQMMSN,1241,,FALSE,Peru,oxa,,,FALSE,,,,,,
WQMMSN_2000_OXA_B3C2,,,potato,396031.11300000001,doi_10.21223_WQMMSN,1242,,FALSE,Peru,oxa,,,FALSE,,,,,,
WQMMSN_2000_OXA_B3C2,,,potato,396031.11900000001,doi_10.21223_WQMMSN,1243,,FALSE,Peru,oxa,,,FALSE,,,,,,
WQMMSN_2000_OXA_B3C2,,,potato,396031.20899999997,doi_10.21223_WQMMSN,1244,,FALSE,Peru,oxa,,,FALSE,,,,,,
WQMMSN_2000_OXA_B3C2,,,potato,396031.22100000002,doi_10.21223_WQMMSN,1245,,FALSE,Peru,oxa,,,FALSE,,,,,,
WQMMSN_2000_OXA_B3C2,,,potato,396031.23599999998,doi_10.21223_WQMMSN,1246,,FALSE,Peru,oxa,,,FALSE,,,,,,
WQMMSN_2000_OXA_B3C2,,,potato,396031.25199999998,doi_10.21223_WQMMSN,1247,,FALSE,Peru,oxa,,,FALSE,,,,,,
WQMMSN_2000_OXA_B3C2,,,potato,396032.11099999998,doi_10.21223_WQMMSN,1248,,FALSE,Peru,oxa,,,FALSE,,,,,,
WQMMSN_2000_OXA_B3C2,,,potato,396032.21600000001,doi_10.21223_WQMMSN,1249,,FALSE,Peru,oxa,,,FALSE,,,,,,
WQMMSN_2000_OXA_B3C2,,,potato,396033.10200000001,doi_10.21223_WQMMSN,1250,,FALSE,Peru,oxa,,,FALSE,,,,,,
WQMMSN_2000_OXA_B3C2,,,potato,396034.103,doi_10.21223_WQMMSN,1251,,FALSE,Peru,oxa,,,FALSE,,,,,,
WQMMSN_2000_OXA_B3C2,,,potato,396034.217,doi_10.21223_WQMMSN,1252,,FALSE,Peru,oxa,,,FALSE,,,,,,
WQMMSN_2000_OXA_B3C2,,,potato,396034.26500000001,doi_10.21223_WQMMSN,1253,,FALSE,Peru,oxa,,,FALSE,,,,,,
WQMMSN_2000_OXA_B3C2,,,potato,396034.26799999998,doi_10.21223_WQMMSN,1254,,FALSE,Peru,oxa,,,FALSE,,,,,,
WQMMSN_2000_OXA_B3C2,,,potato,396034.28,doi_10.21223_WQMMSN,1255,,FALSE,Peru,oxa,,,FALSE,,,,,,
WQMMSN_2000_OXA_B3C2,,,potato,396036.11300000001,doi_10.21223_WQMMSN,1256,,FALSE,Peru,oxa,,,FALSE,,,,,,
WQMMSN_2000_OXA_B3C2,,,potato,396037.21500000003,doi_10.21223_WQMMSN,1257,,FALSE,Peru,oxa,,,FALSE,,,,,,
WQMMSN_2000_OXA_B3C2,,,potato,396038.10100000002,doi_10.21223_WQMMSN,1258,,FALSE,Peru,oxa,,,FALSE,,,,,,
WQMMSN_2000_OXA_B3C2,,,potato,396038.10700000002,doi_10.21223_WQMMSN,1259,,FALSE,Peru,oxa,,,FALSE,,,,,,
WQMMSN_2000_OXA_B3C2,,,potato,396038.23100000003,doi_10.21223_WQMMSN,1260,,FALSE,Peru,oxa,,,FALSE,,,,,,
WQMMSN_2000_OXA_B3C2,,,potato,396038.24599999998,doi_10.21223_WQMMSN,1261,,FALSE,Peru,oxa,,,FALSE,,,,,,
WQMMSN_2000_OXA_B3C2,,,potato,396039.103,doi_10.21223_WQMMSN,1262,,FALSE,Peru,oxa,,,FALSE,,,,,,
WQMMSN_2000_OXA_B3C2,,,potato,396039.22700000001,doi_10.21223_WQMMSN,1263,,FALSE,Peru,oxa,,,FALSE,,,,,,
WQMMSN_2000_OXA_B3C2,,,potato,396041.22499999998,doi_10.21223_WQMMSN,1264,,FALSE,Peru,oxa,,,FALSE,,,,,,
WQMMSN_2000_OXA_B3C2,,,potato,396043.212,doi_10.21223_WQMMSN,1265,,FALSE,Peru,oxa,,,FALSE,,,,,,
WQMMSN_2000_OXA_B3C2,,,potato,396043.223,doi_10.21223_WQMMSN,1266,,FALSE,Peru,oxa,,,FALSE,,,,,,
WQMMSN_2000_OXA_B3C2,,,potato,396043.22600000002,doi_10.21223_WQMMSN,1267,,FALSE,Peru,oxa,,,FALSE,,,,,,
WQMMSN_2000_OXA_B3C2,,,potato,396043.23700000002,doi_10.21223_WQMMSN,1268,,FALSE,Peru,oxa,,,FALSE,,,,,,
WQMMSN_2000_OXA_B3C2,,,potato,396046.10499999998,doi_10.21223_WQMMSN,1269,,FALSE,Peru,oxa,,,FALSE,,,,,,
WQMMSN_2000_OXA_B3C2,,,potato,396224.2,doi_10.21223_WQMMSN,1270,,FALSE,Peru,oxa,,,FALSE,,,,,,
WQMMSN_2000_OXA_B3C2,,,potato,396234.2,doi_10.21223_WQMMSN,1271,,FALSE,Peru,oxa,,,FALSE,,,,,,
WQMMSN_2000_OXA_B3C2,,,potato,396236.2,doi_10.21223_WQMMSN,1272,,FALSE,Peru,oxa,,,FALSE,,,,,,
WQMMSN_2000_OXA_B3C2,,,potato,396240.2,doi_10.21223_WQMMSN,1273,,FALSE,Peru,oxa,,,FALSE,,,,,,
WQMMSN_2000_OXA_B3C2,,,potato,396240.2,doi_10.21223_WQMMSN,1274,,FALSE,Peru,oxa,,,FALSE,,,,,,
WQMMSN_2000_OXA_B3C2,,,potato,396243.29,doi_10.21223_WQMMSN,1275,,FALSE,Peru,oxa,,,FALSE,,,,,,
WQMMSN_2000_OXA_B3C2,,,potato,396243.4,doi_10.21223_WQMMSN,1276,,FALSE,Peru,oxa,,,FALSE,,,,,,
WQMMSN_2000_OXA_B3C2,,,potato,396244.6,doi_10.21223_WQMMSN,1277,,FALSE,Peru,oxa,,,FALSE,,,,,,
WQMMSN_2000_OXA_B3C2,,,potato,396246.18,doi_10.21223_WQMMSN,1278,,FALSE,Peru,oxa,,,FALSE,,,,,,
WQMMSN_2000_OXA_B3C2,,,potato,396247.15,doi_10.21223_WQMMSN,1279,,FALSE,Peru,oxa,,,FALSE,,,,,,
WQMMSN_2000_OXA_B3C2,,,potato,396247.2,doi_10.21223_WQMMSN,1280,,FALSE,Peru,oxa,,,FALSE,,,,,,
WQMMSN_2000_OXA_B3C2,,,potato,396249.9,doi_10.21223_WQMMSN,1281,,FALSE,Peru,oxa,,,FALSE,,,,,,
WQMMSN_2000_OXA_B3C2,,,potato,396252.12,doi_10.21223_WQMMSN,1282,,FALSE,Peru,oxa,,,FALSE,,,,,,
WQMMSN_2000_OXA_B3C2,,,potato,396254.6,doi_10.21223_WQMMSN,1283,,FALSE,Peru,oxa,,,FALSE,,,,,,
WQMMSN_2000_OXA_B3C2,,,potato,396255.1,doi_10.21223_WQMMSN,1284,,FALSE,Peru,oxa,,,FALSE,,,,,,
WQMMSN_2000_OXA_B3C2,,,potato,396257.1,doi_10.21223_WQMMSN,1285,,FALSE,Peru,oxa,,,FALSE,,,,,,
WQMMSN_2000_OXA_B3C2,,,potato,396257.15,doi_10.21223_WQMMSN,1286,,FALSE,Peru,oxa,,,FALSE,,,,,,
WQMMSN_2000_OXA_B3C2,,,potato,396257.4,doi_10.21223_WQMMSN,1287,,FALSE,Peru,oxa,,,FALSE,,,,,,
WQMMSN_2000_OXA_B3C2,,,potato,396257.8,doi_10.21223_WQMMSN,1288,,FALSE,Peru,oxa,,,FALSE,,,,,,
WQMMSN_2000_OXA_B3C2,,,potato,396260.4,doi_10.21223_WQMMSN,1289,,FALSE,Peru,oxa,,,FALSE,,,,,,
WQMMSN_2000_OXA_B3C2,,,potato,396263.8,doi_10.21223_WQMMSN,1290,,FALSE,Peru,oxa,,,FALSE,,,,,,
WQMMSN_2000_OXA_B3C2,,,potato,396266.1,doi_10.21223_WQMMSN,1291,,FALSE,Peru,oxa,,,FALSE,,,,,,
WQMMSN_2000_OXA_B3C2,,,potato,396266.12,doi_10.21223_WQMMSN,1292,,FALSE,Peru,oxa,,,FALSE,,,,,,
WQMMSN_2001_AYM_B3C2,,,potato,391011.17,doi_10.21223_WQMMSN,1293,,FALSE,Peru,aym,,,FALSE,,,,,,
WQMMSN_2001_AYM_B3C2,,,potato,391046.14,doi_10.21223_WQMMSN,1294,,FALSE,Peru,aym,,,FALSE,,,,,,
WQMMSN_2001_AYM_B3C2,,,potato,391058.17499999999,doi_10.21223_WQMMSN,1295,,FALSE,Peru,aym,,,FALSE,,,,,,
WQMMSN_2001_AYM_B3C2,,,potato,391065.81,doi_10.21223_WQMMSN,1296,,FALSE,Peru,aym,,,FALSE,,,,,,
WQMMSN_2001_AYM_B3C2,,,potato,392634.49,doi_10.21223_WQMMSN,1297,,FALSE,Peru,aym,,,FALSE,,,,,,
WQMMSN_2001_AYM_B3C2,,,potato,392634.52,doi_10.21223_WQMMSN,1298,,FALSE,Peru,aym,,,FALSE,,,,,,
WQMMSN_2001_AYM_B3C2,,,potato,392637.1,doi_10.21223_WQMMSN,1299,,FALSE,Peru,aym,,,FALSE,,,,,,
WQMMSN_2001_AYM_B3C2,,,potato,392637.27,doi_10.21223_WQMMSN,1300,,FALSE,Peru,aym,,,FALSE,,,,,,
WQMMSN_2001_AYM_B3C2,,,potato,392639.31,doi_10.21223_WQMMSN,1301,,FALSE,Peru,aym,,,FALSE,,,,,,
WQMMSN_2001_AYM_B3C2,,,potato,393242.5,doi_10.21223_WQMMSN,1302,,FALSE,Peru,aym,,,FALSE,,,,,,
WQMMSN_2001_AYM_B3C2,,,potato,393248.55,doi_10.21223_WQMMSN,1303,,FALSE,Peru,aym,,,FALSE,,,,,,
WQMMSN_2001_AYM_B3C2,,,potato,393271.15899999999,doi_10.21223_WQMMSN,1304,,FALSE,Peru,aym,,,FALSE,,,,,,
WQMMSN_2001_AYM_B3C2,,,potato,393280.57,doi_10.21223_WQMMSN,1305,,FALSE,Peru,aym,,,FALSE,,,,,,
WQMMSN_2001_AYM_B3C2,,,potato,395011.13,doi_10.21223_WQMMSN,1306,,FALSE,Peru,aym,,,FALSE,,,,,,
WQMMSN_2001_AYM_B3C2,,,potato,395013.21100000001,doi_10.21223_WQMMSN,1307,,FALSE,Peru,aym,,,FALSE,,,,,,
WQMMSN_2001_AYM_B3C2,,,potato,395013.25799999997,doi_10.21223_WQMMSN,1308,,FALSE,Peru,aym,,,FALSE,,,,,,
WQMMSN_2001_AYM_B3C2,,,potato,395015.5,doi_10.21223_WQMMSN,1309,,FALSE,Peru,aym,,,FALSE,,,,,,
WQMMSN_2001_AYM_B3C2,,,potato,395017.14,doi_10.21223_WQMMSN,1310,,FALSE,Peru,aym,,,FALSE,,,,,,
WQMMSN_2001_AYM_B3C2,,,potato,395017.24200000003,doi_10.21223_WQMMSN,1311,,FALSE,Peru,aym,,,FALSE,,,,,,
WQMMSN_2001_AYM_B3C2,,,potato,395052.11,doi_10.21223_WQMMSN,1312,,FALSE,Peru,aym,,,FALSE,,,,,,
WQMMSN_2001_AYM_B3C2,,,potato,395077.12,doi_10.21223_WQMMSN,1313,,FALSE,Peru,aym,,,FALSE,,,,,,
WQMMSN_2001_AYM_B3C2,,,potato,395084.9,doi_10.21223_WQMMSN,1314,,FALSE,Peru,aym,,,FALSE,,,,,,
WQMMSN_2001_AYM_B3C2,,,potato,395096.2,doi_10.21223_WQMMSN,1315,,FALSE,Peru,aym,,,FALSE,,,,,,
WQMMSN_2001_AYM_B3C2,,,potato,395096.3,doi_10.21223_WQMMSN,1316,,FALSE,Peru,aym,,,FALSE,,,,,,
WQMMSN_2001_AYM_B3C2,,,potato,395096.5,doi_10.21223_WQMMSN,1317,,FALSE,Peru,aym,,,FALSE,,,,,,
WQMMSN_2001_AYM_B3C2,,,potato,395097.4,doi_10.21223_WQMMSN,1318,,FALSE,Peru,aym,,,FALSE,,,,,,
WQMMSN_2001_AYM_B3C2,,,potato,395109.29,doi_10.21223_WQMMSN,1319,,FALSE,Peru,aym,,,FALSE,,,,,,
WQMMSN_2001_AYM_B3C2,,,potato,395109.4,doi_10.21223_WQMMSN,1320,,FALSE,Peru,aym,,,FALSE,,,,,,
WQMMSN_2001_AYM_B3C2,,,potato,395109.7,doi_10.21223_WQMMSN,1321,,FALSE,Peru,aym,,,FALSE,,,,,,
WQMMSN_2001_AYM_B3C2,,,potato,395112.19,doi_10.21223_WQMMSN,1322,,FALSE,Peru,aym,,,FALSE,,,,,,
WQMMSN_2001_AYM_B3C2,,,potato,395112.32,doi_10.21223_WQMMSN,1323,,FALSE,Peru,aym,,,FALSE,,,,,,
WQMMSN_2001_AYM_B3C2,,,potato,395112.36,doi_10.21223_WQMMSN,1324,,FALSE,Peru,aym,,,FALSE,,,,,,
WQMMSN_2001_AYM_B3C2,,,potato,395112.6,doi_10.21223_WQMMSN,1325,,FALSE,Peru,aym,,,FALSE,,,,,,
WQMMSN_2001_AYM_B3C2,,,potato,395114.5,doi_10.21223_WQMMSN,1326,,FALSE,Peru,aym,,,FALSE,,,,,,
WQMMSN_2001_AYM_B3C2,,,potato,395117.3,doi_10.21223_WQMMSN,1327,,FALSE,Peru,aym,,,FALSE,,,,,,
WQMMSN_2001_AYM_B3C2,,,potato,395123.6,doi_10.21223_WQMMSN,1328,,FALSE,Peru,aym,,,FALSE,,,,,,
WQMMSN_2001_AYM_B3C2,,,potato,395152.16,doi_10.21223_WQMMSN,1329,,FALSE,Peru,aym,,,FALSE,,,,,,
WQMMSN_2001_AYM_B3C2,,,potato,395169.4,doi_10.21223_WQMMSN,1330,,FALSE,Peru,aym,,,FALSE,,,,,,
WQMMSN_2001_AYM_B3C2,,,potato,396004.337,doi_10.21223_WQMMSN,1331,,FALSE,Peru,aym,,,FALSE,,,,,,
WQMMSN_2001_AYM_B3C2,,,potato,396007.201,doi_10.21223_WQMMSN,1332,,FALSE,Peru,aym,,,FALSE,,,,,,
WQMMSN_2001_AYM_B3C2,,,potato,396009.25799999997,doi_10.21223_WQMMSN,1333,,FALSE,Peru,aym,,,FALSE,,,,,,
WQMMSN_2001_AYM_B3C2,,,potato,396012.288,doi_10.21223_WQMMSN,1334,,FALSE,Peru,aym,,,FALSE,,,,,,
WQMMSN_2001_AYM_B3C2,,,potato,396026.10100000002,doi_10.21223_WQMMSN,1335,,FALSE,Peru,aym,,,FALSE,,,,,,
WQMMSN_2001_AYM_B3C2,,,potato,396026.103,doi_10.21223_WQMMSN,1336,,FALSE,Peru,aym,,,FALSE,,,,,,
WQMMSN_2001_AYM_B3C2,,,potato,396030.10499999998,doi_10.21223_WQMMSN,1337,,FALSE,Peru,aym,,,FALSE,,,,,,
WQMMSN_2001_AYM_B3C2,,,potato,396031.10800000001,doi_10.21223_WQMMSN,1338,,FALSE,Peru,aym,,,FALSE,,,,,,
WQMMSN_2001_AYM_B3C2,,,potato,396031.11800000002,doi_10.21223_WQMMSN,1339,,FALSE,Peru,aym,,,FALSE,,,,,,
WQMMSN_2001_AYM_B3C2,,,potato,396033.10200000001,doi_10.21223_WQMMSN,1340,,FALSE,Peru,aym,,,FALSE,,,,,,
WQMMSN_2001_AYM_B3C2,,,potato,396034.103,doi_10.21223_WQMMSN,1341,,FALSE,Peru,aym,,,FALSE,,,,,,
WQMMSN_2001_AYM_B3C2,,,potato,396038.10100000002,doi_10.21223_WQMMSN,1342,,FALSE,Peru,aym,,,FALSE,,,,,,
WQMMSN_2001_AYM_B3C2,,,potato,396043.223,doi_10.21223_WQMMSN,1343,,FALSE,Peru,aym,,,FALSE,,,,,,
WQMMSN_2001_AYM_B3C2,,,potato,396238.2,doi_10.21223_WQMMSN,1344,,FALSE,Peru,aym,,,FALSE,,,,,,
WQMMSN_2001_AYM_B3C2,,,potato,396240.2,doi_10.21223_WQMMSN,1345,,FALSE,Peru,aym,,,FALSE,,,,,,
WQMMSN_2001_AYM_B3C2,,,potato,396240.2,doi_10.21223_WQMMSN,1346,,FALSE,Peru,aym,,,FALSE,,,,,,
WQMMSN_2001_AYM_B3C2,,,potato,396240.23,doi_10.21223_WQMMSN,1347,,FALSE,Peru,aym,,,FALSE,,,,,,
WQMMSN_2001_AYM_B3C2,,,potato,396241.6,doi_10.21223_WQMMSN,1348,,FALSE,Peru,aym,,,FALSE,,,,,,
WQMMSN_2001_AYM_B3C2,,,potato,396244.12,doi_10.21223_WQMMSN,1349,,FALSE,Peru,aym,,,FALSE,,,,,,
WQMMSN_2001_AYM_B3C2,,,potato,396244.17,doi_10.21223_WQMMSN,1350,,FALSE,Peru,aym,,,FALSE,,,,,,
WQMMSN_2001_AYM_B3C2,,,potato,396247.15,doi_10.21223_WQMMSN,1351,,FALSE,Peru,aym,,,FALSE,,,,,,
WQMMSN_2001_COM_B3C2,,,potato,395005.245,doi_10.21223_WQMMSN,1352,,FALSE,Peru,com,,,FALSE,,,,,,
WQMMSN_2001_COM_B3C2,,,potato,395007.21299999999,doi_10.21223_WQMMSN,1353,,FALSE,Peru,com,,,FALSE,,,,,,
WQMMSN_2001_COM_B3C2,,,potato,395007.21899999998,doi_10.21223_WQMMSN,1354,,FALSE,Peru,com,,,FALSE,,,,,,
WQMMSN_2001_COM_B3C2,,,potato,395013.25799999997,doi_10.21223_WQMMSN,1355,,FALSE,Peru,com,,,FALSE,,,,,,
WQMMSN_2001_COM_B3C2,,,potato,395015.5,doi_10.21223_WQMMSN,1356,,FALSE,Peru,com,,,FALSE,,,,,,
WQMMSN_2001_COM_B3C2,,,potato,395016.22700000001,doi_10.21223_WQMMSN,1357,,FALSE,Peru,com,,,FALSE,,,,,,
WQMMSN_2001_COM_B3C2,,,potato,395017.14,doi_10.21223_WQMMSN,1358,,FALSE,Peru,com,,,FALSE,,,,,,
WQMMSN_2001_COM_B3C2,,,potato,395017.22700000001,doi_10.21223_WQMMSN,1359,,FALSE,Peru,com,,,FALSE,,,,,,
WQMMSN_2001_COM_B3C2,,,potato,395017.22899999999,doi_10.21223_WQMMSN,1360,,FALSE,Peru,com,,,FALSE,,,,,,
WQMMSN_2001_COM_B3C2,,,potato,395017.24400000001,doi_10.21223_WQMMSN,1361,,FALSE,Peru,com,,,FALSE,,,,,,
WQMMSN_2001_COM_B3C2,,,potato,395052.11,doi_10.21223_WQMMSN,1362,,FALSE,Peru,com,,,FALSE,,,,,,
WQMMSN_2001_COM_B3C2,,,potato,395077.12,doi_10.21223_WQMMSN,1363,,FALSE,Peru,com,,,FALSE,,,,,,
WQMMSN_2001_COM_B3C2,,,potato,395084.9,doi_10.21223_WQMMSN,1364,,FALSE,Peru,com,,,FALSE,,,,,,
WQMMSN_2001_COM_B3C2,,,potato,395096.2,doi_10.21223_WQMMSN,1365,,FALSE,Peru,com,,,FALSE,,,,,,
WQMMSN_2001_COM_B3C2,,,potato,395096.3,doi_10.21223_WQMMSN,1366,,FALSE,Peru,com,,,FALSE,,,,,,
WQMMSN_2001_COM_B3C2,,,potato,395096.5,doi_10.21223_WQMMSN,1367,,FALSE,Peru,com,,,FALSE,,,,,,
WQMMSN_2001_COM_B3C2,,,potato,395096.7,doi_10.21223_WQMMSN,1368,,FALSE,Peru,com,,,FALSE,,,,,,
WQMMSN_2001_COM_B3C2,,,potato,395097.4,doi_10.21223_WQMMSN,1369,,FALSE,Peru,com,,,FALSE,,,,,,
WQMMSN_2001_COM_B3C2,,,potato,395109.29,doi_10.21223_WQMMSN,1370,,FALSE,Peru,com,,,FALSE,,,,,,
WQMMSN_2001_COM_B3C2,,,potato,395109.4,doi_10.21223_WQMMSN,1371,,FALSE,Peru,com,,,FALSE,,,,,,
WQMMSN_2001_COM_B3C2,,,potato,395109.7,doi_10.21223_WQMMSN,1372,,FALSE,Peru,com,,,FALSE,,,,,,
WQMMSN_2001_COM_B3C2,,,potato,395112.32,doi_10.21223_WQMMSN,1373,,FALSE,Peru,com,,,FALSE,,,,,,
WQMMSN_2001_COM_B3C2,,,potato,395112.36,doi_10.21223_WQMMSN,1374,,FALSE,Peru,com,,,FALSE,,,,,,
WQMMSN_2001_COM_B3C2,,,potato,395112.6,doi_10.21223_WQMMSN,1375,,FALSE,Peru,com,,,FALSE,,,,,,
WQMMSN_2001_COM_B3C2,,,potato,395117.3,doi_10.21223_WQMMSN,1376,,FALSE,Peru,com,,,FALSE,,,,,,
WQMMSN_2001_COM_B3C2,,,potato,395123.6,doi_10.21223_WQMMSN,1377,,FALSE,Peru,com,,,FALSE,,,,,,
WQMMSN_2001_COM_B3C2,,,potato,395169.4,doi_10.21223_WQMMSN,1378,,FALSE,Peru,com,,,FALSE,,,,,,
WQMMSN_2001_COM_B3C2,,,potato,396004.22499999998,doi_10.21223_WQMMSN,1379,,FALSE,Peru,com,,,FALSE,,,,,,
WQMMSN_2001_COM_B3C2,,,potato,396004.283,doi_10.21223_WQMMSN,1380,,FALSE,Peru,com,,,FALSE,,,,,,
WQMMSN_2001_COM_B3C2,,,potato,396004.30099999998,doi_10.21223_WQMMSN,1381,,FALSE,Peru,com,,,FALSE,,,,,,
WQMMSN_2001_COM_B3C2,,,potato,396004.30900000001,doi_10.21223_WQMMSN,1382,,FALSE,Peru,com,,,FALSE,,,,,,
WQMMSN_2001_COM_B3C2,,,potato,396004.33,doi_10.21223_WQMMSN,1383,,FALSE,Peru,com,,,FALSE,,,,,,
WQMMSN_2001_COM_B3C2,,,potato,396004.337,doi_10.21223_WQMMSN,1384,,FALSE,Peru,com,,,FALSE,,,,,,
WQMMSN_2001_COM_B3C2,,,potato,396004.359,doi_10.21223_WQMMSN,1385,,FALSE,Peru,com,,,FALSE,,,,,,
WQMMSN_2001_COM_B3C2,,,potato,396007.201,doi_10.21223_WQMMSN,1386,,FALSE,Peru,com,,,FALSE,,,,,,
WQMMSN_2001_COM_B3C2,,,potato,396008.4,doi_10.21223_WQMMSN,1387,,FALSE,Peru,com,,,FALSE,,,,,,
WQMMSN_2001_COM_B3C2,,,potato,396009.20699999999,doi_10.21223_WQMMSN,1388,,FALSE,Peru,com,,,FALSE,,,,,,
WQMMSN_2001_COM_B3C2,,,potato,396009.22499999998,doi_10.21223_WQMMSN,1389,,FALSE,Peru,com,,,FALSE,,,,,,
WQMMSN_2001_COM_B3C2,,,potato,396009.23499999999,doi_10.21223_WQMMSN,1390,,FALSE,Peru,com,,,FALSE,,,,,,
WQMMSN_2001_COM_B3C2,,,potato,396009.239,doi_10.21223_WQMMSN,1391,,FALSE,Peru,com,,,FALSE,,,,,,
WQMMSN_2001_COM_B3C2,,,potato,396009.24,doi_10.21223_WQMMSN,1392,,FALSE,Peru,com,,,FALSE,,,,,,
WQMMSN_2001_COM_B3C2,,,potato,396009.25799999997,doi_10.21223_WQMMSN,1393,,FALSE,Peru,com,,,FALSE,,,,,,
WQMMSN_2001_COM_B3C2,,,potato,396010.217,doi_10.21223_WQMMSN,1394,,FALSE,Peru,com,,,FALSE,,,,,,
WQMMSN_2001_COM_B3C2,,,potato,396010.21799999999,doi_10.21223_WQMMSN,1395,,FALSE,Peru,com,,,FALSE,,,,,,
WQMMSN_2001_COM_B3C2,,,potato,396011.201,doi_10.21223_WQMMSN,1396,,FALSE,Peru,com,,,FALSE,,,,,,
WQMMSN_2001_COM_B3C2,,,potato,396012.223,doi_10.21223_WQMMSN,1397,,FALSE,Peru,com,,,FALSE,,,,,,
WQMMSN_2001_COM_B3C2,,,potato,396012.266,doi_10.21223_WQMMSN,1398,,FALSE,Peru,com,,,FALSE,,,,,,
WQMMSN_2001_COM_B3C2,,,potato,396012.27100000001,doi_10.21223_WQMMSN,1399,,FALSE,Peru,com,,,FALSE,,,,,,
WQMMSN_2001_COM_B3C2,,,potato,396012.28,doi_10.21223_WQMMSN,1400,,FALSE,Peru,com,,,FALSE,,,,,,
WQMMSN_2001_COM_B3C2,,,potato,396012.288,doi_10.21223_WQMMSN,1401,,FALSE,Peru,com,,,FALSE,,,,,,
WQMMSN_2001_COM_B3C2,,,potato,396016.21799999999,doi_10.21223_WQMMSN,1402,,FALSE,Peru,com,,,FALSE,,,,,,
WQMMSN_2001_COM_B3C2,,,potato,396017.21500000003,doi_10.21223_WQMMSN,1403,,FALSE,Peru,com,,,FALSE,,,,,,
WQMMSN_2001_COM_B3C2,,,potato,396017.223,doi_10.21223_WQMMSN,1404,,FALSE,Peru,com,,,FALSE,,,,,,
WQMMSN_2001_COM_B3C2,,,potato,396017.24200000003,doi_10.21223_WQMMSN,1405,,FALSE,Peru,com,,,FALSE,,,,,,
WQMMSN_2001_COM_B3C2,,,potato,396017.24300000002,doi_10.21223_WQMMSN,1406,,FALSE,Peru,com,,,FALSE,,,,,,
WQMMSN_2001_COM_B3C2,,,potato,396018.24099999998,doi_10.21223_WQMMSN,1407,,FALSE,Peru,com,,,FALSE,,,,,,
WQMMSN_2001_COM_B3C2,,,potato,396019.20799999998,doi_10.21223_WQMMSN,1408,,FALSE,Peru,com,,,FALSE,,,,,,
WQMMSN_2001_COM_B3C2,,,potato,396022.24400000001,doi_10.21223_WQMMSN,1409,,FALSE,Peru,com,,,FALSE,,,,,,
WQMMSN_2001_COM_B3C2,,,potato,396022.24900000001,doi_10.21223_WQMMSN,1410,,FALSE,Peru,com,,,FALSE,,,,,,
WQMMSN_2001_COM_B3C2,,,potato,396023.109,doi_10.21223_WQMMSN,1411,,FALSE,Peru,com,,,FALSE,,,,,,
WQMMSN_2001_COM_B3C2,,,potato,396026.10100000002,doi_10.21223_WQMMSN,1412,,FALSE,Peru,com,,,FALSE,,,,,,
WQMMSN_2001_COM_B3C2,,,potato,396027.20500000002,doi_10.21223_WQMMSN,1413,,FALSE,Peru,com,,,FALSE,,,,,,
WQMMSN_2001_COM_B3C2,,,potato,396027.21399999998,doi_10.21223_WQMMSN,1414,,FALSE,Peru,com,,,FALSE,,,,,,
WQMMSN_2001_COM_B3C2,,,potato,396029.10200000001,doi_10.21223_WQMMSN,1415,,FALSE,Peru,com,,,FALSE,,,,,,
WQMMSN_2001_COM_B3C2,,,potato,396029.20500000002,doi_10.21223_WQMMSN,1416,,FALSE,Peru,com,,,FALSE,,,,,,
WQMMSN_2001_COM_B3C2,,,potato,396029.212,doi_10.21223_WQMMSN,1417,,FALSE,Peru,com,,,FALSE,,,,,,
WQMMSN_2001_COM_B3C2,,,potato,396029.21899999998,doi_10.21223_WQMMSN,1418,,FALSE,Peru,com,,,FALSE,,,,,,
WQMMSN_2001_COM_B3C2,,,potato,396029.22600000002,doi_10.21223_WQMMSN,1419,,FALSE,Peru,com,,,FALSE,,,,,,
WQMMSN_2001_COM_B3C2,,,potato,396029.24400000001,doi_10.21223_WQMMSN,1420,,FALSE,Peru,com,,,FALSE,,,,,,
WQMMSN_2001_COM_B3C2,,,potato,396029.245,doi_10.21223_WQMMSN,1421,,FALSE,Peru,com,,,FALSE,,,,,,
WQMMSN_2001_COM_B3C2,,,potato,396029.25,doi_10.21223_WQMMSN,1422,,FALSE,Peru,com,,,FALSE,,,,,,
WQMMSN_2001_COM_B3C2,,,potato,396030.10499999998,doi_10.21223_WQMMSN,1423,,FALSE,Peru,com,,,FALSE,,,,,,
WQMMSN_2001_COM_B3C2,,,potato,396031.10800000001,doi_10.21223_WQMMSN,1424,,FALSE,Peru,com,,,FALSE,,,,,,
WQMMSN_2001_COM_B3C2,,,potato,396031.11300000001,doi_10.21223_WQMMSN,1425,,FALSE,Peru,com,,,FALSE,,,,,,
WQMMSN_2001_COM_B3C2,,,potato,396033.10200000001,doi_10.21223_WQMMSN,1426,,FALSE,Peru,com,,,FALSE,,,,,,
WQMMSN_2001_COM_B3C2,,,potato,396034.103,doi_10.21223_WQMMSN,1427,,FALSE,Peru,com,,,FALSE,,,,,,
WQMMSN_2001_COM_B3C2,,,potato,396034.12,doi_10.21223_WQMMSN,1428,,FALSE,Peru,com,,,FALSE,,,,,,
WQMMSN_2001_COM_B3C2,,,potato,396034.26799999998,doi_10.21223_WQMMSN,1429,,FALSE,Peru,com,,,FALSE,,,,,,
WQMMSN_2001_COM_B3C2,,,potato,396034.272,doi_10.21223_WQMMSN,1430,,FALSE,Peru,com,,,FALSE,,,,,,
WQMMSN_2001_COM_B3C2,,,potato,396034.28,doi_10.21223_WQMMSN,1431,,FALSE,Peru,com,,,FALSE,,,,,,
WQMMSN_2001_COM_B3C2,,,potato,396036.11300000001,doi_10.21223_WQMMSN,1432,,FALSE,Peru,com,,,FALSE,,,,,,
WQMMSN_2001_COM_B3C2,,,potato,396036.201,doi_10.21223_WQMMSN,1433,,FALSE,Peru,com,,,FALSE,,,,,,
WQMMSN_2001_COM_B3C2,,,potato,396037.23,doi_10.21223_WQMMSN,1434,,FALSE,Peru,com,,,FALSE,,,,,,
WQMMSN_2001_COM_B3C2,,,potato,396038.10100000002,doi_10.21223_WQMMSN,1435,,FALSE,Peru,com,,,FALSE,,,,,,
WQMMSN_2001_COM_B3C2,,,potato,396038.10499999998,doi_10.21223_WQMMSN,1436,,FALSE,Peru,com,,,FALSE,,,,,,
WQMMSN_2001_COM_B3C2,,,potato,396039.103,doi_10.21223_WQMMSN,1437,,FALSE,Peru,com,,,FALSE,,,,,,
WQMMSN_2001_COM_B3C2,,,potato,396041.20199999999,doi_10.21223_WQMMSN,1438,,FALSE,Peru,com,,,FALSE,,,,,,
WQMMSN_2001_COM_B3C2,,,potato,396041.21500000003,doi_10.21223_WQMMSN,1439,,FALSE,Peru,com,,,FALSE,,,,,,
WQMMSN_2001_COM_B3C2,,,potato,396043.212,doi_10.21223_WQMMSN,1440,,FALSE,Peru,com,,,FALSE,,,,,,
WQMMSN_2001_COM_B3C2,,,potato,396043.223,doi_10.21223_WQMMSN,1441,,FALSE,Peru,com,,,FALSE,,,,,,
WQMMSN_2001_COM_B3C2,,,potato,396043.22600000002,doi_10.21223_WQMMSN,1442,,FALSE,Peru,com,,,FALSE,,,,,,
WQMMSN_2001_COM_B3C2,,,potato,396234.11,doi_10.21223_WQMMSN,1443,,FALSE,Peru,com,,,FALSE,,,,,,
WQMMSN_2001_COM_B3C2,,,potato,396234.2,doi_10.21223_WQMMSN,1444,,FALSE,Peru,com,,,FALSE,,,,,,
WQMMSN_2001_COM_B3C2,,,potato,396236.2,doi_10.21223_WQMMSN,1445,,FALSE,Peru,com,,,FALSE,,,,,,
WQMMSN_2001_COM_B3C2,,,potato,396240.16,doi_10.21223_WQMMSN,1446,,FALSE,Peru,com,,,FALSE,,,,,,
WQMMSN_2001_COM_B3C2,,,potato,396240.2,doi_10.21223_WQMMSN,1447,,FALSE,Peru,com,,,FALSE,,,,,,
WQMMSN_2001_COM_B3C2,,,potato,396240.2,doi_10.21223_WQMMSN,1448,,FALSE,Peru,com,,,FALSE,,,,,,
WQMMSN_2001_COM_B3C2,,,potato,396240.23,doi_10.21223_WQMMSN,1449,,FALSE,Peru,com,,,FALSE,,,,,,
WQMMSN_2001_COM_B3C2,,,potato,396240.8,doi_10.21223_WQMMSN,1450,,FALSE,Peru,com,,,FALSE,,,,,,
WQMMSN_2001_COM_B3C2,,,potato,396243.29,doi_10.21223_WQMMSN,1451,,FALSE,Peru,com,,,FALSE,,,,,,
WQMMSN_2001_COM_B3C2,,,potato,396244.17,doi_10.21223_WQMMSN,1452,,FALSE,Peru,com,,,FALSE,,,,,,
WQMMSN_2001_COM_B3C2,,,potato,396247.15,doi_10.21223_WQMMSN,1453,,FALSE,Peru,com,,,FALSE,,,,,,
WQMMSN_2001_COM_B3C2,,,potato,396247.18,doi_10.21223_WQMMSN,1454,,FALSE,Peru,com,,,FALSE,,,,,,
WQMMSN_2001_COM_B3C2,,,potato,396247.2,doi_10.21223_WQMMSN,1455,,FALSE,Peru,com,,,FALSE,,,,,,
WQMMSN_2001_COM_B3C2,,,potato,396249.7,doi_10.21223_WQMMSN,1456,,FALSE,Peru,com,,,FALSE,,,,,,
WQMMSN_2001_COM_B3C2,,,potato,396253.5,doi_10.21223_WQMMSN,1457,,FALSE,Peru,com,,,FALSE,,,,,,
WQMMSN_2001_COM_B3C2,,,potato,396255.1,doi_10.21223_WQMMSN,1458,,FALSE,Peru,com,,,FALSE,,,,,,
WQMMSN_2001_COM_B3C2,,,potato,396256.4,doi_10.21223_WQMMSN,1459,,FALSE,Peru,com,,,FALSE,,,,,,
WQMMSN_2001_COM_B3C2,,,potato,396260.4,doi_10.21223_WQMMSN,1460,,FALSE,Peru,com,,,FALSE,,,,,,
WQMMSN_2001_COM_B3C2,,,potato,396263.8,doi_10.21223_WQMMSN,1461,,FALSE,Peru,com,,,FALSE,,,,,,
WQMMSN_2001_COM_B3C2,,,potato,396264.14,doi_10.21223_WQMMSN,1462,,FALSE,Peru,com,,,FALSE,,,,,,
WQMMSN_2001_COM_B3C2,,,potato,396265.4,doi_10.21223_WQMMSN,1463,,FALSE,Peru,com,,,FALSE,,,,,,
WQMMSN_2001_COM_B3C2,,,potato,396266.9,doi_10.21223_WQMMSN,1464,,FALSE,Peru,com,,,FALSE,,,,,,
WQMMSN_2001_HRL_B3C2,,,potato,395011.19,doi_10.21223_WQMMSN,1465,,FALSE,Peru,hrl,,,FALSE,,,,,,
WQMMSN_2001_HRL_B3C2,,,potato,395011.2,doi_10.21223_WQMMSN,1466,,FALSE,Peru,hrl,,,FALSE,,,,,,
WQMMSN_2001_HRL_B3C2,,,potato,395015.5,doi_10.21223_WQMMSN,1467,,FALSE,Peru,hrl,,,FALSE,,,,,,
WQMMSN_2001_HRL_B3C2,,,potato,395015.6,doi_10.21223_WQMMSN,1468,,FALSE,Peru,hrl,,,FALSE,,,,,,
WQMMSN_2001_HRL_B3C2,,,potato,395017.14,doi_10.21223_WQMMSN,1469,,FALSE,Peru,hrl,,,FALSE,,,,,,
WQMMSN_2001_HRL_B3C2,,,potato,395037.10700000002,doi_10.21223_WQMMSN,1470,,FALSE,Peru,hrl,,,FALSE,,,,,,
WQMMSN_2001_HRL_B3C2,,,potato,395052.11,doi_10.21223_WQMMSN,1471,,FALSE,Peru,hrl,,,FALSE,,,,,,
WQMMSN_2001_HRL_B3C2,,,potato,395077.12,doi_10.21223_WQMMSN,1472,,FALSE,Peru,hrl,,,FALSE,,,,,,
WQMMSN_2001_HRL_B3C2,,,potato,395077.5,doi_10.21223_WQMMSN,1473,,FALSE,Peru,hrl,,,FALSE,,,,,,
WQMMSN_2001_HRL_B3C2,,,potato,395084.9,doi_10.21223_WQMMSN,1474,,FALSE,Peru,hrl,,,FALSE,,,,,,
WQMMSN_2001_HRL_B3C2,,,potato,395096.2,doi_10.21223_WQMMSN,1475,,FALSE,Peru,hrl,,,FALSE,,,,,,
WQMMSN_2001_HRL_B3C2,,,potato,395096.3,doi_10.21223_WQMMSN,1476,,FALSE,Peru,hrl,,,FALSE,,,,,,
WQMMSN_2001_HRL_B3C2,,,potato,395096.5,doi_10.21223_WQMMSN,1477,,FALSE,Peru,hrl,,,FALSE,,,,,,
WQMMSN_2001_HRL_B3C2,,,potato,395096.7,doi_10.21223_WQMMSN,1478,,FALSE,Peru,hrl,,,FALSE,,,,,,
WQMMSN_2001_HRL_B3C2,,,potato,395097.4,doi_10.21223_WQMMSN,1479,,FALSE,Peru,hrl,,,FALSE,,,,,,
WQMMSN_2001_HRL_B3C2,,,potato,395109.29,doi_10.21223_WQMMSN,1480,,FALSE,Peru,hrl,,,FALSE,,,,,,
WQMMSN_2001_HRL_B3C2,,,potato,395109.34,doi_10.21223_WQMMSN,1481,,FALSE,Peru,hrl,,,FALSE,,,,,,
WQMMSN_2001_HRL_B3C2,,,potato,395109.4,doi_10.21223_WQMMSN,1482,,FALSE,Peru,hrl,,,FALSE,,,,,,
WQMMSN_2001_HRL_B3C2,,,potato,395109.7,doi_10.21223_WQMMSN,1483,,FALSE,Peru,hrl,,,FALSE,,,,,,
WQMMSN_2001_HRL_B3C2,,,potato,395111.13,doi_10.21223_WQMMSN,1484,,FALSE,Peru,hrl,,,FALSE,,,,,,
WQMMSN_2001_HRL_B3C2,,,potato,395112.19,doi_10.21223_WQMMSN,1485,,FALSE,Peru,hrl,,,FALSE,,,,,,
WQMMSN_2001_HRL_B3C2,,,potato,395112.32,doi_10.21223_WQMMSN,1486,,FALSE,Peru,hrl,,,FALSE,,,,,,
WQMMSN_2001_HRL_B3C2,,,potato,395112.36,doi_10.21223_WQMMSN,1487,,FALSE,Peru,hrl,,,FALSE,,,,,,
WQMMSN_2001_HRL_B3C2,,,potato,395112.6,doi_10.21223_WQMMSN,1488,,FALSE,Peru,hrl,,,FALSE,,,,,,
WQMMSN_2001_HRL_B3C2,,,potato,395112.9,doi_10.21223_WQMMSN,1489,,FALSE,Peru,hrl,,,FALSE,,,,,,
WQMMSN_2001_HRL_B3C2,,,potato,395114.5,doi_10.21223_WQMMSN,1490,,FALSE,Peru,hrl,,,FALSE,,,,,,
WQMMSN_2001_HRL_B3C2,,,potato,395117.11,doi_10.21223_WQMMSN,1491,,FALSE,Peru,hrl,,,FALSE,,,,,,
WQMMSN_2001_HRL_B3C2,,,potato,395117.3,doi_10.21223_WQMMSN,1492,,FALSE,Peru,hrl,,,FALSE,,,,,,
WQMMSN_2001_HRL_B3C2,,,potato,395123.6,doi_10.21223_WQMMSN,1493,,FALSE,Peru,hrl,,,FALSE,,,,,,
WQMMSN_2001_HRL_B3C2,,,potato,395143.4,doi_10.21223_WQMMSN,1494,,FALSE,Peru,hrl,,,FALSE,,,,,,
WQMMSN_2001_HRL_B3C2,,,potato,395152.16,doi_10.21223_WQMMSN,1495,,FALSE,Peru,hrl,,,FALSE,,,,,,
WQMMSN_2001_HRL_B3C2,,,potato,395169.17,doi_10.21223_WQMMSN,1496,,FALSE,Peru,hrl,,,FALSE,,,,,,
WQMMSN_2001_HRL_B3C2,,,potato,395169.4,doi_10.21223_WQMMSN,1497,,FALSE,Peru,hrl,,,FALSE,,,,,,
WQMMSN_2001_HRL_B3C2,,,potato,395179.21,doi_10.21223_WQMMSN,1498,,FALSE,Peru,hrl,,,FALSE,,,,,,
WQMMSN_2001_HRL_B3C2,,,potato,396004.103,doi_10.21223_WQMMSN,1499,,FALSE,Peru,hrl,,,FALSE,,,,,,
WQMMSN_2001_HRL_B3C2,,,potato,396008.10399999999,doi_10.21223_WQMMSN,1500,,FALSE,Peru,hrl,,,FALSE,,,,,,
WQMMSN_2001_HRL_B3C2,,,potato,396023.109,doi_10.21223_WQMMSN,1501,,FALSE,Peru,hrl,,,FALSE,,,,,,
WQMMSN_2001_HRL_B3C2,,,potato,396026.10100000002,doi_10.21223_WQMMSN,1502,,FALSE,Peru,hrl,,,FALSE,,,,,,
WQMMSN_2001_HRL_B3C2,,,potato,396026.103,doi_10.21223_WQMMSN,1503,,FALSE,Peru,hrl,,,FALSE,,,,,,
WQMMSN_2001_HRL_B3C2,,,potato,396027.11099999998,doi_10.21223_WQMMSN,1504,,FALSE,Peru,hrl,,,FALSE,,,,,,
WQMMSN_2001_HRL_B3C2,,,potato,396029.10200000001,doi_10.21223_WQMMSN,1505,,FALSE,Peru,hrl,,,FALSE,,,,,,
WQMMSN_2001_HRL_B3C2,,,potato,396031.10800000001,doi_10.21223_WQMMSN,1506,,FALSE,Peru,hrl,,,FALSE,,,,,,
WQMMSN_2001_HRL_B3C2,,,potato,396031.11300000001,doi_10.21223_WQMMSN,1507,,FALSE,Peru,hrl,,,FALSE,,,,,,
WQMMSN_2001_HRL_B3C2,,,potato,396031.11800000002,doi_10.21223_WQMMSN,1508,,FALSE,Peru,hrl,,,FALSE,,,,,,
WQMMSN_2001_HRL_B3C2,,,potato,396031.11900000001,doi_10.21223_WQMMSN,1509,,FALSE,Peru,hrl,,,FALSE,,,,,,
WQMMSN_2001_HRL_B3C2,,,potato,396033.10200000001,doi_10.21223_WQMMSN,1510,,FALSE,Peru,hrl,,,FALSE,,,,,,
WQMMSN_2001_HRL_B3C2,,,potato,396034.103,doi_10.21223_WQMMSN,1511,,FALSE,Peru,hrl,,,FALSE,,,,,,
WQMMSN_2001_HRL_B3C2,,,potato,396038.10499999998,doi_10.21223_WQMMSN,1512,,FALSE,Peru,hrl,,,FALSE,,,,,,
WQMMSN_2001_HRL_B3C2,,,potato,396038.10700000002,doi_10.21223_WQMMSN,1513,,FALSE,Peru,hrl,,,FALSE,,,,,,
WQMMSN_2001_HRL_B3C2,,,potato,396041.10200000001,doi_10.21223_WQMMSN,1514,,FALSE,Peru,hrl,,,FALSE,,,,,,
WQMMSN_2001_HRL_B3C2,,,potato,396046.10499999998,doi_10.21223_WQMMSN,1515,,FALSE,Peru,hrl,,,FALSE,,,,,,
WQMMSN_2001_OXA_B3C2,,,potato,395005.245,doi_10.21223_WQMMSN,1516,,FALSE,Peru,oxa,,,FALSE,,,,,,
WQMMSN_2001_OXA_B3C2,,,potato,395007.21299999999,doi_10.21223_WQMMSN,1517,,FALSE,Peru,oxa,,,FALSE,,,,,,
WQMMSN_2001_OXA_B3C2,,,potato,395007.21899999998,doi_10.21223_WQMMSN,1518,,FALSE,Peru,oxa,,,FALSE,,,,,,
WQMMSN_2001_OXA_B3C2,,,potato,395011.19,doi_10.21223_WQMMSN,1519,,FALSE,Peru,oxa,,,FALSE,,,,,,
WQMMSN_2001_OXA_B3C2,,,potato,395011.2,doi_10.21223_WQMMSN,1520,,FALSE,Peru,oxa,,,FALSE,,,,,,
WQMMSN_2001_OXA_B3C2,,,potato,395013.21100000001,doi_10.21223_WQMMSN,1521,,FALSE,Peru,oxa,,,FALSE,,,,,,
WQMMSN_2001_OXA_B3C2,,,potato,395013.25199999998,doi_10.21223_WQMMSN,1522,,FALSE,Peru,oxa,,,FALSE,,,,,,
WQMMSN_2001_OXA_B3C2,,,potato,395013.25799999997,doi_10.21223_WQMMSN,1523,,FALSE,Peru,oxa,,,FALSE,,,,,,
WQMMSN_2001_OXA_B3C2,,,potato,395014.21899999998,doi_10.21223_WQMMSN,1524,,FALSE,Peru,oxa,,,FALSE,,,,,,
WQMMSN_2001_OXA_B3C2,,,potato,395015.5,doi_10.21223_WQMMSN,1525,,FALSE,Peru,oxa,,,FALSE,,,,,,
WQMMSN_2001_OXA_B3C2,,,potato,395015.6,doi_10.21223_WQMMSN,1526,,FALSE,Peru,oxa,,,FALSE,,,,,,
WQMMSN_2001_OXA_B3C2,,,potato,395016.22700000001,doi_10.21223_WQMMSN,1527,,FALSE,Peru,oxa,,,FALSE,,,,,,
WQMMSN_2001_OXA_B3C2,,,potato,395016.25,doi_10.21223_WQMMSN,1528,,FALSE,Peru,oxa,,,FALSE,,,,,,
WQMMSN_2001_OXA_B3C2,,,potato,395016.255,doi_10.21223_WQMMSN,1529,,FALSE,Peru,oxa,,,FALSE,,,,,,
WQMMSN_2001_OXA_B3C2,,,potato,395016.25799999997,doi_10.21223_WQMMSN,1530,,FALSE,Peru,oxa,,,FALSE,,,,,,
WQMMSN_2001_OXA_B3C2,,,potato,395017.14,doi_10.21223_WQMMSN,1531,,FALSE,Peru,oxa,,,FALSE,,,,,,
WQMMSN_2001_OXA_B3C2,,,potato,395017.201,doi_10.21223_WQMMSN,1532,,FALSE,Peru,oxa,,,FALSE,,,,,,
WQMMSN_2001_OXA_B3C2,,,potato,395017.22700000001,doi_10.21223_WQMMSN,1533,,FALSE,Peru,oxa,,,FALSE,,,,,,
WQMMSN_2001_OXA_B3C2,,,potato,395017.22899999999,doi_10.21223_WQMMSN,1534,,FALSE,Peru,oxa,,,FALSE,,,,,,
WQMMSN_2001_OXA_B3C2,,,potato,395017.239,doi_10.21223_WQMMSN,1535,,FALSE,Peru,oxa,,,FALSE,,,,,,
WQMMSN_2001_OXA_B3C2,,,potato,395017.24200000003,doi_10.21223_WQMMSN,1536,,FALSE,Peru,oxa,,,FALSE,,,,,,
WQMMSN_2001_OXA_B3C2,,,potato,395017.24400000001,doi_10.21223_WQMMSN,1537,,FALSE,Peru,oxa,,,FALSE,,,,,,
WQMMSN_2001_OXA_B3C2,,,potato,395019.34,doi_10.21223_WQMMSN,1538,,FALSE,Peru,oxa,,,FALSE,,,,,,
WQMMSN_2001_OXA_B3C2,,,potato,395037.10700000002,doi_10.21223_WQMMSN,1539,,FALSE,Peru,oxa,,,FALSE,,,,,,
WQMMSN_2001_OXA_B3C2,,,potato,395052.11,doi_10.21223_WQMMSN,1540,,FALSE,Peru,oxa,,,FALSE,,,,,,
WQMMSN_2001_OXA_B3C2,,,potato,395077.12,doi_10.21223_WQMMSN,1541,,FALSE,Peru,oxa,,,FALSE,,,,,,
WQMMSN_2001_OXA_B3C2,,,potato,395077.5,doi_10.21223_WQMMSN,1542,,FALSE,Peru,oxa,,,FALSE,,,,,,
WQMMSN_2001_OXA_B3C2,,,potato,395084.9,doi_10.21223_WQMMSN,1543,,FALSE,Peru,oxa,,,FALSE,,,,,,
WQMMSN_2001_OXA_B3C2,,,potato,395096.2,doi_10.21223_WQMMSN,1544,,FALSE,Peru,oxa,,,FALSE,,,,,,
WQMMSN_2001_OXA_B3C2,,,potato,395096.3,doi_10.21223_WQMMSN,1545,,FALSE,Peru,oxa,,,FALSE,,,,,,
WQMMSN_2001_OXA_B3C2,,,potato,395096.5,doi_10.21223_WQMMSN,1546,,FALSE,Peru,oxa,,,FALSE,,,,,,
WQMMSN_2001_OXA_B3C2,,,potato,395109.29,doi_10.21223_WQMMSN,1547,,FALSE,Peru,oxa,,,FALSE,,,,,,
WQMMSN_2001_OXA_B3C2,,,potato,395109.4,doi_10.21223_WQMMSN,1548,,FALSE,Peru,oxa,,,FALSE,,,,,,
WQMMSN_2001_OXA_B3C2,,,potato,395109.7,doi_10.21223_WQMMSN,1549,,FALSE,Peru,oxa,,,FALSE,,,,,,
WQMMSN_2001_OXA_B3C2,,,potato,395112.19,doi_10.21223_WQMMSN,1550,,FALSE,Peru,oxa,,,FALSE,,,,,,
WQMMSN_2001_OXA_B3C2,,,potato,395112.36,doi_10.21223_WQMMSN,1551,,FALSE,Peru,oxa,,,FALSE,,,,,,
WQMMSN_2001_OXA_B3C2,,,potato,395112.6,doi_10.21223_WQMMSN,1552,,FALSE,Peru,oxa,,,FALSE,,,,,,
WQMMSN_2001_OXA_B3C2,,,potato,395112.9,doi_10.21223_WQMMSN,1553,,FALSE,Peru,oxa,,,FALSE,,,,,,
WQMMSN_2001_OXA_B3C2,,,potato,395117.11,doi_10.21223_WQMMSN,1554,,FALSE,Peru,oxa,,,FALSE,,,,,,
WQMMSN_2001_OXA_B3C2,,,potato,395117.3,doi_10.21223_WQMMSN,1555,,FALSE,Peru,oxa,,,FALSE,,,,,,
WQMMSN_2001_OXA_B3C2,,,potato,395123.6,doi_10.21223_WQMMSN,1556,,FALSE,Peru,oxa,,,FALSE,,,,,,
WQMMSN_2001_OXA_B3C2,,,potato,395143.4,doi_10.21223_WQMMSN,1557,,FALSE,Peru,oxa,,,FALSE,,,,,,
WQMMSN_2001_OXA_B3C2,,,potato,395165.11,doi_10.21223_WQMMSN,1558,,FALSE,Peru,oxa,,,FALSE,,,,,,
WQMMSN_2001_OXA_B3C2,,,potato,395169.4,doi_10.21223_WQMMSN,1559,,FALSE,Peru,oxa,,,FALSE,,,,,,
WQMMSN_2001_OXA_B3C2,,,potato,396004.103,doi_10.21223_WQMMSN,1560,,FALSE,Peru,oxa,,,FALSE,,,,,,
WQMMSN_2001_OXA_B3C2,,,potato,396004.212,doi_10.21223_WQMMSN,1561,,FALSE,Peru,oxa,,,FALSE,,,,,,
WQMMSN_2001_OXA_B3C2,,,potato,396004.22499999998,doi_10.21223_WQMMSN,1562,,FALSE,Peru,oxa,,,FALSE,,,,,,
WQMMSN_2001_OXA_B3C2,,,potato,396004.24699999997,doi_10.21223_WQMMSN,1563,,FALSE,Peru,oxa,,,FALSE,,,,,,
WQMMSN_2001_OXA_B3C2,,,potato,396004.26299999998,doi_10.21223_WQMMSN,1564,,FALSE,Peru,oxa,,,FALSE,,,,,,
WQMMSN_2001_OXA_B3C2,,,potato,396004.26400000002,doi_10.21223_WQMMSN,1565,,FALSE,Peru,oxa,,,FALSE,,,,,,
WQMMSN_2001_OXA_B3C2,,,potato,396004.26799999998,doi_10.21223_WQMMSN,1566,,FALSE,Peru,oxa,,,FALSE,,,,,,
WQMMSN_2001_OXA_B3C2,,,potato,396004.283,doi_10.21223_WQMMSN,1567,,FALSE,Peru,oxa,,,FALSE,,,,,,
WQMMSN_2001_OXA_B3C2,,,potato,396004.30099999998,doi_10.21223_WQMMSN,1568,,FALSE,Peru,oxa,,,FALSE,,,,,,
WQMMSN_2001_OXA_B3C2,,,potato,396004.32,doi_10.21223_WQMMSN,1569,,FALSE,Peru,oxa,,,FALSE,,,,,,
WQMMSN_2001_OXA_B3C2,,,potato,396004.33,doi_10.21223_WQMMSN,1570,,FALSE,Peru,oxa,,,FALSE,,,,,,
WQMMSN_2001_OXA_B3C2,,,potato,396004.337,doi_10.21223_WQMMSN,1571,,FALSE,Peru,oxa,,,FALSE,,,,,,
WQMMSN_2001_OXA_B3C2,,,potato,396004.359,doi_10.21223_WQMMSN,1572,,FALSE,Peru,oxa,,,FALSE,,,,,,
WQMMSN_2001_OXA_B3C2,,,potato,396007.201,doi_10.21223_WQMMSN,1573,,FALSE,Peru,oxa,,,FALSE,,,,,,
WQMMSN_2001_OXA_B3C2,,,potato,396008.10399999999,doi_10.21223_WQMMSN,1574,,FALSE,Peru,oxa,,,FALSE,,,,,,
WQMMSN_2001_OXA_B3C2,,,potato,396009.22499999998,doi_10.21223_WQMMSN,1575,,FALSE,Peru,oxa,,,FALSE,,,,,,
WQMMSN_2001_OXA_B3C2,,,potato,396009.23499999999,doi_10.21223_WQMMSN,1576,,FALSE,Peru,oxa,,,FALSE,,,,,,
WQMMSN_2001_OXA_B3C2,,,potato,396009.239,doi_10.21223_WQMMSN,1577,,FALSE,Peru,oxa,,,FALSE,,,,,,
WQMMSN_2001_OXA_B3C2,,,potato,396009.24,doi_10.21223_WQMMSN,1578,,FALSE,Peru,oxa,,,FALSE,,,,,,
WQMMSN_2001_OXA_B3C2,,,potato,396009.25799999997,doi_10.21223_WQMMSN,1579,,FALSE,Peru,oxa,,,FALSE,,,,,,
WQMMSN_2001_OXA_B3C2,,,potato,396010.217,doi_10.21223_WQMMSN,1580,,FALSE,Peru,oxa,,,FALSE,,,,,,
WQMMSN_2001_OXA_B3C2,,,potato,396010.21799999999,doi_10.21223_WQMMSN,1581,,FALSE,Peru,oxa,,,FALSE,,,,,,
WQMMSN_2001_OXA_B3C2,,,potato,396010.22,doi_10.21223_WQMMSN,1582,,FALSE,Peru,oxa,,,FALSE,,,,,,
WQMMSN_2001_OXA_B3C2,,,potato,396012.223,doi_10.21223_WQMMSN,1583,,FALSE,Peru,oxa,,,FALSE,,,,,,
WQMMSN_2001_OXA_B3C2,,,potato,396012.22600000002,doi_10.21223_WQMMSN,1584,,FALSE,Peru,oxa,,,FALSE,,,,,,
WQMMSN_2001_OXA_B3C2,,,potato,396012.266,doi_10.21223_WQMMSN,1585,,FALSE,Peru,oxa,,,FALSE,,,,,,
WQMMSN_2001_OXA_B3C2,,,potato,396012.27100000001,doi_10.21223_WQMMSN,1586,,FALSE,Peru,oxa,,,FALSE,,,,,,
WQMMSN_2001_OXA_B3C2,,,potato,396012.28,doi_10.21223_WQMMSN,1587,,FALSE,Peru,oxa,,,FALSE,,,,,,
WQMMSN_2001_OXA_B3C2,,,potato,396015.20600000001,doi_10.21223_WQMMSN,1588,,FALSE,Peru,oxa,,,FALSE,,,,,,
WQMMSN_2001_OXA_B3C2,,,potato,396017.20299999998,doi_10.21223_WQMMSN,1589,,FALSE,Peru,oxa,,,FALSE,,,,,,
WQMMSN_2001_OXA_B3C2,,,potato,396017.20299999998,doi_10.21223_WQMMSN,1590,,FALSE,Peru,oxa,,,FALSE,,,,,,
WQMMSN_2001_OXA_B3C2,,,potato,396017.21500000003,doi_10.21223_WQMMSN,1591,,FALSE,Peru,oxa,,,FALSE,,,,,,
WQMMSN_2001_OXA_B3C2,,,potato,396017.223,doi_10.21223_WQMMSN,1592,,FALSE,Peru,oxa,,,FALSE,,,,,,
WQMMSN_2001_OXA_B3C2,,,potato,396018.24099999998,doi_10.21223_WQMMSN,1593,,FALSE,Peru,oxa,,,FALSE,,,,,,
WQMMSN_2001_OXA_B3C2,,,potato,396019.22399999999,doi_10.21223_WQMMSN,1594,,FALSE,Peru,oxa,,,FALSE,,,,,,
WQMMSN_2001_OXA_B3C2,,,potato,396019.23,doi_10.21223_WQMMSN,1595,,FALSE,Peru,oxa,,,FALSE,,,,,,
WQMMSN_2001_OXA_B3C2,,,potato,396022.24400000001,doi_10.21223_WQMMSN,1596,,FALSE,Peru,oxa,,,FALSE,,,,,,
WQMMSN_2001_OXA_B3C2,,,potato,396022.24900000001,doi_10.21223_WQMMSN,1597,,FALSE,Peru,oxa,,,FALSE,,,,,,
WQMMSN_2001_OXA_B3C2,,,potato,396023.109,doi_10.21223_WQMMSN,1598,,FALSE,Peru,oxa,,,FALSE,,,,,,
WQMMSN_2001_OXA_B3C2,,,potato,396025.10200000001,doi_10.21223_WQMMSN,1599,,FALSE,Peru,oxa,,,FALSE,,,,,,
WQMMSN_2001_OXA_B3C2,,,potato,396026.10100000002,doi_10.21223_WQMMSN,1600,,FALSE,Peru,oxa,,,FALSE,,,,,,
WQMMSN_2001_OXA_B3C2,,,potato,396026.103,doi_10.21223_WQMMSN,1601,,FALSE,Peru,oxa,,,FALSE,,,,,,
WQMMSN_2001_OXA_B3C2,,,potato,396027.11099999998,doi_10.21223_WQMMSN,1602,,FALSE,Peru,oxa,,,FALSE,,,,,,
WQMMSN_2001_OXA_B3C2,,,potato,396027.20500000002,doi_10.21223_WQMMSN,1603,,FALSE,Peru,oxa,,,FALSE,,,,,,
WQMMSN_2001_OXA_B3C2,,,potato,396027.21399999998,doi_10.21223_WQMMSN,1604,,FALSE,Peru,oxa,,,FALSE,,,,,,
WQMMSN_2001_OXA_B3C2,,,potato,396029.10200000001,doi_10.21223_WQMMSN,1605,,FALSE,Peru,oxa,,,FALSE,,,,,,
WQMMSN_2001_OXA_B3C2,,,potato,396029.20500000002,doi_10.21223_WQMMSN,1606,,FALSE,Peru,oxa,,,FALSE,,,,,,
WQMMSN_2001_OXA_B3C2,,,potato,396029.21100000001,doi_10.21223_WQMMSN,1607,,FALSE,Peru,oxa,,,FALSE,,,,,,
WQMMSN_2001_OXA_B3C2,,,potato,396029.212,doi_10.21223_WQMMSN,1608,,FALSE,Peru,oxa,,,FALSE,,,,,,
WQMMSN_2001_OXA_B3C2,,,potato,396029.21899999998,doi_10.21223_WQMMSN,1609,,FALSE,Peru,oxa,,,FALSE,,,,,,
WQMMSN_2001_OXA_B3C2,,,potato,396029.22,doi_10.21223_WQMMSN,1610,,FALSE,Peru,oxa,,,FALSE,,,,,,
WQMMSN_2001_OXA_B3C2,,,potato,396029.22600000002,doi_10.21223_WQMMSN,1611,,FALSE,Peru,oxa,,,FALSE,,,,,,
WQMMSN_2001_OXA_B3C2,,,potato,396029.24400000001,doi_10.21223_WQMMSN,1612,,FALSE,Peru,oxa,,,FALSE,,,,,,
WQMMSN_2001_OXA_B3C2,,,potato,396029.245,doi_10.21223_WQMMSN,1613,,FALSE,Peru,oxa,,,FALSE,,,,,,
WQMMSN_2001_OXA_B3C2,,,potato,396029.24800000002,doi_10.21223_WQMMSN,1614,,FALSE,Peru,oxa,,,FALSE,,,,,,
WQMMSN_2001_OXA_B3C2,,,potato,396029.25,doi_10.21223_WQMMSN,1615,,FALSE,Peru,oxa,,,FALSE,,,,,,
WQMMSN_2001_OXA_B3C2,,,potato,396029.25199999998,doi_10.21223_WQMMSN,1616,,FALSE,Peru,oxa,,,FALSE,,,,,,
WQMMSN_2001_OXA_B3C2,,,potato,396030.10499999998,doi_10.21223_WQMMSN,1617,,FALSE,Peru,oxa,,,FALSE,,,,,,
WQMMSN_2001_OXA_B3C2,,,potato,396031.10800000001,doi_10.21223_WQMMSN,1618,,FALSE,Peru,oxa,,,FALSE,,,,,,
WQMMSN_2001_OXA_B3C2,,,potato,396031.11300000001,doi_10.21223_WQMMSN,1619,,FALSE,Peru,oxa,,,FALSE,,,,,,
WQMMSN_2001_OXA_B3C2,,,potato,396031.11800000002,doi_10.21223_WQMMSN,1620,,FALSE,Peru,oxa,,,FALSE,,,,,,
WQMMSN_2001_OXA_B3C2,,,potato,396031.11900000001,doi_10.21223_WQMMSN,1621,,FALSE,Peru,oxa,,,FALSE,,,,,,
WQMMSN_2001_OXA_B3C2,,,potato,396031.21299999999,doi_10.21223_WQMMSN,1622,,FALSE,Peru,oxa,,,FALSE,,,,,,
WQMMSN_2001_OXA_B3C2,,,potato,396031.22100000002,doi_10.21223_WQMMSN,1623,,FALSE,Peru,oxa,,,FALSE,,,,,,
WQMMSN_2001_OXA_B3C2,,,potato,396031.24200000003,doi_10.21223_WQMMSN,1624,,FALSE,Peru,oxa,,,FALSE,,,,,,
WQMMSN_2001_OXA_B3C2,,,potato,396033.10200000001,doi_10.21223_WQMMSN,1625,,FALSE,Peru,oxa,,,FALSE,,,,,,
WQMMSN_2001_OXA_B3C2,,,potato,396034.103,doi_10.21223_WQMMSN,1626,,FALSE,Peru,oxa,,,FALSE,,,,,,
WQMMSN_2001_OXA_B3C2,,,potato,396034.26799999998,doi_10.21223_WQMMSN,1627,,FALSE,Peru,oxa,,,FALSE,,,,,,
WQMMSN_2001_OXA_B3C2,,,potato,396034.272,doi_10.21223_WQMMSN,1628,,FALSE,Peru,oxa,,,FALSE,,,,,,
WQMMSN_2001_OXA_B3C2,,,potato,396034.28,doi_10.21223_WQMMSN,1629,,FALSE,Peru,oxa,,,FALSE,,,,,,
WQMMSN_2001_OXA_B3C2,,,potato,396036.11300000001,doi_10.21223_WQMMSN,1630,,FALSE,Peru,oxa,,,FALSE,,,,,,
WQMMSN_2001_OXA_B3C2,,,potato,396036.201,doi_10.21223_WQMMSN,1631,,FALSE,Peru,oxa,,,FALSE,,,,,,
WQMMSN_2001_OXA_B3C2,,,potato,396036.20199999999,doi_10.21223_WQMMSN,1632,,FALSE,Peru,oxa,,,FALSE,,,,,,
WQMMSN_2001_OXA_B3C2,,,potato,396036.20400000003,doi_10.21223_WQMMSN,1633,,FALSE,Peru,oxa,,,FALSE,,,,,,
WQMMSN_2001_OXA_B3C2,,,potato,396037.21500000003,doi_10.21223_WQMMSN,1634,,FALSE,Peru,oxa,,,FALSE,,,,,,
WQMMSN_2001_OXA_B3C2,,,potato,396037.23,doi_10.21223_WQMMSN,1635,,FALSE,Peru,oxa,,,FALSE,,,,,,
WQMMSN_2001_OXA_B3C2,,,potato,396038.10100000002,doi_10.21223_WQMMSN,1636,,FALSE,Peru,oxa,,,FALSE,,,,,,
WQMMSN_2001_OXA_B3C2,,,potato,396038.10499999998,doi_10.21223_WQMMSN,1637,,FALSE,Peru,oxa,,,FALSE,,,,,,
WQMMSN_2001_OXA_B3C2,,,potato,396038.10700000002,doi_10.21223_WQMMSN,1638,,FALSE,Peru,oxa,,,FALSE,,,,,,
WQMMSN_2001_OXA_B3C2,,,potato,396039.103,doi_10.21223_WQMMSN,1639,,FALSE,Peru,oxa,,,FALSE,,,,,,
WQMMSN_2001_OXA_B3C2,,,potato,396039.22499999998,doi_10.21223_WQMMSN,1640,,FALSE,Peru,oxa,,,FALSE,,,,,,
WQMMSN_2001_OXA_B3C2,,,potato,396039.23700000002,doi_10.21223_WQMMSN,1641,,FALSE,Peru,oxa,,,FALSE,,,,,,
WQMMSN_2001_OXA_B3C2,,,potato,396041.20199999999,doi_10.21223_WQMMSN,1642,,FALSE,Peru,oxa,,,FALSE,,,,,,
WQMMSN_2001_OXA_B3C2,,,potato,396043.212,doi_10.21223_WQMMSN,1643,,FALSE,Peru,oxa,,,FALSE,,,,,,
WQMMSN_2001_OXA_B3C2,,,potato,396043.223,doi_10.21223_WQMMSN,1644,,FALSE,Peru,oxa,,,FALSE,,,,,,
WQMMSN_2001_OXA_B3C2,,,potato,396043.22600000002,doi_10.21223_WQMMSN,1645,,FALSE,Peru,oxa,,,FALSE,,,,,,
WQMMSN_2001_OXA_B3C2,,,potato,396043.23700000002,doi_10.21223_WQMMSN,1646,,FALSE,Peru,oxa,,,FALSE,,,,,,
WQMMSN_2001_OXA_B3C2,,,potato,396046.10499999998,doi_10.21223_WQMMSN,1647,,FALSE,Peru,oxa,,,FALSE,,,,,,
WQMMSN_2001_OXA_B3C2,,,potato,396234.12,doi_10.21223_WQMMSN,1648,,FALSE,Peru,oxa,,,FALSE,,,,,,
WQMMSN_2001_OXA_B3C2,,,potato,396234.2,doi_10.21223_WQMMSN,1649,,FALSE,Peru,oxa,,,FALSE,,,,,,
WQMMSN_2001_OXA_B3C2,,,potato,396235.12,doi_10.21223_WQMMSN,1650,,FALSE,Peru,oxa,,,FALSE,,,,,,
WQMMSN_2001_OXA_B3C2,,,potato,396236.15,doi_10.21223_WQMMSN,1651,,FALSE,Peru,oxa,,,FALSE,,,,,,
WQMMSN_2001_OXA_B3C2,,,potato,396236.16,doi_10.21223_WQMMSN,1652,,FALSE,Peru,oxa,,,FALSE,,,,,,
WQMMSN_2001_OXA_B3C2,,,potato,396236.19,doi_10.21223_WQMMSN,1653,,FALSE,Peru,oxa,,,FALSE,,,,,,
WQMMSN_2001_OXA_B3C2,,,potato,396236.2,doi_10.21223_WQMMSN,1654,,FALSE,Peru,oxa,,,FALSE,,,,,,
WQMMSN_2001_OXA_B3C2,,,potato,396236.5,doi_10.21223_WQMMSN,1655,,FALSE,Peru,oxa,,,FALSE,,,,,,
WQMMSN_2001_OXA_B3C2,,,potato,396237.11,doi_10.21223_WQMMSN,1656,,FALSE,Peru,oxa,,,FALSE,,,,,,
WQMMSN_2001_OXA_B3C2,,,potato,396238.2,doi_10.21223_WQMMSN,1657,,FALSE,Peru,oxa,,,FALSE,,,,,,
WQMMSN_2001_OXA_B3C2,,,potato,396240.13,doi_10.21223_WQMMSN,1658,,FALSE,Peru,oxa,,,FALSE,,,,,,
WQMMSN_2001_OXA_B3C2,,,potato,396240.16,doi_10.21223_WQMMSN,1659,,FALSE,Peru,oxa,,,FALSE,,,,,,
WQMMSN_2001_OXA_B3C2,,,potato,396240.2,doi_10.21223_WQMMSN,1660,,FALSE,Peru,oxa,,,FALSE,,,,,,
WQMMSN_2001_OXA_B3C2,,,potato,396240.2,doi_10.21223_WQMMSN,1661,,FALSE,Peru,oxa,,,FALSE,,,,,,
WQMMSN_2001_OXA_B3C2,,,potato,396240.23,doi_10.21223_WQMMSN,1662,,FALSE,Peru,oxa,,,FALSE,,,,,,
WQMMSN_2001_OXA_B3C2,,,potato,396241.4,doi_10.21223_WQMMSN,1663,,FALSE,Peru,oxa,,,FALSE,,,,,,
WQMMSN_2001_OXA_B3C2,,,potato,396241.6,doi_10.21223_WQMMSN,1664,,FALSE,Peru,oxa,,,FALSE,,,,,,
WQMMSN_2001_OXA_B3C2,,,potato,396243.29,doi_10.21223_WQMMSN,1665,,FALSE,Peru,oxa,,,FALSE,,,,,,
WQMMSN_2001_OXA_B3C2,,,potato,396244.1,doi_10.21223_WQMMSN,1666,,FALSE,Peru,oxa,,,FALSE,,,,,,
WQMMSN_2001_OXA_B3C2,,,potato,396244.12,doi_10.21223_WQMMSN,1667,,FALSE,Peru,oxa,,,FALSE,,,,,,
WQMMSN_2001_OXA_B3C2,,,potato,396244.17,doi_10.21223_WQMMSN,1668,,FALSE,Peru,oxa,,,FALSE,,,,,,
WQMMSN_2001_OXA_B3C2,,,potato,396244.6,doi_10.21223_WQMMSN,1669,,FALSE,Peru,oxa,,,FALSE,,,,,,
WQMMSN_2001_OXA_B3C2,,,potato,396247.9,doi_10.21223_WQMMSN,1670,,FALSE,Peru,oxa,,,FALSE,,,,,,
WQMMSN_2001_OXA_B3C2,,,potato,396249.25,doi_10.21223_WQMMSN,1671,,FALSE,Peru,oxa,,,FALSE,,,,,,
WQMMSN_2001_OXA_B3C2,,,potato,396250.17,doi_10.21223_WQMMSN,1672,,FALSE,Peru,oxa,,,FALSE,,,,,,
WQMMSN_2001_OXA_B3C2,,,potato,396252.12,doi_10.21223_WQMMSN,1673,,FALSE,Peru,oxa,,,FALSE,,,,,,
WQMMSN_2001_OXA_B3C2,,,potato,396253.5,doi_10.21223_WQMMSN,1674,,FALSE,Peru,oxa,,,FALSE,,,,,,
WQMMSN_2001_OXA_B3C2,,,potato,396254.6,doi_10.21223_WQMMSN,1675,,FALSE,Peru,oxa,,,FALSE,,,,,,
WQMMSN_2001_OXA_B3C2,,,potato,396255.1,doi_10.21223_WQMMSN,1676,,FALSE,Peru,oxa,,,FALSE,,,,,,
WQMMSN_2001_OXA_B3C2,,,potato,396255.12,doi_10.21223_WQMMSN,1677,,FALSE,Peru,oxa,,,FALSE,,,,,,
WQMMSN_2001_OXA_B3C2,,,potato,396255.7,doi_10.21223_WQMMSN,1678,,FALSE,Peru,oxa,,,FALSE,,,,,,
WQMMSN_2001_OXA_B3C2,,,potato,396255.8,doi_10.21223_WQMMSN,1679,,FALSE,Peru,oxa,,,FALSE,,,,,,
WQMMSN_2001_OXA_B3C2,,,potato,396256.4,doi_10.21223_WQMMSN,1680,,FALSE,Peru,oxa,,,FALSE,,,,,,
WQMMSN_2001_OXA_B3C2,,,potato,396257.15,doi_10.21223_WQMMSN,1681,,FALSE,Peru,oxa,,,FALSE,,,,,,
WQMMSN_2001_OXA_B3C2,,,potato,396257.4,doi_10.21223_WQMMSN,1682,,FALSE,Peru,oxa,,,FALSE,,,,,,
WQMMSN_2001_OXA_B3C2,,,potato,396257.8,doi_10.21223_WQMMSN,1683,,FALSE,Peru,oxa,,,FALSE,,,,,,
WQMMSN_2001_OXA_B3C2,,,potato,396259.5,doi_10.21223_WQMMSN,1684,,FALSE,Peru,oxa,,,FALSE,,,,,,
WQMMSN_2001_OXA_B3C2,,,potato,396260.4,doi_10.21223_WQMMSN,1685,,FALSE,Peru,oxa,,,FALSE,,,,,,
WQMMSN_2001_OXA_B3C2,,,potato,396262.6,doi_10.21223_WQMMSN,1686,,FALSE,Peru,oxa,,,FALSE,,,,,,
WQMMSN_2001_OXA_B3C2,,,potato,396264.14,doi_10.21223_WQMMSN,1687,,FALSE,Peru,oxa,,,FALSE,,,,,,
WQMMSN_2001_OXA_B3C2,,,potato,396264.4,doi_10.21223_WQMMSN,1688,,FALSE,Peru,oxa,,,FALSE,,,,,,
WQMMSN_2001_OXA_B3C2,,,potato,396266.7,doi_10.21223_WQMMSN,1689,,FALSE,Peru,oxa,,,FALSE,,,,,,
WQMMSN_2001_OXA_B3C2,,,potato,396266.8,doi_10.21223_WQMMSN,1690,,FALSE,Peru,oxa,,,FALSE,,,,,,
WQMMSN_2001_OXA_B3C2,,,potato,396266.9,doi_10.21223_WQMMSN,1691,,FALSE,Peru,oxa,,,FALSE,,,,,,
WQMMSN_2001_OXA_B3C2,,,potato,Amarilis,doi_10.21223_WQMMSN,1692,,FALSE,Peru,oxa,,,FALSE,,,,,,
WQMMSN_2002_HRL_B3C2,,,potato,395007.21299999999,doi_10.21223_WQMMSN,1693,,FALSE,Peru,hrl,,,FALSE,,,,,,
WQMMSN_2002_HRL_B3C2,,,potato,395011.19,doi_10.21223_WQMMSN,1694,,FALSE,Peru,hrl,,,FALSE,,,,,,
WQMMSN_2002_HRL_B3C2,,,potato,395011.2,doi_10.21223_WQMMSN,1695,,FALSE,Peru,hrl,,,FALSE,,,,,,
WQMMSN_2002_HRL_B3C2,,,potato,395013.21100000001,doi_10.21223_WQMMSN,1696,,FALSE,Peru,hrl,,,FALSE,,,,,,
WQMMSN_2002_HRL_B3C2,,,potato,395015.5,doi_10.21223_WQMMSN,1697,,FALSE,Peru,hrl,,,FALSE,,,,,,
WQMMSN_2002_HRL_B3C2,,,potato,395015.6,doi_10.21223_WQMMSN,1698,,FALSE,Peru,hrl,,,FALSE,,,,,,
WQMMSN_2002_HRL_B3C2,,,potato,395016.21799999999,doi_10.21223_WQMMSN,1699,,FALSE,Peru,hrl,,,FALSE,,,,,,
WQMMSN_2002_HRL_B3C2,,,potato,395016.255,doi_10.21223_WQMMSN,1700,,FALSE,Peru,hrl,,,FALSE,,,,,,
WQMMSN_2002_HRL_B3C2,,,potato,395017.14,doi_10.21223_WQMMSN,1701,,FALSE,Peru,hrl,,,FALSE,,,,,,
WQMMSN_2002_HRL_B3C2,,,potato,395017.22700000001,doi_10.21223_WQMMSN,1702,,FALSE,Peru,hrl,,,FALSE,,,,,,
WQMMSN_2002_HRL_B3C2,,,potato,395017.22899999999,doi_10.21223_WQMMSN,1703,,FALSE,Peru,hrl,,,FALSE,,,,,,
WQMMSN_2002_HRL_B3C2,,,potato,395017.24200000003,doi_10.21223_WQMMSN,1704,,FALSE,Peru,hrl,,,FALSE,,,,,,
WQMMSN_2002_HRL_B3C2,,,potato,395019.22700000001,doi_10.21223_WQMMSN,1705,,FALSE,Peru,hrl,,,FALSE,,,,,,
WQMMSN_2002_HRL_B3C2,,,potato,395037.10700000002,doi_10.21223_WQMMSN,1706,,FALSE,Peru,hrl,,,FALSE,,,,,,
WQMMSN_2002_HRL_B3C2,,,potato,395077.12,doi_10.21223_WQMMSN,1707,,FALSE,Peru,hrl,,,FALSE,,,,,,
WQMMSN_2002_HRL_B3C2,,,potato,395084.9,doi_10.21223_WQMMSN,1708,,FALSE,Peru,hrl,,,FALSE,,,,,,
WQMMSN_2002_HRL_B3C2,,,potato,395096.2,doi_10.21223_WQMMSN,1709,,FALSE,Peru,hrl,,,FALSE,,,,,,
WQMMSN_2002_HRL_B3C2,,,potato,395096.3,doi_10.21223_WQMMSN,1710,,FALSE,Peru,hrl,,,FALSE,,,,,,
WQMMSN_2002_HRL_B3C2,,,potato,395096.5,doi_10.21223_WQMMSN,1711,,FALSE,Peru,hrl,,,FALSE,,,,,,
WQMMSN_2002_HRL_B3C2,,,potato,395096.7,doi_10.21223_WQMMSN,1712,,FALSE,Peru,hrl,,,FALSE,,,,,,
WQMMSN_2002_HRL_B3C2,,,potato,395097.4,doi_10.21223_WQMMSN,1713,,FALSE,Peru,hrl,,,FALSE,,,,,,
WQMMSN_2002_HRL_B3C2,,,potato,395109.29,doi_10.21223_WQMMSN,1714,,FALSE,Peru,hrl,,,FALSE,,,,,,
WQMMSN_2002_HRL_B3C2,,,potato,395109.34,doi_10.21223_WQMMSN,1715,,FALSE,Peru,hrl,,,FALSE,,,,,,
WQMMSN_2002_HRL_B3C2,,,potato,395109.4,doi_10.21223_WQMMSN,1716,,FALSE,Peru,hrl,,,FALSE,,,,,,
WQMMSN_2002_HRL_B3C2,,,potato,395109.7,doi_10.21223_WQMMSN,1717,,FALSE,Peru,hrl,,,FALSE,,,,,,
WQMMSN_2002_HRL_B3C2,,,potato,395111.13,doi_10.21223_WQMMSN,1718,,FALSE,Peru,hrl,,,FALSE,,,,,,
WQMMSN_2002_HRL_B3C2,,,potato,395112.19,doi_10.21223_WQMMSN,1719,,FALSE,Peru,hrl,,,FALSE,,,,,,
WQMMSN_2002_HRL_B3C2,,,potato,395112.32,doi_10.21223_WQMMSN,1720,,FALSE,Peru,hrl,,,FALSE,,,,,,
WQMMSN_2002_HRL_B3C2,,,potato,395112.36,doi_10.21223_WQMMSN,1721,,FALSE,Peru,hrl,,,FALSE,,,,,,
WQMMSN_2002_HRL_B3C2,,,potato,395112.6,doi_10.21223_WQMMSN,1722,,FALSE,Peru,hrl,,,FALSE,,,,,,
WQMMSN_2002_HRL_B3C2,,,potato,395112.9,doi_10.21223_WQMMSN,1723,,FALSE,Peru,hrl,,,FALSE,,,,,,
WQMMSN_2002_HRL_B3C2,,,potato,395114.5,doi_10.21223_WQMMSN,1724,,FALSE,Peru,hrl,,,FALSE,,,,,,
WQMMSN_2002_HRL_B3C2,,,potato,395117.13,doi_10.21223_WQMMSN,1725,,FALSE,Peru,hrl,,,FALSE,,,,,,
WQMMSN_2002_HRL_B3C2,,,potato,395123.6,doi_10.21223_WQMMSN,1726,,FALSE,Peru,hrl,,,FALSE,,,,,,
WQMMSN_2002_HRL_B3C2,,,potato,395152.16,doi_10.21223_WQMMSN,1727,,FALSE,Peru,hrl,,,FALSE,,,,,,
WQMMSN_2002_HRL_B3C2,,,potato,395169.17,doi_10.21223_WQMMSN,1728,,FALSE,Peru,hrl,,,FALSE,,,,,,
WQMMSN_2002_HRL_B3C2,,,potato,395169.4,doi_10.21223_WQMMSN,1729,,FALSE,Peru,hrl,,,FALSE,,,,,,
WQMMSN_2002_HRL_B3C2,,,potato,395179.21,doi_10.21223_WQMMSN,1730,,FALSE,Peru,hrl,,,FALSE,,,,,,
WQMMSN_2002_HRL_B3C2,,,potato,396004.103,doi_10.21223_WQMMSN,1731,,FALSE,Peru,hrl,,,FALSE,,,,,,
WQMMSN_2002_HRL_B3C2,,,potato,396004.22499999998,doi_10.21223_WQMMSN,1732,,FALSE,Peru,hrl,,,FALSE,,,,,,
WQMMSN_2002_HRL_B3C2,,,potato,396004.26299999998,doi_10.21223_WQMMSN,1733,,FALSE,Peru,hrl,,,FALSE,,,,,,
WQMMSN_2002_HRL_B3C2,,,potato,396004.30900000001,doi_10.21223_WQMMSN,1734,,FALSE,Peru,hrl,,,FALSE,,,,,,
WQMMSN_2002_HRL_B3C2,,,potato,396004.32,doi_10.21223_WQMMSN,1735,,FALSE,Peru,hrl,,,FALSE,,,,,,
WQMMSN_2002_HRL_B3C2,,,potato,396004.337,doi_10.21223_WQMMSN,1736,,FALSE,Peru,hrl,,,FALSE,,,,,,
WQMMSN_2002_HRL_B3C2,,,potato,396009.20699999999,doi_10.21223_WQMMSN,1737,,FALSE,Peru,hrl,,,FALSE,,,,,,
WQMMSN_2002_HRL_B3C2,,,potato,396009.22499999998,doi_10.21223_WQMMSN,1738,,FALSE,Peru,hrl,,,FALSE,,,,,,
WQMMSN_2002_HRL_B3C2,,,potato,396009.239,doi_10.21223_WQMMSN,1739,,FALSE,Peru,hrl,,,FALSE,,,,,,
WQMMSN_2002_HRL_B3C2,,,potato,396009.24,doi_10.21223_WQMMSN,1740,,FALSE,Peru,hrl,,,FALSE,,,,,,
WQMMSN_2002_HRL_B3C2,,,potato,396009.25799999997,doi_10.21223_WQMMSN,1741,,FALSE,Peru,hrl,,,FALSE,,,,,,
WQMMSN_2002_HRL_B3C2,,,potato,396010.217,doi_10.21223_WQMMSN,1742,,FALSE,Peru,hrl,,,FALSE,,,,,,
WQMMSN_2002_HRL_B3C2,,,potato,396010.21799999999,doi_10.21223_WQMMSN,1743,,FALSE,Peru,hrl,,,FALSE,,,,,,
WQMMSN_2002_HRL_B3C2,,,potato,396012.266,doi_10.21223_WQMMSN,1744,,FALSE,Peru,hrl,,,FALSE,,,,,,
WQMMSN_2002_HRL_B3C2,,,potato,396012.27100000001,doi_10.21223_WQMMSN,1745,,FALSE,Peru,hrl,,,FALSE,,,,,,
WQMMSN_2002_HRL_B3C2,,,potato,396012.288,doi_10.21223_WQMMSN,1746,,FALSE,Peru,hrl,,,FALSE,,,,,,
WQMMSN_2002_HRL_B3C2,,,potato,396017.21500000003,doi_10.21223_WQMMSN,1747,,FALSE,Peru,hrl,,,FALSE,,,,,,
WQMMSN_2002_HRL_B3C2,,,potato,396018.24099999998,doi_10.21223_WQMMSN,1748,,FALSE,Peru,hrl,,,FALSE,,,,,,
WQMMSN_2002_HRL_B3C2,,,potato,396023.109,doi_10.21223_WQMMSN,1749,,FALSE,Peru,hrl,,,FALSE,,,,,,
WQMMSN_2002_HRL_B3C2,,,potato,396026.10100000002,doi_10.21223_WQMMSN,1750,,FALSE,Peru,hrl,,,FALSE,,,,,,
WQMMSN_2002_HRL_B3C2,,,potato,396026.103,doi_10.21223_WQMMSN,1751,,FALSE,Peru,hrl,,,FALSE,,,,,,
WQMMSN_2002_HRL_B3C2,,,potato,396027.20500000002,doi_10.21223_WQMMSN,1752,,FALSE,Peru,hrl,,,FALSE,,,,,,
WQMMSN_2002_HRL_B3C2,,,potato,396029.20500000002,doi_10.21223_WQMMSN,1753,,FALSE,Peru,hrl,,,FALSE,,,,,,
WQMMSN_2002_HRL_B3C2,,,potato,396030.10499999998,doi_10.21223_WQMMSN,1754,,FALSE,Peru,hrl,,,FALSE,,,,,,
WQMMSN_2002_HRL_B3C2,,,potato,396031.10800000001,doi_10.21223_WQMMSN,1755,,FALSE,Peru,hrl,,,FALSE,,,,,,
WQMMSN_2002_HRL_B3C2,,,potato,396031.11300000001,doi_10.21223_WQMMSN,1756,,FALSE,Peru,hrl,,,FALSE,,,,,,
WQMMSN_2002_HRL_B3C2,,,potato,396031.11800000002,doi_10.21223_WQMMSN,1757,,FALSE,Peru,hrl,,,FALSE,,,,,,
WQMMSN_2002_HRL_B3C2,,,potato,396031.11900000001,doi_10.21223_WQMMSN,1758,,FALSE,Peru,hrl,,,FALSE,,,,,,
WQMMSN_2002_HRL_B3C2,,,potato,396033.10200000001,doi_10.21223_WQMMSN,1759,,FALSE,Peru,hrl,,,FALSE,,,,,,
WQMMSN_2002_HRL_B3C2,,,potato,396034.103,doi_10.21223_WQMMSN,1760,,FALSE,Peru,hrl,,,FALSE,,,,,,
WQMMSN_2002_HRL_B3C2,,,potato,396034.26799999998,doi_10.21223_WQMMSN,1761,,FALSE,Peru,hrl,,,FALSE,,,,,,
WQMMSN_2002_HRL_B3C2,,,potato,396036.11300000001,doi_10.21223_WQMMSN,1762,,FALSE,Peru,hrl,,,FALSE,,,,,,
WQMMSN_2002_HRL_B3C2,,,potato,396036.201,doi_10.21223_WQMMSN,1763,,FALSE,Peru,hrl,,,FALSE,,,,,,
WQMMSN_2002_HRL_B3C2,,,potato,396037.21500000003,doi_10.21223_WQMMSN,1764,,FALSE,Peru,hrl,,,FALSE,,,,,,
WQMMSN_2002_HRL_B3C2,,,potato,396038.10100000002,doi_10.21223_WQMMSN,1765,,FALSE,Peru,hrl,,,FALSE,,,,,,
WQMMSN_2002_HRL_B3C2,,,potato,396038.10499999998,doi_10.21223_WQMMSN,1766,,FALSE,Peru,hrl,,,FALSE,,,,,,
WQMMSN_2002_HRL_B3C2,,,potato,396038.10700000002,doi_10.21223_WQMMSN,1767,,FALSE,Peru,hrl,,,FALSE,,,,,,
WQMMSN_2002_HRL_B3C2,,,potato,396041.10200000001,doi_10.21223_WQMMSN,1768,,FALSE,Peru,hrl,,,FALSE,,,,,,
WQMMSN_2002_HRL_B3C2,,,potato,396043.22600000002,doi_10.21223_WQMMSN,1769,,FALSE,Peru,hrl,,,FALSE,,,,,,
WQMMSN_2002_HRL_B3C2,,,potato,396046.10499999998,doi_10.21223_WQMMSN,1770,,FALSE,Peru,hrl,,,FALSE,,,,,,
WQMMSN_2002_HRL_B3C2,,,potato,396234.2,doi_10.21223_WQMMSN,1771,,FALSE,Peru,hrl,,,FALSE,,,,,,
WQMMSN_2002_HRL_B3C2,,,potato,396236.16,doi_10.21223_WQMMSN,1772,,FALSE,Peru,hrl,,,FALSE,,,,,,
WQMMSN_2002_HRL_B3C2,,,potato,396236.2,doi_10.21223_WQMMSN,1773,,FALSE,Peru,hrl,,,FALSE,,,,,,
WQMMSN_2002_HRL_B3C2,,,potato,396236.5,doi_10.21223_WQMMSN,1774,,FALSE,Peru,hrl,,,FALSE,,,,,,
WQMMSN_2002_HRL_B3C2,,,potato,396240.2,doi_10.21223_WQMMSN,1775,,FALSE,Peru,hrl,,,FALSE,,,,,,
WQMMSN_2002_HRL_B3C2,,,potato,396241.4,doi_10.21223_WQMMSN,1776,,FALSE,Peru,hrl,,,FALSE,,,,,,
WQMMSN_2002_HRL_B3C2,,,potato,396244.12,doi_10.21223_WQMMSN,1777,,FALSE,Peru,hrl,,,FALSE,,,,,,
WQMMSN_2002_HRL_B3C2,,,potato,396244.17,doi_10.21223_WQMMSN,1778,,FALSE,Peru,hrl,,,FALSE,,,,,,
WQMMSN_2002_HRL_B3C2,,,potato,396247.15,doi_10.21223_WQMMSN,1779,,FALSE,Peru,hrl,,,FALSE,,,,,,
WQMMSN_2002_HRL_B3C2,,,potato,396256.4,doi_10.21223_WQMMSN,1780,,FALSE,Peru,hrl,,,FALSE,,,,,,
WQMMSN_2002_HRL_B3C2,,,potato,396263.8,doi_10.21223_WQMMSN,1781,,FALSE,Peru,hrl,,,FALSE,,,,,,
WQMMSN_2002_HRL_B3C2,,,potato,396264.14,doi_10.21223_WQMMSN,1782,,FALSE,Peru,hrl,,,FALSE,,,,,,
WQMMSN_2002_HRL_B3C2,,,potato,Amarilis,doi_10.21223_WQMMSN,1783,,FALSE,Peru,hrl,,,FALSE,,,,,,
WQMMSN_2002_HRL_B3C2,,,potato,Amarilis,doi_10.21223_WQMMSN,1784,,FALSE,Peru,hrl,,,FALSE,,,,,,
WQMMSN_2002_HRL_B3C2,,,potato,Canchan,doi_10.21223_WQMMSN,1785,,FALSE,Peru,hrl,,,FALSE,,,,,,
WQMMSN_2002_HRL_B3C2,,,potato,Capiro,doi_10.21223_WQMMSN,1786,,FALSE,Peru,hrl,,,FALSE,,,,,,
WQMMSN_2002_HRL_B3C2,,,potato,Kory,doi_10.21223_WQMMSN,1787,,FALSE,Peru,hrl,,,FALSE,,,,,,
WQMMSN_2002_HRL_B3C2,,,potato,T. Condemayta,doi_10.21223_WQMMSN,1788,,FALSE,Peru,hrl,,,FALSE,,,,,,
WQMMSN_2002_PACAMARCA_B3C2,,,potato,395007.21299999999,doi_10.21223_WQMMSN,1789,,FALSE,Peru,pacamarca,,,FALSE,,,,,,
WQMMSN_2002_PACAMARCA_B3C2,,,potato,395016.255,doi_10.21223_WQMMSN,1790,,FALSE,Peru,pacamarca,,,FALSE,,,,,,
WQMMSN_2002_PACAMARCA_B3C2,,,potato,395017.22899999999,doi_10.21223_WQMMSN,1791,,FALSE,Peru,pacamarca,,,FALSE,,,,,,
WQMMSN_2002_PACAMARCA_B3C2,,,potato,395017.24200000003,doi_10.21223_WQMMSN,1792,,FALSE,Peru,pacamarca,,,FALSE,,,,,,
WQMMSN_2002_PACAMARCA_B3C2,,,potato,396004.30900000001,doi_10.21223_WQMMSN,1793,,FALSE,Peru,pacamarca,,,FALSE,,,,,,
WQMMSN_2002_PACAMARCA_B3C2,,,potato,396004.337,doi_10.21223_WQMMSN,1794,,FALSE,Peru,pacamarca,,,FALSE,,,,,,
WQMMSN_2002_PACAMARCA_B3C2,,,potato,396009.20699999999,doi_10.21223_WQMMSN,1795,,FALSE,Peru,pacamarca,,,FALSE,,,,,,
WQMMSN_2002_PACAMARCA_B3C2,,,potato,396009.239,doi_10.21223_WQMMSN,1796,,FALSE,Peru,pacamarca,,,FALSE,,,,,,
WQMMSN_2002_PACAMARCA_B3C2,,,potato,396009.25799999997,doi_10.21223_WQMMSN,1797,,FALSE,Peru,pacamarca,,,FALSE,,,,,,
WQMMSN_2002_PACAMARCA_B3C2,,,potato,396012.288,doi_10.21223_WQMMSN,1798,,FALSE,Peru,pacamarca,,,FALSE,,,,,,
WQMMSN_2002_PACAMARCA_B3C2,,,potato,396017.21500000003,doi_10.21223_WQMMSN,1799,,FALSE,Peru,pacamarca,,,FALSE,,,,,,
WQMMSN_2002_PACAMARCA_B3C2,,,potato,396030.10499999998,doi_10.21223_WQMMSN,1800,,FALSE,Peru,pacamarca,,,FALSE,,,,,,
WQMMSN_2002_PACAMARCA_B3C2,,,potato,396036.11300000001,doi_10.21223_WQMMSN,1801,,FALSE,Peru,pacamarca,,,FALSE,,,,,,
WQMMSN_2002_PACAMARCA_B3C2,,,potato,396038.10100000002,doi_10.21223_WQMMSN,1802,,FALSE,Peru,pacamarca,,,FALSE,,,,,,
WQMMSN_2002_PACAMARCA_B3C2,,,potato,396039.103,doi_10.21223_WQMMSN,1803,,FALSE,Peru,pacamarca,,,FALSE,,,,,,
WQMMSN_2002_PACAMARCA_B3C2,,,potato,396236.5,doi_10.21223_WQMMSN,1804,,FALSE,Peru,pacamarca,,,FALSE,,,,,,
WQMMSN_2002_PACAMARCA_B3C2,,,potato,396240.2,doi_10.21223_WQMMSN,1805,,FALSE,Peru,pacamarca,,,FALSE,,,,,,
WQMMSN_2002_PACAMARCA_B3C2,,,potato,396240.2,doi_10.21223_WQMMSN,1806,,FALSE,Peru,pacamarca,,,FALSE,,,,,,
WQMMSN_2002_PACAMARCA_B3C2,,,potato,396244.12,doi_10.21223_WQMMSN,1807,,FALSE,Peru,pacamarca,,,FALSE,,,,,,
WQMMSN_2003_Huancani_B3C2,,,potato,395037.10700000002,doi_10.21223_WQMMSN,1808,,FALSE,Peru,huancani,,,FALSE,,,,,,
WQMMSN_2003_Huancani_B3C2,,,potato,395111.13,doi_10.21223_WQMMSN,1809,,FALSE,Peru,huancani,,,FALSE,,,,,,
WQMMSN_2003_Huancani_B3C2,,,potato,395112.36,doi_10.21223_WQMMSN,1810,,FALSE,Peru,huancani,,,FALSE,,,,,,
WQMMSN_2003_Huancani_B3C2,,,potato,395112.6,doi_10.21223_WQMMSN,1811,,FALSE,Peru,huancani,,,FALSE,,,,,,
WQMMSN_2003_Huancani_B3C2,,,potato,395123.6,doi_10.21223_WQMMSN,1812,,FALSE,Peru,huancani,,,FALSE,,,,,,
WQMMSN_2003_Huancani_B3C2,,,potato,396004.22499999998,doi_10.21223_WQMMSN,1813,,FALSE,Peru,huancani,,,FALSE,,,,,,
WQMMSN_2003_Huancani_B3C2,,,potato,396012.288,doi_10.21223_WQMMSN,1814,,FALSE,Peru,huancani,,,FALSE,,,,,,
WQMMSN_2003_Huancani_B3C2,,,potato,396026.10100000002,doi_10.21223_WQMMSN,1815,,FALSE,Peru,huancani,,,FALSE,,,,,,
WQMMSN_2003_Huancani_B3C2,,,potato,396031.10800000001,doi_10.21223_WQMMSN,1816,,FALSE,Peru,huancani,,,FALSE,,,,,,
WQMMSN_2003_Huancani_B3C2,,,potato,396248.55,doi_10.21223_WQMMSN,1817,,FALSE,Peru,huancani,,,FALSE,,,,,,
WQMMSN_2003_HYO_B3C2,,,potato,395007.21299999999,doi_10.21223_WQMMSN,1818,,FALSE,Peru,hyo,,,FALSE,,,,,,
WQMMSN_2003_HYO_B3C2,,,potato,395017.22700000001,doi_10.21223_WQMMSN,1819,,FALSE,Peru,hyo,,,FALSE,,,,,,
WQMMSN_2003_HYO_B3C2,,,potato,395017.24200000003,doi_10.21223_WQMMSN,1820,,FALSE,Peru,hyo,,,FALSE,,,,,,
WQMMSN_2003_HYO_B3C2,,,potato,395077.12,doi_10.21223_WQMMSN,1821,,FALSE,Peru,hyo,,,FALSE,,,,,,
WQMMSN_2003_HYO_B3C2,,,potato,395096.7,doi_10.21223_WQMMSN,1822,,FALSE,Peru,hyo,,,FALSE,,,,,,
WQMMSN_2003_HYO_B3C2,,,potato,395111.13,doi_10.21223_WQMMSN,1823,,FALSE,Peru,hyo,,,FALSE,,,,,,
WQMMSN_2003_HYO_B3C2,,,potato,395112.19,doi_10.21223_WQMMSN,1824,,FALSE,Peru,hyo,,,FALSE,,,,,,
WQMMSN_2003_HYO_B3C2,,,potato,395112.32,doi_10.21223_WQMMSN,1825,,FALSE,Peru,hyo,,,FALSE,,,,,,
WQMMSN_2003_HYO_B3C2,,,potato,395112.36,doi_10.21223_WQMMSN,1826,,FALSE,Peru,hyo,,,FALSE,,,,,,
WQMMSN_2003_HYO_B3C2,,,potato,395112.6,doi_10.21223_WQMMSN,1827,,FALSE,Peru,hyo,,,FALSE,,,,,,
WQMMSN_2003_HYO_B3C2,,,potato,395114.5,doi_10.21223_WQMMSN,1828,,FALSE,Peru,hyo,,,FALSE,,,,,,
WQMMSN_2003_HYO_B3C2,,,potato,395123.6,doi_10.21223_WQMMSN,1829,,FALSE,Peru,hyo,,,FALSE,,,,,,
WQMMSN_2003_HYO_B3C2,,,potato,395179.21,doi_10.21223_WQMMSN,1830,,FALSE,Peru,hyo,,,FALSE,,,,,,
WQMMSN_2003_HYO_B3C2,,,potato,396004.22499999998,doi_10.21223_WQMMSN,1831,,FALSE,Peru,hyo,,,FALSE,,,,,,
WQMMSN_2003_HYO_B3C2,,,potato,396004.26299999998,doi_10.21223_WQMMSN,1832,,FALSE,Peru,hyo,,,FALSE,,,,,,
WQMMSN_2003_HYO_B3C2,,,potato,396004.283,doi_10.21223_WQMMSN,1833,,FALSE,Peru,hyo,,,FALSE,,,,,,
WQMMSN_2003_HYO_B3C2,,,potato,396004.30099999998,doi_10.21223_WQMMSN,1834,,FALSE,Peru,hyo,,,FALSE,,,,,,
WQMMSN_2003_HYO_B3C2,,,potato,396009.20699999999,doi_10.21223_WQMMSN,1835,,FALSE,Peru,hyo,,,FALSE,,,,,,
WQMMSN_2003_HYO_B3C2,,,potato,396010.217,doi_10.21223_WQMMSN,1836,,FALSE,Peru,hyo,,,FALSE,,,,,,
WQMMSN_2003_HYO_B3C2,,,potato,396012.266,doi_10.21223_WQMMSN,1837,,FALSE,Peru,hyo,,,FALSE,,,,,,
WQMMSN_2003_HYO_B3C2,,,potato,396012.27100000001,doi_10.21223_WQMMSN,1838,,FALSE,Peru,hyo,,,FALSE,,,,,,
WQMMSN_2003_HYO_B3C2,,,potato,396026.10100000002,doi_10.21223_WQMMSN,1839,,FALSE,Peru,hyo,,,FALSE,,,,,,
WQMMSN_2003_HYO_B3C2,,,potato,396029.20500000002,doi_10.21223_WQMMSN,1840,,FALSE,Peru,hyo,,,FALSE,,,,,,
WQMMSN_2003_HYO_B3C2,,,potato,396031.10800000001,doi_10.21223_WQMMSN,1841,,FALSE,Peru,hyo,,,FALSE,,,,,,
WQMMSN_2003_HYO_B3C2,,,potato,396031.11900000001,doi_10.21223_WQMMSN,1842,,FALSE,Peru,hyo,,,FALSE,,,,,,
WQMMSN_2003_HYO_B3C2,,,potato,396037.21500000003,doi_10.21223_WQMMSN,1843,,FALSE,Peru,hyo,,,FALSE,,,,,,
WQMMSN_2003_HYO_B3C2,,,potato,396234.2,doi_10.21223_WQMMSN,1844,,FALSE,Peru,hyo,,,FALSE,,,,,,
WQMMSN_2003_HYO_B3C2,,,potato,396236.2,doi_10.21223_WQMMSN,1845,,FALSE,Peru,hyo,,,FALSE,,,,,,
WQMMSN_2003_HYO_B3C2,,,potato,396236.5,doi_10.21223_WQMMSN,1846,,FALSE,Peru,hyo,,,FALSE,,,,,,
WQMMSN_2003_HYO_B3C2,,,potato,396241.4,doi_10.21223_WQMMSN,1847,,FALSE,Peru,hyo,,,FALSE,,,,,,
WQMMSN_2003_HYO_B3C2,,,potato,396244.12,doi_10.21223_WQMMSN,1848,,FALSE,Peru,hyo,,,FALSE,,,,,,
WQMMSN_2003_HYO_B3C2,,,potato,396263.8,doi_10.21223_WQMMSN,1849,,FALSE,Peru,hyo,,,FALSE,,,,,,
WQMMSN_2003_HYO_B3C2,,,potato,396264.14,doi_10.21223_WQMMSN,1850,,FALSE,Peru,hyo,,,FALSE,,,,,,
WQMMSN_2003_LM_B3C2,,,potato,395015.5,doi_10.21223_WQMMSN,1851,,FALSE,Peru,lm,,,FALSE,,,,,,
WQMMSN_2003_LM_B3C2,,,potato,395037.10700000002,doi_10.21223_WQMMSN,1852,,FALSE,Peru,lm,,,FALSE,,,,,,
WQMMSN_2003_LM_B3C2,,,potato,395052.11,doi_10.21223_WQMMSN,1853,,FALSE,Peru,lm,,,FALSE,,,,,,
WQMMSN_2003_LM_B3C2,,,potato,395096.3,doi_10.21223_WQMMSN,1854,,FALSE,Peru,lm,,,FALSE,,,,,,
WQMMSN_2003_LM_B3C2,,,potato,395096.5,doi_10.21223_WQMMSN,1855,,FALSE,Peru,lm,,,FALSE,,,,,,
WQMMSN_2003_LM_B3C2,,,potato,395109.7,doi_10.21223_WQMMSN,1856,,FALSE,Peru,lm,,,FALSE,,,,,,
WQMMSN_2003_LM_B3C2,,,potato,395111.13,doi_10.21223_WQMMSN,1857,,FALSE,Peru,lm,,,FALSE,,,,,,
WQMMSN_2003_LM_B3C2,,,potato,395112.36,doi_10.21223_WQMMSN,1858,,FALSE,Peru,lm,,,FALSE,,,,,,
WQMMSN_2003_LM_B3C2,,,potato,395112.6,doi_10.21223_WQMMSN,1859,,FALSE,Peru,lm,,,FALSE,,,,,,
WQMMSN_2003_LM_B3C2,,,potato,395123.6,doi_10.21223_WQMMSN,1860,,FALSE,Peru,lm,,,FALSE,,,,,,
WQMMSN_2003_LM_B3C2,,,potato,396004.103,doi_10.21223_WQMMSN,1861,,FALSE,Peru,lm,,,FALSE,,,,,,
WQMMSN_2003_LM_B3C2,,,potato,396004.22499999998,doi_10.21223_WQMMSN,1862,,FALSE,Peru,lm,,,FALSE,,,,,,
WQMMSN_2003_LM_B3C2,,,potato,396004.30099999998,doi_10.21223_WQMMSN,1863,,FALSE,Peru,lm,,,FALSE,,,,,,
WQMMSN_2003_LM_B3C2,,,potato,396004.30900000001,doi_10.21223_WQMMSN,1864,,FALSE,Peru,lm,,,FALSE,,,,,,
WQMMSN_2003_LM_B3C2,,,potato,396004.337,doi_10.21223_WQMMSN,1865,,FALSE,Peru,lm,,,FALSE,,,,,,
WQMMSN_2003_LM_B3C2,,,potato,396008.10399999999,doi_10.21223_WQMMSN,1866,,FALSE,Peru,lm,,,FALSE,,,,,,
WQMMSN_2003_LM_B3C2,,,potato,396009.240,doi_10.21223_WQMMSN,1867,,FALSE,Peru,lm,,,FALSE,,,,,,
WQMMSN_2003_LM_B3C2,,,potato,396012.288,doi_10.21223_WQMMSN,1868,,FALSE,Peru,lm,,,FALSE,,,,,,
WQMMSN_2003_LM_B3C2,,,potato,396017.21500000003,doi_10.21223_WQMMSN,1869,,FALSE,Peru,lm,,,FALSE,,,,,,
WQMMSN_2003_LM_B3C2,,,potato,396018.24099999998,doi_10.21223_WQMMSN,1870,,FALSE,Peru,lm,,,FALSE,,,,,,
WQMMSN_2003_LM_B3C2,,,potato,396023.109,doi_10.21223_WQMMSN,1871,,FALSE,Peru,lm,,,FALSE,,,,,,
WQMMSN_2003_LM_B3C2,,,potato,396026.10100000002,doi_10.21223_WQMMSN,1872,,FALSE,Peru,lm,,,FALSE,,,,,,
WQMMSN_2003_LM_B3C2,,,potato,396027.11099999998,doi_10.21223_WQMMSN,1873,,FALSE,Peru,lm,,,FALSE,,,,,,
WQMMSN_2003_LM_B3C2,,,potato,396029.250,doi_10.21223_WQMMSN,1874,,FALSE,Peru,lm,,,FALSE,,,,,,
WQMMSN_2003_LM_B3C2,,,potato,396031.10800000001,doi_10.21223_WQMMSN,1875,,FALSE,Peru,lm,,,FALSE,,,,,,
WQMMSN_2003_LM_B3C2,,,potato,396036.11300000001,doi_10.21223_WQMMSN,1876,,FALSE,Peru,lm,,,FALSE,,,,,,
WQMMSN_2003_LM_B3C2,,,potato,396036.201,doi_10.21223_WQMMSN,1877,,FALSE,Peru,lm,,,FALSE,,,,,,
WQMMSN_2003_LM_B3C2,,,potato,396036.201,doi_10.21223_WQMMSN,1878,,FALSE,Peru,lm,,,FALSE,,,,,,
WQMMSN_2003_LM_B3C2,,,potato,396039.103,doi_10.21223_WQMMSN,1879,,FALSE,Peru,lm,,,FALSE,,,,,,
WQMMSN_2003_LM_B3C2,,,potato,396039.22499999998,doi_10.21223_WQMMSN,1880,,FALSE,Peru,lm,,,FALSE,,,,,,
WQMMSN_2003_LM_B3C2,,,potato,396046.10499999998,doi_10.21223_WQMMSN,1881,,FALSE,Peru,lm,,,FALSE,,,,,,
WQMMSN_2003_LM_B3C2,,,potato,396236.16,doi_10.21223_WQMMSN,1882,,FALSE,Peru,lm,,,FALSE,,,,,,
WQMMSN_2003_LM_B3C2,,,potato,396240.20,doi_10.21223_WQMMSN,1883,,FALSE,Peru,lm,,,FALSE,,,,,,
WQMMSN_2003_LM_B3C2,,,potato,396256.4,doi_10.21223_WQMMSN,1884,,FALSE,Peru,lm,,,FALSE,,,,,,
WQMMSN_2003_LM_B3C2,,,potato,396263.8,doi_10.21223_WQMMSN,1885,,FALSE,Peru,lm,,,FALSE,,,,,,
WQMMSN_2003_LM_Var,,,potato,Amarilis,doi_10.21223_WQMMSN,1886,,FALSE,Peru,lm,,,FALSE,,,,,,
WQMMSN_2003_LM_Var,,,potato,Canchan,doi_10.21223_WQMMSN,1887,,FALSE,Peru,lm,,,FALSE,,,,,,
WQMMSN_2003_LM_Var,,,potato,Chagllina,doi_10.21223_WQMMSN,1888,,FALSE,Peru,lm,,,FALSE,,,,,,
WQMMSN_2003_LM_Var,,,potato,Tomasa,doi_10.21223_WQMMSN,1889,,FALSE,Peru,lm,,,FALSE,,,,,,
WQMMSN_2003_OXA_B3C2,,,potato,395011.2,doi_10.21223_WQMMSN,1890,,FALSE,Peru,oxa,,,FALSE,,,,,,
WQMMSN_2003_OXA_B3C2,,,potato,395011.2,doi_10.21223_WQMMSN,1891,,FALSE,Peru,oxa,,,FALSE,,,,,,
WQMMSN_2003_OXA_B3C2,,,potato,395015.6,doi_10.21223_WQMMSN,1892,,FALSE,Peru,oxa,,,FALSE,,,,,,
WQMMSN_2003_OXA_B3C2,,,potato,395017.14,doi_10.21223_WQMMSN,1893,,FALSE,Peru,oxa,,,FALSE,,,,,,
WQMMSN_2003_OXA_B3C2,,,potato,395017.14,doi_10.21223_WQMMSN,1894,,FALSE,Peru,oxa,,,FALSE,,,,,,
WQMMSN_2003_OXA_B3C2,,,potato,395026.10100000002,doi_10.21223_WQMMSN,1895,,FALSE,Peru,oxa,,,FALSE,,,,,,
WQMMSN_2003_OXA_B3C2,,,potato,395026.10100000002,doi_10.21223_WQMMSN,1896,,FALSE,Peru,oxa,,,FALSE,,,,,,
WQMMSN_2003_OXA_B3C2,,,potato,395037.10700000002,doi_10.21223_WQMMSN,1897,,FALSE,Peru,oxa,,,FALSE,,,,,,
WQMMSN_2003_OXA_B3C2,,,potato,395077.12,doi_10.21223_WQMMSN,1898,,FALSE,Peru,oxa,,,FALSE,,,,,,
WQMMSN_2003_OXA_B3C2,,,potato,395077.12,doi_10.21223_WQMMSN,1899,,FALSE,Peru,oxa,,,FALSE,,,,,,
WQMMSN_2003_OXA_B3C2,,,potato,395096.2,doi_10.21223_WQMMSN,1900,,FALSE,Peru,oxa,,,FALSE,,,,,,
WQMMSN_2003_OXA_B3C2,,,potato,395096.2,doi_10.21223_WQMMSN,1901,,FALSE,Peru,oxa,,,FALSE,,,,,,
WQMMSN_2003_OXA_B3C2,,,potato,395096.7,doi_10.21223_WQMMSN,1902,,FALSE,Peru,oxa,,,FALSE,,,,,,
WQMMSN_2003_OXA_B3C2,,,potato,395096.7,doi_10.21223_WQMMSN,1903,,FALSE,Peru,oxa,,,FALSE,,,,,,
WQMMSN_2003_OXA_B3C2,,,potato,395109.29,doi_10.21223_WQMMSN,1904,,FALSE,Peru,oxa,,,FALSE,,,,,,
WQMMSN_2003_OXA_B3C2,,,potato,395109.29,doi_10.21223_WQMMSN,1905,,FALSE,Peru,oxa,,,FALSE,,,,,,
WQMMSN_2003_OXA_B3C2,,,potato,395109.34,doi_10.21223_WQMMSN,1906,,FALSE,Peru,oxa,,,FALSE,,,,,,
WQMMSN_2003_OXA_B3C2,,,potato,395111.13,doi_10.21223_WQMMSN,1907,,FALSE,Peru,oxa,,,FALSE,,,,,,
WQMMSN_2003_OXA_B3C2,,,potato,395111.13,doi_10.21223_WQMMSN,1908,,FALSE,Peru,oxa,,,FALSE,,,,,,
WQMMSN_2003_OXA_B3C2,,,potato,395112.19,doi_10.21223_WQMMSN,1909,,FALSE,Peru,oxa,,,FALSE,,,,,,
WQMMSN_2003_OXA_B3C2,,,potato,395112.19,doi_10.21223_WQMMSN,1910,,FALSE,Peru,oxa,,,FALSE,,,,,,
WQMMSN_2003_OXA_B3C2,,,potato,395112.32,doi_10.21223_WQMMSN,1911,,FALSE,Peru,oxa,,,FALSE,,,,,,
WQMMSN_2003_OXA_B3C2,,,potato,395112.32,doi_10.21223_WQMMSN,1912,,FALSE,Peru,oxa,,,FALSE,,,,,,
WQMMSN_2003_OXA_B3C2,,,potato,395112.36,doi_10.21223_WQMMSN,1913,,FALSE,Peru,oxa,,,FALSE,,,,,,
WQMMSN_2003_OXA_B3C2,,,potato,395112.6,doi_10.21223_WQMMSN,1914,,FALSE,Peru,oxa,,,FALSE,,,,,,
WQMMSN_2003_OXA_B3C2,,,potato,395112.9,doi_10.21223_WQMMSN,1915,,FALSE,Peru,oxa,,,FALSE,,,,,,
WQMMSN_2003_OXA_B3C2,,,potato,395114.5,doi_10.21223_WQMMSN,1916,,FALSE,Peru,oxa,,,FALSE,,,,,,
WQMMSN_2003_OXA_B3C2,,,potato,395114.5,doi_10.21223_WQMMSN,1917,,FALSE,Peru,oxa,,,FALSE,,,,,,
WQMMSN_2003_OXA_B3C2,,,potato,395123.6,doi_10.21223_WQMMSN,1918,,FALSE,Peru,oxa,,,FALSE,,,,,,
WQMMSN_2003_OXA_B3C2,,,potato,395123.6,doi_10.21223_WQMMSN,1919,,FALSE,Peru,oxa,,,FALSE,,,,,,
WQMMSN_2003_OXA_B3C2,,,potato,395169.17,doi_10.21223_WQMMSN,1920,,FALSE,Peru,oxa,,,FALSE,,,,,,
WQMMSN_2003_OXA_B3C2,,,potato,395169.17,doi_10.21223_WQMMSN,1921,,FALSE,Peru,oxa,,,FALSE,,,,,,
WQMMSN_2003_OXA_B3C2,,,potato,395179.21,doi_10.21223_WQMMSN,1922,,FALSE,Peru,oxa,,,FALSE,,,,,,
WQMMSN_2003_OXA_B3C2,,,potato,395179.21,doi_10.21223_WQMMSN,1923,,FALSE,Peru,oxa,,,FALSE,,,,,,
WQMMSN_2003_OXA_B3C2,,,potato,396031.10800000001,doi_10.21223_WQMMSN,1924,,FALSE,Peru,oxa,,,FALSE,,,,,,
WQMMSN_2003_OXA_B3C2,,,potato,396031.10800000001,doi_10.21223_WQMMSN,1925,,FALSE,Peru,oxa,,,FALSE,,,,,,
WQMMSN_2003_OXA_B3C2,,,potato,396031.11300000001,doi_10.21223_WQMMSN,1926,,FALSE,Peru,oxa,,,FALSE,,,,,,
WQMMSN_2003_OXA_B3C2,,,potato,396031.11300000001,doi_10.21223_WQMMSN,1927,,FALSE,Peru,oxa,,,FALSE,,,,,,
WQMMSN_2003_OXA_B3C2,,,potato,396031.11900000001,doi_10.21223_WQMMSN,1928,,FALSE,Peru,oxa,,,FALSE,,,,,,
WQMMSN_2003_OXA_B3C2,,,potato,396031.11900000001,doi_10.21223_WQMMSN,1929,,FALSE,Peru,oxa,,,FALSE,,,,,,
WQMMSN_2003_OXA_B3C2,,,potato,396033.10200000001,doi_10.21223_WQMMSN,1930,,FALSE,Peru,oxa,,,FALSE,,,,,,
WQMMSN_2003_OXA_B3C2,,,potato,396033.10200000001,doi_10.21223_WQMMSN,1931,,FALSE,Peru,oxa,,,FALSE,,,,,,
WQMMSN_2003_OXA_B3C2,,,potato,396034.103,doi_10.21223_WQMMSN,1932,,FALSE,Peru,oxa,,,FALSE,,,,,,
WQMMSN_2003_OXA_B3C2,,,potato,396034.103,doi_10.21223_WQMMSN,1933,,FALSE,Peru,oxa,,,FALSE,,,,,,
WQMMSN_2003_OXA_B3C2,,,potato,396041.10200000001,doi_10.21223_WQMMSN,1934,,FALSE,Peru,oxa,,,FALSE,,,,,,
WQMMSN_2003_OXA_B3C2,,,potato,396041.10200000001,doi_10.21223_WQMMSN,1935,,FALSE,Peru,oxa,,,FALSE,,,,,,
WQMMSN_2003_OXA_B3C2,,,potato,Amarilis,doi_10.21223_WQMMSN,1936,,FALSE,Peru,oxa,,,FALSE,,,,,,
WQMMSN_2003_OXA_B3C2,,,potato,Amarilis,doi_10.21223_WQMMSN,1937,,FALSE,Peru,oxa,,,FALSE,,,,,,
WQMMSN_2003_OXA_B3C2,,,potato,Kory,doi_10.21223_WQMMSN,1938,,FALSE,Peru,oxa,,,FALSE,,,,,,
WQMMSN_2003_OXA_B3C2,,,potato,Kory,doi_10.21223_WQMMSN,1939,,FALSE,Peru,oxa,,,FALSE,,,,,,
WQMMSN_2003_OXA_B3C2,,,potato,Yungay,doi_10.21223_WQMMSN,1940,,FALSE,Peru,oxa,,,FALSE,,,,,,
WQMMSN_2003_OXA_B3C2,,,potato,Yungay,doi_10.21223_WQMMSN,1941,,FALSE,Peru,oxa,,,FALSE,,,,,,
WQMMSN_2004_Comas_B3C2,,,potato,395007.21299999999,doi_10.21223_WQMMSN,1942,,FALSE,Peru,comas,,,FALSE,,,,,,
WQMMSN_2004_Comas_B3C2,,,potato,395011.19,doi_10.21223_WQMMSN,1943,,FALSE,Peru,comas,,,FALSE,,,,,,
WQMMSN_2004_Comas_B3C2,,,potato,395015.5,doi_10.21223_WQMMSN,1944,,FALSE,Peru,comas,,,FALSE,,,,,,
WQMMSN_2004_Comas_B3C2,,,potato,395017.14,doi_10.21223_WQMMSN,1945,,FALSE,Peru,comas,,,FALSE,,,,,,
WQMMSN_2004_Comas_B3C2,,,potato,395017.22899999999,doi_10.21223_WQMMSN,1946,,FALSE,Peru,comas,,,FALSE,,,,,,
WQMMSN_2004_Comas_B3C2,,,potato,395052.11,doi_10.21223_WQMMSN,1947,,FALSE,Peru,comas,,,FALSE,,,,,,
WQMMSN_2004_Comas_B3C2,,,potato,395096.2,doi_10.21223_WQMMSN,1948,,FALSE,Peru,comas,,,FALSE,,,,,,
WQMMSN_2004_Comas_B3C2,,,potato,395096.5,doi_10.21223_WQMMSN,1949,,FALSE,Peru,comas,,,FALSE,,,,,,
WQMMSN_2004_Comas_B3C2,,,potato,395096.7,doi_10.21223_WQMMSN,1950,,FALSE,Peru,comas,,,FALSE,,,,,,
WQMMSN_2004_Comas_B3C2,,,potato,395097.4,doi_10.21223_WQMMSN,1951,,FALSE,Peru,comas,,,FALSE,,,,,,
WQMMSN_2004_Comas_B3C2,,,potato,395114.5,doi_10.21223_WQMMSN,1952,,FALSE,Peru,comas,,,FALSE,,,,,,
WQMMSN_2004_Comas_B3C2,,,potato,395117.3,doi_10.21223_WQMMSN,1953,,FALSE,Peru,comas,,,FALSE,,,,,,
WQMMSN_2004_Comas_B3C2,,,potato,395169.17,doi_10.21223_WQMMSN,1954,,FALSE,Peru,comas,,,FALSE,,,,,,
WQMMSN_2004_Comas_B3C2,,,potato,396004.103,doi_10.21223_WQMMSN,1955,,FALSE,Peru,comas,,,FALSE,,,,,,
WQMMSN_2004_Comas_B3C2,,,potato,396004.30099999998,doi_10.21223_WQMMSN,1956,,FALSE,Peru,comas,,,FALSE,,,,,,
WQMMSN_2004_Comas_B3C2,,,potato,396009.22499999998,doi_10.21223_WQMMSN,1957,,FALSE,Peru,comas,,,FALSE,,,,,,
WQMMSN_2004_Comas_B3C2,,,potato,396009.239,doi_10.21223_WQMMSN,1958,,FALSE,Peru,comas,,,FALSE,,,,,,
WQMMSN_2004_Comas_B3C2,,,potato,396009.24,doi_10.21223_WQMMSN,1959,,FALSE,Peru,comas,,,FALSE,,,,,,
WQMMSN_2004_Comas_B3C2,,,potato,396009.25799999997,doi_10.21223_WQMMSN,1960,,FALSE,Peru,comas,,,FALSE,,,,,,
WQMMSN_2004_Comas_B3C2,,,potato,396010.217,doi_10.21223_WQMMSN,1961,,FALSE,Peru,comas,,,FALSE,,,,,,
WQMMSN_2004_Comas_B3C2,,,potato,396010.21799999999,doi_10.21223_WQMMSN,1962,,FALSE,Peru,comas,,,FALSE,,,,,,
WQMMSN_2004_Comas_B3C2,,,potato,396012.27100000001,doi_10.21223_WQMMSN,1963,,FALSE,Peru,comas,,,FALSE,,,,,,
WQMMSN_2004_Comas_B3C2,,,potato,396012.288,doi_10.21223_WQMMSN,1964,,FALSE,Peru,comas,,,FALSE,,,,,,
WQMMSN_2004_Comas_B3C2,,,potato,396017.21500000003,doi_10.21223_WQMMSN,1965,,FALSE,Peru,comas,,,FALSE,,,,,,
WQMMSN_2004_Comas_B3C2,,,potato,396026.103,doi_10.21223_WQMMSN,1966,,FALSE,Peru,comas,,,FALSE,,,,,,
WQMMSN_2004_Comas_B3C2,,,potato,396029.20500000002,doi_10.21223_WQMMSN,1967,,FALSE,Peru,comas,,,FALSE,,,,,,
WQMMSN_2004_Comas_B3C2,,,potato,396029.25,doi_10.21223_WQMMSN,1968,,FALSE,Peru,comas,,,FALSE,,,,,,
WQMMSN_2004_Comas_B3C2,,,potato,396031.11800000002,doi_10.21223_WQMMSN,1969,,FALSE,Peru,comas,,,FALSE,,,,,,
WQMMSN_2004_Comas_B3C2,,,potato,396031.11800000002,doi_10.21223_WQMMSN,1970,,FALSE,Peru,comas,,,FALSE,,,,,,
WQMMSN_2004_Comas_B3C2,,,potato,396034.103,doi_10.21223_WQMMSN,1971,,FALSE,Peru,comas,,,FALSE,,,,,,
WQMMSN_2004_Comas_B3C2,,,potato,396034.26799999998,doi_10.21223_WQMMSN,1972,,FALSE,Peru,comas,,,FALSE,,,,,,
WQMMSN_2004_Comas_B3C2,,,potato,396036.11300000001,doi_10.21223_WQMMSN,1973,,FALSE,Peru,comas,,,FALSE,,,,,,
WQMMSN_2004_Comas_B3C2,,,potato,396038.10100000002,doi_10.21223_WQMMSN,1974,,FALSE,Peru,comas,,,FALSE,,,,,,
WQMMSN_2004_Comas_B3C2,,,potato,396038.10100000002,doi_10.21223_WQMMSN,1975,,FALSE,Peru,comas,,,FALSE,,,,,,
WQMMSN_2004_Comas_B3C2,,,potato,396038.10499999998,doi_10.21223_WQMMSN,1976,,FALSE,Peru,comas,,,FALSE,,,,,,
WQMMSN_2004_Comas_B3C2,,,potato,396039.103,doi_10.21223_WQMMSN,1977,,FALSE,Peru,comas,,,FALSE,,,,,,
WQMMSN_2004_Comas_B3C2,,,potato,396043.22600000002,doi_10.21223_WQMMSN,1978,,FALSE,Peru,comas,,,FALSE,,,,,,
WQMMSN_2004_Comas_B3C2,,,potato,396043.22600000002,doi_10.21223_WQMMSN,1979,,FALSE,Peru,comas,,,FALSE,,,,,,
WQMMSN_2004_Comas_B3C2,,,potato,396224.12,doi_10.21223_WQMMSN,1980,,FALSE,Peru,comas,,,FALSE,,,,,,
WQMMSN_2004_Comas_B3C2,,,potato,396236.16,doi_10.21223_WQMMSN,1981,,FALSE,Peru,comas,,,FALSE,,,,,,
WQMMSN_2004_Comas_B3C2,,,potato,396236.5,doi_10.21223_WQMMSN,1982,,FALSE,Peru,comas,,,FALSE,,,,,,
WQMMSN_2004_Comas_B3C2,,,potato,396240.2,doi_10.21223_WQMMSN,1983,,FALSE,Peru,comas,,,FALSE,,,,,,
WQMMSN_2004_Comas_B3C2,,,potato,396240.2,doi_10.21223_WQMMSN,1984,,FALSE,Peru,comas,,,FALSE,,,,,,
WQMMSN_2004_Comas_B3C2,,,potato,396244.12,doi_10.21223_WQMMSN,1985,,FALSE,Peru,comas,,,FALSE,,,,,,
WQMMSN_2004_Comas_B3C2,,,potato,396263.8,doi_10.21223_WQMMSN,1986,,FALSE,Peru,comas,,,FALSE,,,,,,
WQMMSN_2004_Comas_B3C2,,,potato,396264.14,doi_10.21223_WQMMSN,1987,,FALSE,Peru,comas,,,FALSE,,,,,,
WQMMSN_2004_HYO_B3C2,,,potato,395007.21299999999,doi_10.21223_WQMMSN,1988,,FALSE,Peru,hyo,,,FALSE,,,,,,
WQMMSN_2004_HYO_B3C2,,,potato,395011.19,doi_10.21223_WQMMSN,1989,,FALSE,Peru,hyo,,,FALSE,,,,,,
WQMMSN_2004_HYO_B3C2,,,potato,395011.2,doi_10.21223_WQMMSN,1990,,FALSE,Peru,hyo,,,FALSE,,,,,,
WQMMSN_2004_HYO_B3C2,,,potato,395013.21100000001,doi_10.21223_WQMMSN,1991,,FALSE,Peru,hyo,,,FALSE,,,,,,
WQMMSN_2004_HYO_B3C2,,,potato,395015.5,doi_10.21223_WQMMSN,1992,,FALSE,Peru,hyo,,,FALSE,,,,,,
WQMMSN_2004_HYO_B3C2,,,potato,395015.6,doi_10.21223_WQMMSN,1993,,FALSE,Peru,hyo,,,FALSE,,,,,,
WQMMSN_2004_HYO_B3C2,,,potato,395016.21799999999,doi_10.21223_WQMMSN,1994,,FALSE,Peru,hyo,,,FALSE,,,,,,
WQMMSN_2004_HYO_B3C2,,,potato,395016.255,doi_10.21223_WQMMSN,1995,,FALSE,Peru,hyo,,,FALSE,,,,,,
WQMMSN_2004_HYO_B3C2,,,potato,395017.14,doi_10.21223_WQMMSN,1996,,FALSE,Peru,hyo,,,FALSE,,,,,,
WQMMSN_2004_HYO_B3C2,,,potato,395017.22700000001,doi_10.21223_WQMMSN,1997,,FALSE,Peru,hyo,,,FALSE,,,,,,
WQMMSN_2004_HYO_B3C2,,,potato,395017.22899999999,doi_10.21223_WQMMSN,1998,,FALSE,Peru,hyo,,,FALSE,,,,,,
WQMMSN_2004_HYO_B3C2,,,potato,395017.24200000003,doi_10.21223_WQMMSN,1999,,FALSE,Peru,hyo,,,FALSE,,,,,,
WQMMSN_2004_HYO_B3C2,,,potato,395037.10700000002,doi_10.21223_WQMMSN,2000,,FALSE,Peru,hyo,,,FALSE,,,,,,
WQMMSN_2004_HYO_B3C2,,,potato,395052.11,doi_10.21223_WQMMSN,2001,,FALSE,Peru,hyo,,,FALSE,,,,,,
WQMMSN_2004_HYO_B3C2,,,potato,395096.2,doi_10.21223_WQMMSN,2002,,FALSE,Peru,hyo,,,FALSE,,,,,,
WQMMSN_2004_HYO_B3C2,,,potato,395096.3,doi_10.21223_WQMMSN,2003,,FALSE,Peru,hyo,,,FALSE,,,,,,
WQMMSN_2004_HYO_B3C2,,,potato,395096.5,doi_10.21223_WQMMSN,2004,,FALSE,Peru,hyo,,,FALSE,,,,,,
WQMMSN_2004_HYO_B3C2,,,potato,395097.4,doi_10.21223_WQMMSN,2005,,FALSE,Peru,hyo,,,FALSE,,,,,,
WQMMSN_2004_HYO_B3C2,,,potato,395109.29,doi_10.21223_WQMMSN,2006,,FALSE,Peru,hyo,,,FALSE,,,,,,
WQMMSN_2004_HYO_B3C2,,,potato,395109.34,doi_10.21223_WQMMSN,2007,,FALSE,Peru,hyo,,,FALSE,,,,,,
WQMMSN_2004_HYO_B3C2,,,potato,395112.9,doi_10.21223_WQMMSN,2008,,FALSE,Peru,hyo,,,FALSE,,,,,,
WQMMSN_2004_HYO_B3C2,,,potato,395117.3,doi_10.21223_WQMMSN,2009,,FALSE,Peru,hyo,,,FALSE,,,,,,
WQMMSN_2004_HYO_B3C2,,,potato,395152.16,doi_10.21223_WQMMSN,2010,,FALSE,Peru,hyo,,,FALSE,,,,,,
WQMMSN_2004_HYO_B3C2,,,potato,395169.17,doi_10.21223_WQMMSN,2011,,FALSE,Peru,hyo,,,FALSE,,,,,,
WQMMSN_2004_HYO_B3C2,,,potato,395179.21,doi_10.21223_WQMMSN,2012,,FALSE,Peru,hyo,,,FALSE,,,,,,
WQMMSN_2004_HYO_B3C2,,,potato,396004.103,doi_10.21223_WQMMSN,2013,,FALSE,Peru,hyo,,,FALSE,,,,,,
WQMMSN_2004_HYO_B3C2,,,potato,396004.26299999998,doi_10.21223_WQMMSN,2014,,FALSE,Peru,hyo,,,FALSE,,,,,,
WQMMSN_2004_HYO_B3C2,,,potato,396004.30900000001,doi_10.21223_WQMMSN,2015,,FALSE,Peru,hyo,,,FALSE,,,,,,
WQMMSN_2004_HYO_B3C2,,,potato,396004.32,doi_10.21223_WQMMSN,2016,,FALSE,Peru,hyo,,,FALSE,,,,,,
WQMMSN_2004_HYO_B3C2,,,potato,396009.20699999999,doi_10.21223_WQMMSN,2017,,FALSE,Peru,hyo,,,FALSE,,,,,,
WQMMSN_2004_HYO_B3C2,,,potato,396009.22499999998,doi_10.21223_WQMMSN,2018,,FALSE,Peru,hyo,,,FALSE,,,,,,
WQMMSN_2004_HYO_B3C2,,,potato,396009.239,doi_10.21223_WQMMSN,2019,,FALSE,Peru,hyo,,,FALSE,,,,,,
WQMMSN_2004_HYO_B3C2,,,potato,396009.24,doi_10.21223_WQMMSN,2020,,FALSE,Peru,hyo,,,FALSE,,,,,,
WQMMSN_2004_HYO_B3C2,,,potato,396009.25799999997,doi_10.21223_WQMMSN,2021,,FALSE,Peru,hyo,,,FALSE,,,,,,
WQMMSN_2004_HYO_B3C2,,,potato,396010.217,doi_10.21223_WQMMSN,2022,,FALSE,Peru,hyo,,,FALSE,,,,,,
WQMMSN_2004_HYO_B3C2,,,potato,396010.21799999999,doi_10.21223_WQMMSN,2023,,FALSE,Peru,hyo,,,FALSE,,,,,,
WQMMSN_2004_HYO_B3C2,,,potato,396012.266,doi_10.21223_WQMMSN,2024,,FALSE,Peru,hyo,,,FALSE,,,,,,
WQMMSN_2004_HYO_B3C2,,,potato,396012.27100000001,doi_10.21223_WQMMSN,2025,,FALSE,Peru,hyo,,,FALSE,,,,,,
WQMMSN_2004_HYO_B3C2,,,potato,396012.288,doi_10.21223_WQMMSN,2026,,FALSE,Peru,hyo,,,FALSE,,,,,,
WQMMSN_2004_HYO_B3C2,,,potato,396017.21500000003,doi_10.21223_WQMMSN,2027,,FALSE,Peru,hyo,,,FALSE,,,,,,
WQMMSN_2004_HYO_B3C2,,,potato,396018.24099999998,doi_10.21223_WQMMSN,2028,,FALSE,Peru,hyo,,,FALSE,,,,,,
WQMMSN_2004_HYO_B3C2,,,potato,396023.109,doi_10.21223_WQMMSN,2029,,FALSE,Peru,hyo,,,FALSE,,,,,,
WQMMSN_2004_HYO_B3C2,,,potato,396026.10100000002,doi_10.21223_WQMMSN,2030,,FALSE,Peru,hyo,,,FALSE,,,,,,
WQMMSN_2004_HYO_B3C2,,,potato,396027.11099999998,doi_10.21223_WQMMSN,2031,,FALSE,Peru,hyo,,,FALSE,,,,,,
WQMMSN_2004_HYO_B3C2,,,potato,396027.20500000002,doi_10.21223_WQMMSN,2032,,FALSE,Peru,hyo,,,FALSE,,,,,,
WQMMSN_2004_HYO_B3C2,,,potato,396029.10200000001,doi_10.21223_WQMMSN,2033,,FALSE,Peru,hyo,,,FALSE,,,,,,
WQMMSN_2004_HYO_B3C2,,,potato,396029.20500000002,doi_10.21223_WQMMSN,2034,,FALSE,Peru,hyo,,,FALSE,,,,,,
WQMMSN_2004_HYO_B3C2,,,potato,396029.25,doi_10.21223_WQMMSN,2035,,FALSE,Peru,hyo,,,FALSE,,,,,,
WQMMSN_2004_HYO_B3C2,,,potato,396030.10499999998,doi_10.21223_WQMMSN,2036,,FALSE,Peru,hyo,,,FALSE,,,,,,
WQMMSN_2004_HYO_B3C2,,,potato,396031.11800000002,doi_10.21223_WQMMSN,2037,,FALSE,Peru,hyo,,,FALSE,,,,,,
WQMMSN_2004_HYO_B3C2,,,potato,396033.10200000001,doi_10.21223_WQMMSN,2038,,FALSE,Peru,hyo,,,FALSE,,,,,,
WQMMSN_2004_HYO_B3C2,,,potato,396034.103,doi_10.21223_WQMMSN,2039,,FALSE,Peru,hyo,,,FALSE,,,,,,
WQMMSN_2004_HYO_B3C2,,,potato,396034.26799999998,doi_10.21223_WQMMSN,2040,,FALSE,Peru,hyo,,,FALSE,,,,,,
WQMMSN_2004_HYO_B3C2,,,potato,396036.11300000001,doi_10.21223_WQMMSN,2041,,FALSE,Peru,hyo,,,FALSE,,,,,,
WQMMSN_2004_HYO_B3C2,,,potato,396037.21500000003,doi_10.21223_WQMMSN,2042,,FALSE,Peru,hyo,,,FALSE,,,,,,
WQMMSN_2004_HYO_B3C2,,,potato,396038.10499999998,doi_10.21223_WQMMSN,2043,,FALSE,Peru,hyo,,,FALSE,,,,,,
WQMMSN_2004_HYO_B3C2,,,potato,396038.10700000002,doi_10.21223_WQMMSN,2044,,FALSE,Peru,hyo,,,FALSE,,,,,,
WQMMSN_2004_HYO_B3C2,,,potato,396039.103,doi_10.21223_WQMMSN,2045,,FALSE,Peru,hyo,,,FALSE,,,,,,
WQMMSN_2004_HYO_B3C2,,,potato,396039.22499999998,doi_10.21223_WQMMSN,2046,,FALSE,Peru,hyo,,,FALSE,,,,,,
WQMMSN_2004_HYO_B3C2,,,potato,396041.10200000001,doi_10.21223_WQMMSN,2047,,FALSE,Peru,hyo,,,FALSE,,,,,,
WQMMSN_2004_HYO_B3C2,,,potato,396043.22600000002,doi_10.21223_WQMMSN,2048,,FALSE,Peru,hyo,,,FALSE,,,,,,
WQMMSN_2004_HYO_B3C2,,,potato,396046.10499999998,doi_10.21223_WQMMSN,2049,,FALSE,Peru,hyo,,,FALSE,,,,,,
WQMMSN_2004_HYO_B3C2,,,potato,396236.16,doi_10.21223_WQMMSN,2050,,FALSE,Peru,hyo,,,FALSE,,,,,,
WQMMSN_2004_HYO_B3C2,,,potato,396236.2,doi_10.21223_WQMMSN,2051,,FALSE,Peru,hyo,,,FALSE,,,,,,
WQMMSN_2004_HYO_B3C2,,,potato,396236.5,doi_10.21223_WQMMSN,2052,,FALSE,Peru,hyo,,,FALSE,,,,,,
WQMMSN_2004_HYO_B3C2,,,potato,396240.2,doi_10.21223_WQMMSN,2053,,FALSE,Peru,hyo,,,FALSE,,,,,,
WQMMSN_2004_HYO_B3C2,,,potato,396240.2,doi_10.21223_WQMMSN,2054,,FALSE,Peru,hyo,,,FALSE,,,,,,
WQMMSN_2004_HYO_B3C2,,,potato,396241.4,doi_10.21223_WQMMSN,2055,,FALSE,Peru,hyo,,,FALSE,,,,,,
WQMMSN_2004_HYO_B3C2,,,potato,396244.12,doi_10.21223_WQMMSN,2056,,FALSE,Peru,hyo,,,FALSE,,,,,,
WQMMSN_2004_HYO_B3C2,,,potato,396244.17,doi_10.21223_WQMMSN,2057,,FALSE,Peru,hyo,,,FALSE,,,,,,
WQMMSN_2004_HYO_B3C2,,,potato,396247.15,doi_10.21223_WQMMSN,2058,,FALSE,Peru,hyo,,,FALSE,,,,,,
WQMMSN_2004_HYO_B3C2,,,potato,396256.4,doi_10.21223_WQMMSN,2059,,FALSE,Peru,hyo,,,FALSE,,,,,,
