trial_id,plot_id,rep,crop,variety,yield_part,yield,yield_moisture,yield_isfresh,yield_marketable,AUDPC,rAUDPC,dataset_id,record_id,on_farm,is_survey,country,location,longitude,latitude,geo_from_source,planting_date,harvest_date,N_fertilizer,P_fertilizer,K_fertilizer,irrigated
BW8LWJ_Oxapampa_without_LB_control,1,1,potato,CIP316344.165,tubers,31444.4444444444,,TRUE,28296.2962962963,437.5,1.55141843971631,doi_10.21223_BW8LWJ,1,FALSE,FALSE,Peru,Oxapampa,,,FALSE,,,,,,
BW8LWJ_Oxapampa_without_LB_control,2,2,potato,CIP316344.165,tubers,28481.4814814815,,TRUE,20888.8888888889,437.5,1.55141843971631,doi_10.21223_BW8LWJ,2,FALSE,FALSE,Peru,Oxapampa,,,FALSE,,,,,,
BW8LWJ_Oxapampa_without_LB_control,3,3,potato,CIP316344.165,tubers,34481.4814814815,,TRUE,30962.962962963,472.5,1.67553191489362,doi_10.21223_BW8LWJ,3,FALSE,FALSE,Peru,Oxapampa,,,FALSE,,,,,,
BW8LWJ_Oxapampa_without_LB_control,4,1,potato,CIP316346.204,tubers,60037.037037037,,TRUE,56333.3333333333,175,0.620567375886525,doi_10.21223_BW8LWJ,4,FALSE,FALSE,Peru,Oxapampa,,,FALSE,,,,,,
BW8LWJ_Oxapampa_without_LB_control,5,2,potato,CIP316346.204,tubers,51814.8148148148,,TRUE,49037.037037037,280,0.99290780141844,doi_10.21223_BW8LWJ,5,FALSE,FALSE,Peru,Oxapampa,,,FALSE,,,,,,
BW8LWJ_Oxapampa_without_LB_control,6,3,potato,CIP316346.204,tubers,48555.5555555556,,TRUE,45962.962962963,210,0.74468085106383,doi_10.21223_BW8LWJ,6,FALSE,FALSE,Peru,Oxapampa,,,FALSE,,,,,,
BW8LWJ_Oxapampa_without_LB_control,7,1,potato,CIP316352.122,tubers,31851.8518518519,,TRUE,30740.7407407407,455,1.61347517730496,doi_10.21223_BW8LWJ,7,FALSE,FALSE,Peru,Oxapampa,,,FALSE,,,,,,
BW8LWJ_Oxapampa_without_LB_control,8,2,potato,CIP316352.122,tubers,30000,,TRUE,28148.1481481482,332.5,1.1790780141844,doi_10.21223_BW8LWJ,8,FALSE,FALSE,Peru,Oxapampa,,,FALSE,,,,,,
BW8LWJ_Oxapampa_without_LB_control,9,3,potato,CIP316352.122,tubers,41259.2592592593,,TRUE,38111.1111111111,420,1.48936170212766,doi_10.21223_BW8LWJ,9,FALSE,FALSE,Peru,Oxapampa,,,FALSE,,,,,,
BW8LWJ_Oxapampa_without_LB_control,10,1,potato,CIP316352.152,tubers,24962.962962963,,TRUE,22925.9259259259,328,1.16312056737589,doi_10.21223_BW8LWJ,10,FALSE,FALSE,Peru,Oxapampa,,,FALSE,,,,,,
BW8LWJ_Oxapampa_without_LB_control,11,2,potato,CIP316352.152,tubers,22222.2222222222,,TRUE,20925.9259259259,437.5,1.55141843971631,doi_10.21223_BW8LWJ,11,FALSE,FALSE,Peru,Oxapampa,,,FALSE,,,,,,
BW8LWJ_Oxapampa_without_LB_control,12,3,potato,CIP316352.152,tubers,25629.6296296296,,TRUE,21925.9259259259,367.5,1.3031914893617,doi_10.21223_BW8LWJ,12,FALSE,FALSE,Peru,Oxapampa,,,FALSE,,,,,,
BW8LWJ_Oxapampa_without_LB_control,13,1,potato,CIP316353.148,tubers,40148.1481481482,,TRUE,37925.9259259259,420,1.48936170212766,doi_10.21223_BW8LWJ,13,FALSE,FALSE,Peru,Oxapampa,,,FALSE,,,,,,
BW8LWJ_Oxapampa_without_LB_control,14,2,potato,CIP316353.148,tubers,36370.3703703704,,TRUE,33777.7777777778,332.5,1.1790780141844,doi_10.21223_BW8LWJ,14,FALSE,FALSE,Peru,Oxapampa,,,FALSE,,,,,,
BW8LWJ_Oxapampa_without_LB_control,15,3,potato,CIP316353.148,tubers,36555.5555555556,,TRUE,35629.6296296296,385,1.36524822695035,doi_10.21223_BW8LWJ,15,FALSE,FALSE,Peru,Oxapampa,,,FALSE,,,,,,
BW8LWJ_Oxapampa_without_LB_control,16,1,potato,CIP316353.741,tubers,40185.1851851852,,TRUE,38703.7037037037,227.5,0.806737588652482,doi_10.21223_BW8LWJ,16,FALSE,FALSE,Peru,Oxapampa,,,FALSE,,,,,,
BW8LWJ_Oxapampa_without_LB_control,17,2,potato,CIP316353.741,tubers,36148.1481481482,,TRUE,34111.1111111111,280,0.99290780141844,doi_10.21223_BW8LWJ,17,FALSE,FALSE,Peru,Oxapampa,,,FALSE,,,,,,
BW8LWJ_Oxapampa_without_LB_control,18,3,potato,CIP316353.741,tubers,44185.1851851852,,TRUE,39555.5555555556,315,1.11702127659574,doi_10.21223_BW8LWJ,18,FALSE,FALSE,Peru,Oxapampa,,,FALSE,,,,,,
BW8LWJ_Oxapampa_without_LB_control,19,1,potato,CIP316354.112,tubers,24888.8888888889,,TRUE,21925.9259259259,472.5,1.67553191489362,doi_10.21223_BW8LWJ,19,FALSE,FALSE,Peru,Oxapampa,,,FALSE,,,,,,
BW8LWJ_Oxapampa_without_LB_control,20,2,potato,CIP316354.112,tubers,25148.1481481481,,TRUE,23111.1111111111,472.5,1.67553191489362,doi_10.21223_BW8LWJ,20,FALSE,FALSE,Peru,Oxapampa,,,FALSE,,,,,,
BW8LWJ_Oxapampa_without_LB_control,21,3,potato,CIP316354.112,tubers,36629.6296296296,,TRUE,34407.4074074074,367.5,1.3031914893617,doi_10.21223_BW8LWJ,21,FALSE,FALSE,Peru,Oxapampa,,,FALSE,,,,,,
BW8LWJ_Oxapampa_without_LB_control,22,1,potato,CIP316354.169,tubers,34444.4444444444,,TRUE,32777.7777777778,385,1.36524822695035,doi_10.21223_BW8LWJ,22,FALSE,FALSE,Peru,Oxapampa,,,FALSE,,,,,,
BW8LWJ_Oxapampa_without_LB_control,23,2,potato,CIP316354.169,tubers,25740.7407407407,,TRUE,24629.6296296296,437.5,1.55141843971631,doi_10.21223_BW8LWJ,23,FALSE,FALSE,Peru,Oxapampa,,,FALSE,,,,,,
BW8LWJ_Oxapampa_without_LB_control,24,3,potato,CIP316354.169,tubers,28851.8518518519,,TRUE,27185.1851851852,455,1.61347517730496,doi_10.21223_BW8LWJ,24,FALSE,FALSE,Peru,Oxapampa,,,FALSE,,,,,,
BW8LWJ_Oxapampa_without_LB_control,25,1,potato,CIP316355.162,tubers,49629.6296296296,,TRUE,46296.2962962963,428,1.5177304964539,doi_10.21223_BW8LWJ,25,FALSE,FALSE,Peru,Oxapampa,,,FALSE,,,,,,
BW8LWJ_Oxapampa_without_LB_control,26,2,potato,CIP316355.162,tubers,36962.962962963,,TRUE,35851.8518518519,490,1.73758865248227,doi_10.21223_BW8LWJ,26,FALSE,FALSE,Peru,Oxapampa,,,FALSE,,,,,,
BW8LWJ_Oxapampa_without_LB_control,27,3,potato,CIP316355.162,tubers,34074.0740740741,,TRUE,32037.037037037,437.5,1.55141843971631,doi_10.21223_BW8LWJ,27,FALSE,FALSE,Peru,Oxapampa,,,FALSE,,,,,,
BW8LWJ_Oxapampa_without_LB_control,28,1,potato,CIP316356.149,tubers,43888.8888888889,,TRUE,41851.8518518519,367.5,1.3031914893617,doi_10.21223_BW8LWJ,28,FALSE,FALSE,Peru,Oxapampa,,,FALSE,,,,,,
BW8LWJ_Oxapampa_without_LB_control,29,2,potato,CIP316356.149,tubers,33111.1111111111,,TRUE,31259.2592592593,367.5,1.3031914893617,doi_10.21223_BW8LWJ,29,FALSE,FALSE,Peru,Oxapampa,,,FALSE,,,,,,
BW8LWJ_Oxapampa_without_LB_control,30,3,potato,CIP316356.149,tubers,40444.4444444444,,TRUE,38407.4074074074,385,1.36524822695035,doi_10.21223_BW8LWJ,30,FALSE,FALSE,Peru,Oxapampa,,,FALSE,,,,,,
BW8LWJ_Oxapampa_without_LB_control,31,1,potato,CIP316358.214,tubers,36962.962962963,,TRUE,30851.8518518519,437.5,1.55141843971631,doi_10.21223_BW8LWJ,31,FALSE,FALSE,Peru,Oxapampa,,,FALSE,,,,,,
BW8LWJ_Oxapampa_without_LB_control,32,2,potato,CIP316358.214,tubers,24555.5555555556,,TRUE,23814.8148148148,420,1.48936170212766,doi_10.21223_BW8LWJ,32,FALSE,FALSE,Peru,Oxapampa,,,FALSE,,,,,,
BW8LWJ_Oxapampa_without_LB_control,33,3,potato,CIP316358.214,tubers,26222.2222222222,,TRUE,25481.4814814815,472.5,1.67553191489362,doi_10.21223_BW8LWJ,33,FALSE,FALSE,Peru,Oxapampa,,,FALSE,,,,,,
BW8LWJ_Oxapampa_without_LB_control,34,1,potato,CIP316360.241,tubers,59148.1481481482,,TRUE,54333.3333333333,192.5,0.682624113475177,doi_10.21223_BW8LWJ,34,FALSE,FALSE,Peru,Oxapampa,,,FALSE,,,,,,
BW8LWJ_Oxapampa_without_LB_control,35,2,potato,CIP316360.241,tubers,55555.5555555556,,TRUE,51481.4814814815,332.5,1.1790780141844,doi_10.21223_BW8LWJ,35,FALSE,FALSE,Peru,Oxapampa,,,FALSE,,,,,,
BW8LWJ_Oxapampa_without_LB_control,36,3,potato,CIP316360.241,tubers,67851.8518518519,,TRUE,64333.3333333333,227.5,0.806737588652482,doi_10.21223_BW8LWJ,36,FALSE,FALSE,Peru,Oxapampa,,,FALSE,,,,,,
BW8LWJ_Oxapampa_without_LB_control,37,1,potato,CIP316361.118,tubers,33037.037037037,,TRUE,31925.9259259259,258,0.914893617021277,doi_10.21223_BW8LWJ,37,FALSE,FALSE,Peru,Oxapampa,,,FALSE,,,,,,
BW8LWJ_Oxapampa_without_LB_control,38,2,potato,CIP316361.118,tubers,39481.4814814815,,TRUE,38555.5555555556,315,1.11702127659574,doi_10.21223_BW8LWJ,38,FALSE,FALSE,Peru,Oxapampa,,,FALSE,,,,,,
BW8LWJ_Oxapampa_without_LB_control,39,3,potato,CIP316361.118,tubers,43259.2592592593,,TRUE,42148.1481481481,293,1.03900709219858,doi_10.21223_BW8LWJ,39,FALSE,FALSE,Peru,Oxapampa,,,FALSE,,,,,,
BW8LWJ_Oxapampa_without_LB_control,40,1,potato,CIP316361.121,tubers,33740.7407407407,,TRUE,30962.962962963,297.5,1.05496453900709,doi_10.21223_BW8LWJ,40,FALSE,FALSE,Peru,Oxapampa,,,FALSE,,,,,,
BW8LWJ_Oxapampa_without_LB_control,41,2,potato,CIP316361.121,tubers,46333.3333333333,,TRUE,44111.1111111111,393,1.3936170212766,doi_10.21223_BW8LWJ,41,FALSE,FALSE,Peru,Oxapampa,,,FALSE,,,,,,
BW8LWJ_Oxapampa_without_LB_control,42,3,potato,CIP316361.121,tubers,34074.0740740741,,TRUE,32777.7777777778,437.5,1.55141843971631,doi_10.21223_BW8LWJ,42,FALSE,FALSE,Peru,Oxapampa,,,FALSE,,,,,,
BW8LWJ_Oxapampa_without_LB_control,43,1,potato,CIP316361.158,tubers,51000,,TRUE,48592.5925925926,498,1.76595744680851,doi_10.21223_BW8LWJ,43,FALSE,FALSE,Peru,Oxapampa,,,FALSE,,,,,,
BW8LWJ_Oxapampa_without_LB_control,44,2,potato,CIP316361.158,tubers,47037.037037037,,TRUE,45185.1851851852,428,1.5177304964539,doi_10.21223_BW8LWJ,44,FALSE,FALSE,Peru,Oxapampa,,,FALSE,,,,,,
BW8LWJ_Oxapampa_without_LB_control,45,3,potato,CIP316361.158,tubers,42074.0740740741,,TRUE,38740.7407407407,402.5,1.42730496453901,doi_10.21223_BW8LWJ,45,FALSE,FALSE,Peru,Oxapampa,,,FALSE,,,,,,
BW8LWJ_Oxapampa_without_LB_control,46,1,potato,CIP316361.187,tubers,52222.2222222222,,TRUE,48703.7037037037,437.5,1.55141843971631,doi_10.21223_BW8LWJ,46,FALSE,FALSE,Peru,Oxapampa,,,FALSE,,,,,,
BW8LWJ_Oxapampa_without_LB_control,47,2,potato,CIP316361.187,tubers,63888.8888888889,,TRUE,57592.5925925926,445,1.57801418439716,doi_10.21223_BW8LWJ,47,FALSE,FALSE,Peru,Oxapampa,,,FALSE,,,,,,
BW8LWJ_Oxapampa_without_LB_control,48,3,potato,CIP316361.187,tubers,55148.1481481482,,TRUE,51629.6296296296,315,1.11702127659574,doi_10.21223_BW8LWJ,48,FALSE,FALSE,Peru,Oxapampa,,,FALSE,,,,,,
BW8LWJ_Oxapampa_without_LB_control,49,1,potato,CIP316361.190,tubers,41851.8518518519,,TRUE,34629.6296296296,402.5,1.42730496453901,doi_10.21223_BW8LWJ,49,FALSE,FALSE,Peru,Oxapampa,,,FALSE,,,,,,
BW8LWJ_Oxapampa_without_LB_control,50,2,potato,CIP316361.190,tubers,33740.7407407407,,TRUE,29666.6666666667,437.5,1.55141843971631,doi_10.21223_BW8LWJ,50,FALSE,FALSE,Peru,Oxapampa,,,FALSE,,,,,,
BW8LWJ_Oxapampa_without_LB_control,51,3,potato,CIP316361.190,tubers,48888.8888888889,,TRUE,47037.037037037,402.5,1.42730496453901,doi_10.21223_BW8LWJ,51,FALSE,FALSE,Peru,Oxapampa,,,FALSE,,,,,,
BW8LWJ_Oxapampa_without_LB_control,52,1,potato,CIP316361.191,tubers,50148.1481481482,,TRUE,46074.0740740741,157.5,0.558510638297872,doi_10.21223_BW8LWJ,52,FALSE,FALSE,Peru,Oxapampa,,,FALSE,,,,,,
BW8LWJ_Oxapampa_without_LB_control,53,2,potato,CIP316361.191,tubers,44333.3333333333,,TRUE,39888.8888888889,140,0.49645390070922,doi_10.21223_BW8LWJ,53,FALSE,FALSE,Peru,Oxapampa,,,FALSE,,,,,,
BW8LWJ_Oxapampa_without_LB_control,54,3,potato,CIP316361.191,tubers,48814.8148148148,,TRUE,44555.5555555556,227.5,0.806737588652482,doi_10.21223_BW8LWJ,54,FALSE,FALSE,Peru,Oxapampa,,,FALSE,,,,,,
BW8LWJ_Oxapampa_without_LB_control,55,1,potato,CIP316361.209,tubers,32703.7037037037,,TRUE,30296.2962962963,315,1.11702127659574,doi_10.21223_BW8LWJ,55,FALSE,FALSE,Peru,Oxapampa,,,FALSE,,,,,,
BW8LWJ_Oxapampa_without_LB_control,56,2,potato,CIP316361.209,tubers,31925.9259259259,,TRUE,29888.8888888889,367.5,1.3031914893617,doi_10.21223_BW8LWJ,56,FALSE,FALSE,Peru,Oxapampa,,,FALSE,,,,,,
BW8LWJ_Oxapampa_without_LB_control,57,3,potato,CIP316361.209,tubers,49111.1111111111,,TRUE,46333.3333333333,402.5,1.42730496453901,doi_10.21223_BW8LWJ,57,FALSE,FALSE,Peru,Oxapampa,,,FALSE,,,,,,
BW8LWJ_Oxapampa_without_LB_control,58,1,potato,CIP316361.244,tubers,55370.3703703704,,TRUE,52037.037037037,87.5,0.310283687943262,doi_10.21223_BW8LWJ,58,FALSE,FALSE,Peru,Oxapampa,,,FALSE,,,,,,
BW8LWJ_Oxapampa_without_LB_control,59,2,potato,CIP316361.244,tubers,50370.3703703704,,TRUE,46851.8518518519,122.5,0.434397163120567,doi_10.21223_BW8LWJ,59,FALSE,FALSE,Peru,Oxapampa,,,FALSE,,,,,,
BW8LWJ_Oxapampa_without_LB_control,60,3,potato,CIP316361.244,tubers,50370.3703703704,,TRUE,46851.8518518519,122.5,0.434397163120567,doi_10.21223_BW8LWJ,60,FALSE,FALSE,Peru,Oxapampa,,,FALSE,,,,,,
BW8LWJ_Oxapampa_without_LB_control,61,1,potato,CIP316365.166,tubers,49592.5925925926,,TRUE,48481.4814814815,402.5,1.42730496453901,doi_10.21223_BW8LWJ,61,FALSE,FALSE,Peru,Oxapampa,,,FALSE,,,,,,
BW8LWJ_Oxapampa_without_LB_control,62,2,potato,CIP316365.166,tubers,51000,,TRUE,48777.7777777778,332.5,1.1790780141844,doi_10.21223_BW8LWJ,62,FALSE,FALSE,Peru,Oxapampa,,,FALSE,,,,,,
BW8LWJ_Oxapampa_without_LB_control,63,3,potato,CIP316365.166,tubers,55000,,TRUE,52037.037037037,367.5,1.3031914893617,doi_10.21223_BW8LWJ,63,FALSE,FALSE,Peru,Oxapampa,,,FALSE,,,,,,
BW8LWJ_Oxapampa_without_LB_control,64,1,potato,CIP316367.117,tubers,62666.6666666667,,TRUE,60259.2592592593,227.5,0.806737588652482,doi_10.21223_BW8LWJ,64,FALSE,FALSE,Peru,Oxapampa,,,FALSE,,,,,,
BW8LWJ_Oxapampa_without_LB_control,65,2,potato,CIP316367.117,tubers,61296.2962962963,,TRUE,58518.5185185185,280,0.99290780141844,doi_10.21223_BW8LWJ,65,FALSE,FALSE,Peru,Oxapampa,,,FALSE,,,,,,
BW8LWJ_Oxapampa_without_LB_control,66,3,potato,CIP316367.117,tubers,62666.6666666667,,TRUE,60814.8148148148,315,1.11702127659574,doi_10.21223_BW8LWJ,66,FALSE,FALSE,Peru,Oxapampa,,,FALSE,,,,,,
BW8LWJ_Oxapampa_without_LB_control,67,1,potato,CIP316367.132,tubers,39000,,TRUE,33259.2592592593,350,1.24113475177305,doi_10.21223_BW8LWJ,67,FALSE,FALSE,Peru,Oxapampa,,,FALSE,,,,,,
BW8LWJ_Oxapampa_without_LB_control,68,2,potato,CIP316367.132,tubers,31074.0740740741,,TRUE,27925.9259259259,350,1.24113475177305,doi_10.21223_BW8LWJ,68,FALSE,FALSE,Peru,Oxapampa,,,FALSE,,,,,,
BW8LWJ_Oxapampa_without_LB_control,69,3,potato,CIP316367.132,tubers,50000,,TRUE,45000,367.5,1.3031914893617,doi_10.21223_BW8LWJ,69,FALSE,FALSE,Peru,Oxapampa,,,FALSE,,,,,,
BW8LWJ_Oxapampa_without_LB_control,70,1,potato,CIP316367.134,tubers,54185.1851851852,,TRUE,44370.3703703704,157.5,0.558510638297872,doi_10.21223_BW8LWJ,70,FALSE,FALSE,Peru,Oxapampa,,,FALSE,,,,,,
BW8LWJ_Oxapampa_without_LB_control,71,2,potato,CIP316367.134,tubers,52444.4444444444,,TRUE,44666.6666666667,210,0.74468085106383,doi_10.21223_BW8LWJ,71,FALSE,FALSE,Peru,Oxapampa,,,FALSE,,,,,,
BW8LWJ_Oxapampa_without_LB_control,72,3,potato,CIP316367.134,tubers,58814.8148148148,,TRUE,50851.8518518519,227.5,0.806737588652482,doi_10.21223_BW8LWJ,72,FALSE,FALSE,Peru,Oxapampa,,,FALSE,,,,,,
BW8LWJ_Oxapampa_without_LB_control,73,1,potato,CIP316367.147,tubers,49555.5555555556,,TRUE,40851.8518518518,270,0.957446808510638,doi_10.21223_BW8LWJ,73,FALSE,FALSE,Peru,Oxapampa,,,FALSE,,,,,,
BW8LWJ_Oxapampa_without_LB_control,74,2,potato,CIP316367.147,tubers,50777.7777777778,,TRUE,45592.5925925926,270,0.957446808510638,doi_10.21223_BW8LWJ,74,FALSE,FALSE,Peru,Oxapampa,,,FALSE,,,,,,
BW8LWJ_Oxapampa_without_LB_control,75,3,potato,CIP316367.147,tubers,41740.7407407407,,TRUE,40629.6296296296,332.5,1.1790780141844,doi_10.21223_BW8LWJ,75,FALSE,FALSE,Peru,Oxapampa,,,FALSE,,,,,,
BW8LWJ_Oxapampa_without_LB_control,76,1,potato,CIP316367.148,tubers,37740.7407407407,,TRUE,34037.037037037,280,0.99290780141844,doi_10.21223_BW8LWJ,76,FALSE,FALSE,Peru,Oxapampa,,,FALSE,,,,,,
BW8LWJ_Oxapampa_without_LB_control,77,2,potato,CIP316367.148,tubers,37925.9259259259,,TRUE,34222.2222222222,367.5,1.3031914893617,doi_10.21223_BW8LWJ,77,FALSE,FALSE,Peru,Oxapampa,,,FALSE,,,,,,
BW8LWJ_Oxapampa_without_LB_control,78,3,potato,CIP316367.148,tubers,45851.8518518519,,TRUE,43259.2592592593,315,1.11702127659574,doi_10.21223_BW8LWJ,78,FALSE,FALSE,Peru,Oxapampa,,,FALSE,,,,,,
BW8LWJ_Oxapampa_without_LB_control,79,1,potato,CIP316367.177,tubers,52074.0740740741,,TRUE,46703.7037037037,227.5,0.806737588652482,doi_10.21223_BW8LWJ,79,FALSE,FALSE,Peru,Oxapampa,,,FALSE,,,,,,
BW8LWJ_Oxapampa_without_LB_control,80,2,potato,CIP316367.177,tubers,42407.4074074074,,TRUE,40370.3703703704,297.5,1.05496453900709,doi_10.21223_BW8LWJ,80,FALSE,FALSE,Peru,Oxapampa,,,FALSE,,,,,,
BW8LWJ_Oxapampa_without_LB_control,81,3,potato,CIP316367.177,tubers,42000,,TRUE,37925.9259259259,367.5,1.3031914893617,doi_10.21223_BW8LWJ,81,FALSE,FALSE,Peru,Oxapampa,,,FALSE,,,,,,
BW8LWJ_Oxapampa_without_LB_control,82,1,potato,CIP316375.101,tubers,40629.6296296296,,TRUE,37851.8518518519,227.5,0.806737588652482,doi_10.21223_BW8LWJ,82,FALSE,FALSE,Peru,Oxapampa,,,FALSE,,,,,,
BW8LWJ_Oxapampa_without_LB_control,83,2,potato,CIP316375.101,tubers,27703.7037037037,,TRUE,25666.6666666667,140,0.49645390070922,doi_10.21223_BW8LWJ,83,FALSE,FALSE,Peru,Oxapampa,,,FALSE,,,,,,
BW8LWJ_Oxapampa_without_LB_control,84,3,potato,CIP316375.101,tubers,28629.6296296296,,TRUE,25851.8518518519,157.5,0.558510638297872,doi_10.21223_BW8LWJ,84,FALSE,FALSE,Peru,Oxapampa,,,FALSE,,,,,,
BW8LWJ_Oxapampa_without_LB_control,85,1,potato,CIP316375.102,tubers,47925.9259259259,,TRUE,44592.5925925926,332.5,1.1790780141844,doi_10.21223_BW8LWJ,85,FALSE,FALSE,Peru,Oxapampa,,,FALSE,,,,,,
BW8LWJ_Oxapampa_without_LB_control,86,2,potato,CIP316375.102,tubers,45185.1851851852,,TRUE,42037.037037037,472.5,1.67553191489362,doi_10.21223_BW8LWJ,86,FALSE,FALSE,Peru,Oxapampa,,,FALSE,,,,,,
BW8LWJ_Oxapampa_without_LB_control,87,3,potato,CIP316375.102,tubers,58296.2962962963,,TRUE,55703.7037037037,385,1.36524822695035,doi_10.21223_BW8LWJ,87,FALSE,FALSE,Peru,Oxapampa,,,FALSE,,,,,,
BW8LWJ_Oxapampa_without_LB_control,88,1,potato,CIP316387.156,tubers,18481.4814814815,,TRUE,17000,525,1.86170212765957,doi_10.21223_BW8LWJ,88,FALSE,FALSE,Peru,Oxapampa,,,FALSE,,,,,,
BW8LWJ_Oxapampa_without_LB_control,89,2,potato,CIP316387.156,tubers,9407.40740740741,,TRUE,8666.66666666667,472.5,1.67553191489362,doi_10.21223_BW8LWJ,89,FALSE,FALSE,Peru,Oxapampa,,,FALSE,,,,,,
BW8LWJ_Oxapampa_without_LB_control,90,3,potato,CIP316387.156,tubers,17000,,TRUE,16259.2592592593,560,1.98581560283688,doi_10.21223_BW8LWJ,90,FALSE,FALSE,Peru,Oxapampa,,,FALSE,,,,,,
BW8LWJ_Oxapampa_without_LB_control,91,1,potato,Amarilis,tubers,10253.0864197531,,TRUE,5839.50617283951,1563.33333333333,5.54373522458629,doi_10.21223_BW8LWJ,91,FALSE,FALSE,Peru,Oxapampa,,,FALSE,,,,,,
BW8LWJ_Oxapampa_without_LB_control,92,2,potato,Amarilis,tubers,31444.4444444444,,TRUE,28296.2962962963,1510.83333333333,1.55141843971631,doi_10.21223_BW8LWJ,92,FALSE,FALSE,Peru,Oxapampa,,,FALSE,,,,,,
BW8LWJ_Oxapampa_without_LB_control,93,3,potato,Amarilis,tubers,11622.2222222222,,TRUE,7486.41975308642,1423.33333333333,5.04728132387707,doi_10.21223_BW8LWJ,93,FALSE,FALSE,Peru,Oxapampa,,,FALSE,,,,,,
BW8LWJ_Oxapampa_without_LB_control,94,1,potato,Kory,tubers,23037.037037037,,TRUE,18345.6790123457,539.583333333333,1.91341607565012,doi_10.21223_BW8LWJ,94,FALSE,FALSE,Peru,Oxapampa,,,FALSE,,,,,,
BW8LWJ_Oxapampa_without_LB_control,95,2,potato,Kory,tubers,18327.1604938272,,TRUE,13512.3456790123,560,1.98581560283688,doi_10.21223_BW8LWJ,95,FALSE,FALSE,Peru,Oxapampa,,,FALSE,,,,,,
BW8LWJ_Oxapampa_without_LB_control,96,3,potato,Kory,tubers,22243.2098765432,,TRUE,19280.2469135802,568.75,2.01684397163121,doi_10.21223_BW8LWJ,96,FALSE,FALSE,Peru,Oxapampa,,,FALSE,,,,,,
BW8LWJ_Oxapampa_without_LB_control,97,1,potato,Yungay,tubers,4697.53086419753,,TRUE,1148.14814814815,1615.83333333333,6,doi_10.21223_BW8LWJ,97,FALSE,FALSE,Peru,Oxapampa,,,FALSE,,,,,,
BW8LWJ_Oxapampa_without_LB_control,98,2,potato,Yungay,tubers,3728.3950617284,,TRUE,981.481481481482,1589.58333333333,6,doi_10.21223_BW8LWJ,98,FALSE,FALSE,Peru,Oxapampa,,,FALSE,,,,,,
BW8LWJ_Oxapampa_without_LB_control,99,3,potato,Yungay,tubers,4056.79012345679,,TRUE,939.506172839506,1691.66666666667,5.99881796690307,doi_10.21223_BW8LWJ,99,FALSE,FALSE,Peru,Oxapampa,,,FALSE,,,,,,
BW8LWJ_Huanuco_without_LB_control,100,1,potato,Amarilis,tubers,16111.1111111111,,TRUE,12222.2222222222,770,2.73049645390071,doi_10.21223_BW8LWJ,100,FALSE,FALSE,Peru,Huanuco,,,FALSE,,,,,,
BW8LWJ_Huanuco_without_LB_control,101,2,potato,Amarilis,tubers,31666.6666666667,,TRUE,17777.7777777778,715,2.5354609929078,doi_10.21223_BW8LWJ,101,FALSE,FALSE,Peru,Huanuco,,,FALSE,,,,,,
BW8LWJ_Huanuco_without_LB_control,102,3,potato,Amarilis,tubers,23518.5185185185,,TRUE,12407.4074074074,770,2.73049645390071,doi_10.21223_BW8LWJ,102,FALSE,FALSE,Peru,Huanuco,,,FALSE,,,,,,
BW8LWJ_Huanuco_without_LB_control,103,3,potato,CIP316344.165,tubers,51296.2962962963,,TRUE,35925.9259259259,0,0,doi_10.21223_BW8LWJ,103,FALSE,FALSE,Peru,Huanuco,,,FALSE,,,,,,
BW8LWJ_Huanuco_without_LB_control,104,1,potato,CIP316344.165,tubers,42222.2222222222,,TRUE,35370.3703703704,0,0,doi_10.21223_BW8LWJ,104,FALSE,FALSE,Peru,Huanuco,,,FALSE,,,,,,
BW8LWJ_Huanuco_without_LB_control,105,2,potato,CIP316344.165,tubers,36666.6666666667,,TRUE,32407.4074074074,0,0,doi_10.21223_BW8LWJ,105,FALSE,FALSE,Peru,Huanuco,,,FALSE,,,,,,
BW8LWJ_Huanuco_without_LB_control,106,3,potato,CIP316346.204,tubers,51666.6666666667,,TRUE,51666.6666666667,0,0,doi_10.21223_BW8LWJ,106,FALSE,FALSE,Peru,Huanuco,,,FALSE,,,,,,
BW8LWJ_Huanuco_without_LB_control,107,1,potato,CIP316346.204,tubers,66481.4814814815,,TRUE,60370.3703703704,0,0,doi_10.21223_BW8LWJ,107,FALSE,FALSE,Peru,Huanuco,,,FALSE,,,,,,
BW8LWJ_Huanuco_without_LB_control,108,2,potato,CIP316346.204,tubers,51851.8518518519,,TRUE,50185.1851851852,0,0,doi_10.21223_BW8LWJ,108,FALSE,FALSE,Peru,Huanuco,,,FALSE,,,,,,
BW8LWJ_Huanuco_without_LB_control,109,3,potato,CIP316352.122,tubers,19259.2592592593,,TRUE,17962.962962963,630,2.23404255319149,doi_10.21223_BW8LWJ,109,FALSE,FALSE,Peru,Huanuco,,,FALSE,,,,,,
BW8LWJ_Huanuco_without_LB_control,110,1,potato,CIP316352.122,tubers,25555.5555555556,,TRUE,18333.3333333333,615,2.18085106382979,doi_10.21223_BW8LWJ,110,FALSE,FALSE,Peru,Huanuco,,,FALSE,,,,,,
BW8LWJ_Huanuco_without_LB_control,111,2,potato,CIP316352.122,tubers,25925.9259259259,,TRUE,19814.8148148148,665,2.35815602836879,doi_10.21223_BW8LWJ,111,FALSE,FALSE,Peru,Huanuco,,,FALSE,,,,,,
BW8LWJ_Huanuco_without_LB_control,112,3,potato,CIP316352.152,tubers,51666.6666666667,,TRUE,46481.4814814815,0,0,doi_10.21223_BW8LWJ,112,FALSE,FALSE,Peru,Huanuco,,,FALSE,,,,,,
BW8LWJ_Huanuco_without_LB_control,113,1,potato,CIP316352.152,tubers,45740.7407407407,,TRUE,35000,0,0,doi_10.21223_BW8LWJ,113,FALSE,FALSE,Peru,Huanuco,,,FALSE,,,,,,
BW8LWJ_Huanuco_without_LB_control,114,2,potato,CIP316352.152,tubers,33703.7037037037,,TRUE,32037.037037037,0,0,doi_10.21223_BW8LWJ,114,FALSE,FALSE,Peru,Huanuco,,,FALSE,,,,,,
BW8LWJ_Huanuco_without_LB_control,115,3,potato,CIP316353.148,tubers,59444.4444444444,,TRUE,52962.962962963,35,0.124113475177305,doi_10.21223_BW8LWJ,115,FALSE,FALSE,Peru,Huanuco,,,FALSE,,,,,,
BW8LWJ_Huanuco_without_LB_control,116,1,potato,CIP316353.148,tubers,57222.2222222222,,TRUE,49444.4444444444,35,0.124113475177305,doi_10.21223_BW8LWJ,116,FALSE,FALSE,Peru,Huanuco,,,FALSE,,,,,,
BW8LWJ_Huanuco_without_LB_control,117,2,potato,CIP316353.148,tubers,60740.7407407407,,TRUE,55555.5555555556,35,0.124113475177305,doi_10.21223_BW8LWJ,117,FALSE,FALSE,Peru,Huanuco,,,FALSE,,,,,,
BW8LWJ_Huanuco_without_LB_control,118,3,potato,CIP316353.741,tubers,56666.6666666667,,TRUE,45925.9259259259,0,0,doi_10.21223_BW8LWJ,118,FALSE,FALSE,Peru,Huanuco,,,FALSE,,,,,,
BW8LWJ_Huanuco_without_LB_control,119,1,potato,CIP316353.741,tubers,58518.5185185185,,TRUE,44074.0740740741,0,0,doi_10.21223_BW8LWJ,119,FALSE,FALSE,Peru,Huanuco,,,FALSE,,,,,,
BW8LWJ_Huanuco_without_LB_control,120,2,potato,CIP316353.741,tubers,67407.4074074074,,TRUE,52777.7777777778,70,0.24822695035461,doi_10.21223_BW8LWJ,120,FALSE,FALSE,Peru,Huanuco,,,FALSE,,,,,,
BW8LWJ_Huanuco_without_LB_control,121,3,potato,CIP316354.112,tubers,50555.5555555556,,TRUE,43148.1481481481,0,0,doi_10.21223_BW8LWJ,121,FALSE,FALSE,Peru,Huanuco,,,FALSE,,,,,,
BW8LWJ_Huanuco_without_LB_control,122,1,potato,CIP316354.112,tubers,50000,,TRUE,40185.1851851852,0,0,doi_10.21223_BW8LWJ,122,FALSE,FALSE,Peru,Huanuco,,,FALSE,,,,,,
BW8LWJ_Huanuco_without_LB_control,123,2,potato,CIP316354.112,tubers,36666.6666666667,,TRUE,31296.2962962963,0,0,doi_10.21223_BW8LWJ,123,FALSE,FALSE,Peru,Huanuco,,,FALSE,,,,,,
BW8LWJ_Huanuco_without_LB_control,124,3,potato,CIP316354.169,tubers,44444.4444444444,,TRUE,44444.4444444444,0,0,doi_10.21223_BW8LWJ,124,FALSE,FALSE,Peru,Huanuco,,,FALSE,,,,,,
BW8LWJ_Huanuco_without_LB_control,125,1,potato,CIP316354.169,tubers,58148.1481481482,,TRUE,48148.1481481482,0,0,doi_10.21223_BW8LWJ,125,FALSE,FALSE,Peru,Huanuco,,,FALSE,,,,,,
BW8LWJ_Huanuco_without_LB_control,126,2,potato,CIP316354.169,tubers,60555.5555555556,,TRUE,56851.8518518519,0,0,doi_10.21223_BW8LWJ,126,FALSE,FALSE,Peru,Huanuco,,,FALSE,,,,,,
BW8LWJ_Huanuco_without_LB_control,127,3,potato,CIP316355.162,tubers,44444.4444444444,,TRUE,40185.1851851852,0,0,doi_10.21223_BW8LWJ,127,FALSE,FALSE,Peru,Huanuco,,,FALSE,,,,,,
BW8LWJ_Huanuco_without_LB_control,128,1,potato,CIP316355.162,tubers,44814.8148148148,,TRUE,38148.1481481482,0,0,doi_10.21223_BW8LWJ,128,FALSE,FALSE,Peru,Huanuco,,,FALSE,,,,,,
BW8LWJ_Huanuco_without_LB_control,129,2,potato,CIP316355.162,tubers,55185.1851851852,,TRUE,44074.0740740741,0,0,doi_10.21223_BW8LWJ,129,FALSE,FALSE,Peru,Huanuco,,,FALSE,,,,,,
BW8LWJ_Huanuco_without_LB_control,130,3,potato,CIP316356.149,tubers,59814.8148148148,,TRUE,56481.4814814815,100,0.354609929078014,doi_10.21223_BW8LWJ,130,FALSE,FALSE,Peru,Huanuco,,,FALSE,,,,,,
BW8LWJ_Huanuco_without_LB_control,131,1,potato,CIP316356.149,tubers,61851.8518518519,,TRUE,56296.2962962963,140,0.49645390070922,doi_10.21223_BW8LWJ,131,FALSE,FALSE,Peru,Huanuco,,,FALSE,,,,,,
BW8LWJ_Huanuco_without_LB_control,132,2,potato,CIP316356.149,tubers,49259.2592592593,,TRUE,44629.6296296296,210,0.74468085106383,doi_10.21223_BW8LWJ,132,FALSE,FALSE,Peru,Huanuco,,,FALSE,,,,,,
BW8LWJ_Huanuco_without_LB_control,133,3,potato,CIP316358.214,tubers,57962.962962963,,TRUE,55925.9259259259,35,0.124113475177305,doi_10.21223_BW8LWJ,133,FALSE,FALSE,Peru,Huanuco,,,FALSE,,,,,,
BW8LWJ_Huanuco_without_LB_control,134,1,potato,CIP316358.214,tubers,51111.1111111111,,TRUE,45740.7407407407,35,0.124113475177305,doi_10.21223_BW8LWJ,134,FALSE,FALSE,Peru,Huanuco,,,FALSE,,,,,,
BW8LWJ_Huanuco_without_LB_control,135,2,potato,CIP316358.214,tubers,54629.6296296296,,TRUE,48333.3333333333,35,0.124113475177305,doi_10.21223_BW8LWJ,135,FALSE,FALSE,Peru,Huanuco,,,FALSE,,,,,,
BW8LWJ_Huanuco_without_LB_control,136,3,potato,CIP316360.241,tubers,47407.4074074074,,TRUE,37037.037037037,0,0,doi_10.21223_BW8LWJ,136,FALSE,FALSE,Peru,Huanuco,,,FALSE,,,,,,
BW8LWJ_Huanuco_without_LB_control,137,1,potato,CIP316360.241,tubers,31481.4814814815,,TRUE,27592.5925925926,0,0,doi_10.21223_BW8LWJ,137,FALSE,FALSE,Peru,Huanuco,,,FALSE,,,,,,
BW8LWJ_Huanuco_without_LB_control,138,2,potato,CIP316360.241,tubers,37777.7777777778,,TRUE,36296.2962962963,0,0,doi_10.21223_BW8LWJ,138,FALSE,FALSE,Peru,Huanuco,,,FALSE,,,,,,
BW8LWJ_Huanuco_without_LB_control,139,3,potato,CIP316361.118,tubers,60370.3703703704,,TRUE,56666.6666666667,35,0.124113475177305,doi_10.21223_BW8LWJ,139,FALSE,FALSE,Peru,Huanuco,,,FALSE,,,,,,
BW8LWJ_Huanuco_without_LB_control,140,1,potato,CIP316361.118,tubers,60555.5555555555,,TRUE,53518.5185185185,35,0.124113475177305,doi_10.21223_BW8LWJ,140,FALSE,FALSE,Peru,Huanuco,,,FALSE,,,,,,
BW8LWJ_Huanuco_without_LB_control,141,2,potato,CIP316361.118,tubers,51666.6666666667,,TRUE,48148.1481481482,35,0.124113475177305,doi_10.21223_BW8LWJ,141,FALSE,FALSE,Peru,Huanuco,,,FALSE,,,,,,
BW8LWJ_Huanuco_without_LB_control,142,3,potato,CIP316361.121,tubers,22962.962962963,,TRUE,20185.1851851852,455,1.61347517730496,doi_10.21223_BW8LWJ,142,FALSE,FALSE,Peru,Huanuco,,,FALSE,,,,,,
BW8LWJ_Huanuco_without_LB_control,143,1,potato,CIP316361.121,tubers,38518.5185185185,,TRUE,33148.1481481482,375,1.32978723404255,doi_10.21223_BW8LWJ,143,FALSE,FALSE,Peru,Huanuco,,,FALSE,,,,,,
BW8LWJ_Huanuco_without_LB_control,144,2,potato,CIP316361.121,tubers,26851.8518518519,,TRUE,20555.5555555556,340,1.20567375886525,doi_10.21223_BW8LWJ,144,FALSE,FALSE,Peru,Huanuco,,,FALSE,,,,,,
BW8LWJ_Huanuco_without_LB_control,145,3,potato,CIP316361.158,tubers,35370.3703703704,,TRUE,35370.3703703704,455,1.61347517730496,doi_10.21223_BW8LWJ,145,FALSE,FALSE,Peru,Huanuco,,,FALSE,,,,,,
BW8LWJ_Huanuco_without_LB_control,146,1,potato,CIP316361.158,tubers,39444.4444444444,,TRUE,35370.3703703704,445,1.57801418439716,doi_10.21223_BW8LWJ,146,FALSE,FALSE,Peru,Huanuco,,,FALSE,,,,,,
BW8LWJ_Huanuco_without_LB_control,147,2,potato,CIP316361.158,tubers,34444.4444444444,,TRUE,28148.1481481482,575,2.03900709219858,doi_10.21223_BW8LWJ,147,FALSE,FALSE,Peru,Huanuco,,,FALSE,,,,,,
BW8LWJ_Huanuco_without_LB_control,148,3,potato,CIP316361.187,tubers,69814.8148148148,,TRUE,58703.7037037037,0,0,doi_10.21223_BW8LWJ,148,FALSE,FALSE,Peru,Huanuco,,,FALSE,,,,,,
BW8LWJ_Huanuco_without_LB_control,149,1,potato,CIP316361.187,tubers,74074.0740740741,,TRUE,65185.1851851852,0,0,doi_10.21223_BW8LWJ,149,FALSE,FALSE,Peru,Huanuco,,,FALSE,,,,,,
BW8LWJ_Huanuco_without_LB_control,150,2,potato,CIP316361.187,tubers,66481.4814814815,,TRUE,60000,35,0.124113475177305,doi_10.21223_BW8LWJ,150,FALSE,FALSE,Peru,Huanuco,,,FALSE,,,,,,
BW8LWJ_Huanuco_without_LB_control,151,3,potato,CIP316361.190,tubers,78518.5185185185,,TRUE,40555.5555555556,0,0,doi_10.21223_BW8LWJ,151,FALSE,FALSE,Peru,Huanuco,,,FALSE,,,,,,
BW8LWJ_Huanuco_without_LB_control,152,1,potato,CIP316361.190,tubers,59629.6296296296,,TRUE,44074.0740740741,0,0,doi_10.21223_BW8LWJ,152,FALSE,FALSE,Peru,Huanuco,,,FALSE,,,,,,
BW8LWJ_Huanuco_without_LB_control,153,2,potato,CIP316361.190,tubers,65000,,TRUE,53518.5185185185,0,0,doi_10.21223_BW8LWJ,153,FALSE,FALSE,Peru,Huanuco,,,FALSE,,,,,,
BW8LWJ_Huanuco_without_LB_control,154,3,potato,CIP316361.191,tubers,61296.2962962963,,TRUE,54074.0740740741,0,0,doi_10.21223_BW8LWJ,154,FALSE,FALSE,Peru,Huanuco,,,FALSE,,,,,,
BW8LWJ_Huanuco_without_LB_control,155,1,potato,CIP316361.191,tubers,60185.1851851852,,TRUE,52777.7777777778,0,0,doi_10.21223_BW8LWJ,155,FALSE,FALSE,Peru,Huanuco,,,FALSE,,,,,,
BW8LWJ_Huanuco_without_LB_control,156,2,potato,CIP316361.191,tubers,63888.8888888889,,TRUE,57407.4074074074,0,0,doi_10.21223_BW8LWJ,156,FALSE,FALSE,Peru,Huanuco,,,FALSE,,,,,,
BW8LWJ_Huanuco_without_LB_control,157,3,potato,CIP316361.209,tubers,19074.0740740741,,TRUE,16481.4814814815,515,1.82624113475177,doi_10.21223_BW8LWJ,157,FALSE,FALSE,Peru,Huanuco,,,FALSE,,,,,,
BW8LWJ_Huanuco_without_LB_control,158,1,potato,CIP316361.209,tubers,35000,,TRUE,23333.3333333333,455,1.61347517730496,doi_10.21223_BW8LWJ,158,FALSE,FALSE,Peru,Huanuco,,,FALSE,,,,,,
BW8LWJ_Huanuco_without_LB_control,159,2,potato,CIP316361.209,tubers,22777.7777777778,,TRUE,20370.3703703704,510,1.80851063829787,doi_10.21223_BW8LWJ,159,FALSE,FALSE,Peru,Huanuco,,,FALSE,,,,,,
BW8LWJ_Huanuco_without_LB_control,160,3,potato,CIP316361.244,tubers,60370.3703703704,,TRUE,57222.2222222222,50,0.177304964539007,doi_10.21223_BW8LWJ,160,FALSE,FALSE,Peru,Huanuco,,,FALSE,,,,,,
BW8LWJ_Huanuco_without_LB_control,161,1,potato,CIP316361.244,tubers,69444.4444444444,,TRUE,62777.7777777778,0,0,doi_10.21223_BW8LWJ,161,FALSE,FALSE,Peru,Huanuco,,,FALSE,,,,,,
BW8LWJ_Huanuco_without_LB_control,162,2,potato,CIP316361.244,tubers,65370.3703703704,,TRUE,58333.3333333333,0,0,doi_10.21223_BW8LWJ,162,FALSE,FALSE,Peru,Huanuco,,,FALSE,,,,,,
BW8LWJ_Huanuco_without_LB_control,163,3,potato,CIP316365.166,tubers,35370.3703703704,,TRUE,29629.6296296296,450,1.59574468085106,doi_10.21223_BW8LWJ,163,FALSE,FALSE,Peru,Huanuco,,,FALSE,,,,,,
BW8LWJ_Huanuco_without_LB_control,164,1,potato,CIP316365.166,tubers,34074.0740740741,,TRUE,31111.1111111111,440,1.56028368794326,doi_10.21223_BW8LWJ,164,FALSE,FALSE,Peru,Huanuco,,,FALSE,,,,,,
BW8LWJ_Huanuco_without_LB_control,165,2,potato,CIP316365.166,tubers,37777.7777777778,,TRUE,32592.5925925926,525,1.86170212765957,doi_10.21223_BW8LWJ,165,FALSE,FALSE,Peru,Huanuco,,,FALSE,,,,,,
BW8LWJ_Huanuco_without_LB_control,166,3,potato,CIP316367.117,tubers,63518.5185185185,,TRUE,56296.2962962963,0,0,doi_10.21223_BW8LWJ,166,FALSE,FALSE,Peru,Huanuco,,,FALSE,,,,,,
BW8LWJ_Huanuco_without_LB_control,167,1,potato,CIP316367.117,tubers,55925.9259259259,,TRUE,52962.962962963,35,0.124113475177305,doi_10.21223_BW8LWJ,167,FALSE,FALSE,Peru,Huanuco,,,FALSE,,,,,,
BW8LWJ_Huanuco_without_LB_control,168,2,potato,CIP316367.117,tubers,69259.2592592593,,TRUE,62777.7777777778,0,0,doi_10.21223_BW8LWJ,168,FALSE,FALSE,Peru,Huanuco,,,FALSE,,,,,,
BW8LWJ_Huanuco_without_LB_control,169,3,potato,CIP316367.132,tubers,78148.1481481482,,TRUE,62407.4074074074,0,0,doi_10.21223_BW8LWJ,169,FALSE,FALSE,Peru,Huanuco,,,FALSE,,,,,,
BW8LWJ_Huanuco_without_LB_control,170,1,potato,CIP316367.132,tubers,72962.962962963,,TRUE,57777.7777777778,0,0,doi_10.21223_BW8LWJ,170,FALSE,FALSE,Peru,Huanuco,,,FALSE,,,,,,
BW8LWJ_Huanuco_without_LB_control,171,2,potato,CIP316367.132,tubers,55740.7407407407,,TRUE,62777.7777777778,0,0,doi_10.21223_BW8LWJ,171,FALSE,FALSE,Peru,Huanuco,,,FALSE,,,,,,
BW8LWJ_Huanuco_without_LB_control,172,3,potato,CIP316367.134,tubers,77592.5925925926,,TRUE,68333.3333333333,0,0,doi_10.21223_BW8LWJ,172,FALSE,FALSE,Peru,Huanuco,,,FALSE,,,,,,
BW8LWJ_Huanuco_without_LB_control,173,1,potato,CIP316367.134,tubers,77592.5925925926,,TRUE,61111.1111111111,0,0,doi_10.21223_BW8LWJ,173,FALSE,FALSE,Peru,Huanuco,,,FALSE,,,,,,
BW8LWJ_Huanuco_without_LB_control,174,2,potato,CIP316367.134,tubers,80185.1851851852,,TRUE,61296.2962962963,0,0,doi_10.21223_BW8LWJ,174,FALSE,FALSE,Peru,Huanuco,,,FALSE,,,,,,
BW8LWJ_Huanuco_without_LB_control,175,1,potato,CIP316367.147,tubers,66296.2962962963,,TRUE,60185.1851851852,35,0.124113475177305,doi_10.21223_BW8LWJ,175,FALSE,FALSE,Peru,Huanuco,,,FALSE,,,,,,
BW8LWJ_Huanuco_without_LB_control,176,2,potato,CIP316367.147,tubers,78333.3333333333,,TRUE,61851.8518518519,35,0.124113475177305,doi_10.21223_BW8LWJ,176,FALSE,FALSE,Peru,Huanuco,,,FALSE,,,,,,
BW8LWJ_Huanuco_without_LB_control,177,3,potato,CIP316367.147,tubers,77037.037037037,,TRUE,70185.1851851852,35,0.124113475177305,doi_10.21223_BW8LWJ,177,FALSE,FALSE,Peru,Huanuco,,,FALSE,,,,,,
BW8LWJ_Huanuco_without_LB_control,178,3,potato,CIP316367.148,tubers,53148.1481481482,,TRUE,48518.5185185185,0,0,doi_10.21223_BW8LWJ,178,FALSE,FALSE,Peru,Huanuco,,,FALSE,,,,,,
BW8LWJ_Huanuco_without_LB_control,179,1,potato,CIP316367.148,tubers,62037.037037037,,TRUE,53888.8888888889,0,0,doi_10.21223_BW8LWJ,179,FALSE,FALSE,Peru,Huanuco,,,FALSE,,,,,,
BW8LWJ_Huanuco_without_LB_control,180,2,potato,CIP316367.148,tubers,62407.4074074074,,TRUE,61666.6666666667,0,0,doi_10.21223_BW8LWJ,180,FALSE,FALSE,Peru,Huanuco,,,FALSE,,,,,,
BW8LWJ_Huanuco_without_LB_control,181,3,potato,CIP316367.177,tubers,43888.8888888889,,TRUE,36666.6666666667,455,1.61347517730496,doi_10.21223_BW8LWJ,181,FALSE,FALSE,Peru,Huanuco,,,FALSE,,,,,,
BW8LWJ_Huanuco_without_LB_control,182,1,potato,CIP316367.177,tubers,58148.1481481482,,TRUE,54259.2592592593,470,1.66666666666667,doi_10.21223_BW8LWJ,182,FALSE,FALSE,Peru,Huanuco,,,FALSE,,,,,,
BW8LWJ_Huanuco_without_LB_control,183,2,potato,CIP316367.177,tubers,40185.1851851852,,TRUE,38888.8888888889,410,1.45390070921986,doi_10.21223_BW8LWJ,183,FALSE,FALSE,Peru,Huanuco,,,FALSE,,,,,,
BW8LWJ_Huanuco_without_LB_control,184,3,potato,CIP316375.101,tubers,66111.1111111111,,TRUE,43518.5185185185,0,0,doi_10.21223_BW8LWJ,184,FALSE,FALSE,Peru,Huanuco,,,FALSE,,,,,,
BW8LWJ_Huanuco_without_LB_control,185,1,potato,CIP316375.101,tubers,68703.7037037037,,TRUE,55925.9259259259,0,0,doi_10.21223_BW8LWJ,185,FALSE,FALSE,Peru,Huanuco,,,FALSE,,,,,,
BW8LWJ_Huanuco_without_LB_control,186,2,potato,CIP316375.101,tubers,52777.7777777778,,TRUE,44814.8148148148,35,0.124113475177305,doi_10.21223_BW8LWJ,186,FALSE,FALSE,Peru,Huanuco,,,FALSE,,,,,,
BW8LWJ_Huanuco_without_LB_control,187,3,potato,CIP316375.102,tubers,77592.5925925926,,TRUE,69074.0740740741,0,0,doi_10.21223_BW8LWJ,187,FALSE,FALSE,Peru,Huanuco,,,FALSE,,,,,,
BW8LWJ_Huanuco_without_LB_control,188,1,potato,CIP316375.102,tubers,87962.962962963,,TRUE,66111.1111111111,35,0.124113475177305,doi_10.21223_BW8LWJ,188,FALSE,FALSE,Peru,Huanuco,,,FALSE,,,,,,
BW8LWJ_Huanuco_without_LB_control,189,2,potato,CIP316375.102,tubers,68703.7037037037,,TRUE,62407.4074074074,0,0,doi_10.21223_BW8LWJ,189,FALSE,FALSE,Peru,Huanuco,,,FALSE,,,,,,
BW8LWJ_Huanuco_without_LB_control,190,3,potato,CIP316387.156,tubers,44629.6296296296,,TRUE,41851.8518518519,110,0.390070921985816,doi_10.21223_BW8LWJ,190,FALSE,FALSE,Peru,Huanuco,,,FALSE,,,,,,
BW8LWJ_Huanuco_without_LB_control,191,1,potato,CIP316387.156,tubers,36111.1111111111,,TRUE,34444.4444444444,100,0.354609929078014,doi_10.21223_BW8LWJ,191,FALSE,FALSE,Peru,Huanuco,,,FALSE,,,,,,
BW8LWJ_Huanuco_without_LB_control,192,2,potato,CIP316387.156,tubers,42037.037037037,,TRUE,36851.8518518518,140,0.49645390070922,doi_10.21223_BW8LWJ,192,FALSE,FALSE,Peru,Huanuco,,,FALSE,,,,,,
BW8LWJ_Huanuco_without_LB_control,193,1,potato,Kory,tubers,39629.6296296296,,TRUE,33148.1481481482,135,0.478723404255319,doi_10.21223_BW8LWJ,193,FALSE,FALSE,Peru,Huanuco,,,FALSE,,,,,,
BW8LWJ_Huanuco_without_LB_control,194,2,potato,Kory,tubers,40740.7407407407,,TRUE,36481.4814814815,175,0.620567375886525,doi_10.21223_BW8LWJ,194,FALSE,FALSE,Peru,Huanuco,,,FALSE,,,,,,
BW8LWJ_Huanuco_without_LB_control,195,3,potato,Kory,tubers,59814.8148148148,,TRUE,43333.3333333333,140,0.49645390070922,doi_10.21223_BW8LWJ,195,FALSE,FALSE,Peru,Huanuco,,,FALSE,,,,,,
BW8LWJ_Huanuco_without_LB_control,196,1,potato,Yungay,tubers,19074.0740740741,,TRUE,10740.7407407407,1155,6,doi_10.21223_BW8LWJ,196,FALSE,FALSE,Peru,Huanuco,,,FALSE,,,,,,
BW8LWJ_Huanuco_without_LB_control,197,2,potato,Yungay,tubers,12222.2222222222,,TRUE,7962.96296296296,1190,6,doi_10.21223_BW8LWJ,197,FALSE,FALSE,Peru,Huanuco,,,FALSE,,,,,,
BW8LWJ_Huanuco_without_LB_control,198,3,potato,Yungay,tubers,13333.3333333333,,TRUE,8333.33333333333,1400,6,doi_10.21223_BW8LWJ,198,FALSE,FALSE,Peru,Huanuco,,,FALSE,,,,,,
BW8LWJ_Oxapampa_with_LB_control,1,1,potato,CIP316344.165,tubers,31296.2962962963,,TRUE,25740.7407407407,35,2.35294117647059,doi_10.21223_BW8LWJ,199,FALSE,FALSE,Peru,Oxapampa,,,FALSE,,,,,,
BW8LWJ_Oxapampa_with_LB_control,2,2,potato,CIP316344.165,tubers,42407.4074074074,,TRUE,35925.9259259259,36.75,2.47058823529412,doi_10.21223_BW8LWJ,200,FALSE,FALSE,Peru,Oxapampa,,,FALSE,,,,,,
BW8LWJ_Oxapampa_with_LB_control,3,3,potato,CIP316344.165,tubers,31851.8518518519,,TRUE,24814.8148148148,0,0,doi_10.21223_BW8LWJ,201,FALSE,FALSE,Peru,Oxapampa,,,FALSE,,,,,,
BW8LWJ_Oxapampa_with_LB_control,4,1,potato,CIP316346.204,tubers,58333.3333333333,,TRUE,56481.4814814815,70,4.70588235294118,doi_10.21223_BW8LWJ,202,FALSE,FALSE,Peru,Oxapampa,,,FALSE,,,,,,
BW8LWJ_Oxapampa_with_LB_control,5,2,potato,CIP316346.204,tubers,44814.8148148148,,TRUE,44814.8148148148,35,2.35294117647059,doi_10.21223_BW8LWJ,203,FALSE,FALSE,Peru,Oxapampa,,,FALSE,,,,,,
BW8LWJ_Oxapampa_with_LB_control,6,3,potato,CIP316346.204,tubers,56481.4814814815,,TRUE,53888.8888888889,70,4.70588235294118,doi_10.21223_BW8LWJ,204,FALSE,FALSE,Peru,Oxapampa,,,FALSE,,,,,,
BW8LWJ_Oxapampa_with_LB_control,7,1,potato,CIP316352.122,tubers,47592.5925925926,,TRUE,41481.4814814815,17.5,1.17647058823529,doi_10.21223_BW8LWJ,205,FALSE,FALSE,Peru,Oxapampa,,,FALSE,,,,,,
BW8LWJ_Oxapampa_with_LB_control,8,2,potato,CIP316352.122,tubers,36666.6666666667,,TRUE,32962.962962963,52.5,3.52941176470588,doi_10.21223_BW8LWJ,206,FALSE,FALSE,Peru,Oxapampa,,,FALSE,,,,,,
BW8LWJ_Oxapampa_with_LB_control,9,3,potato,CIP316352.122,tubers,40925.9259259259,,TRUE,37037.037037037,52.5,3.52941176470588,doi_10.21223_BW8LWJ,207,FALSE,FALSE,Peru,Oxapampa,,,FALSE,,,,,,
BW8LWJ_Oxapampa_with_LB_control,10,1,potato,CIP316352.152,tubers,26296.2962962963,,TRUE,19259.2592592593,35,2.35294117647059,doi_10.21223_BW8LWJ,208,FALSE,FALSE,Peru,Oxapampa,,,FALSE,,,,,,
BW8LWJ_Oxapampa_with_LB_control,11,2,potato,CIP316352.152,tubers,35370.3703703704,,TRUE,25740.7407407407,35,2.35294117647059,doi_10.21223_BW8LWJ,209,FALSE,FALSE,Peru,Oxapampa,,,FALSE,,,,,,
BW8LWJ_Oxapampa_with_LB_control,12,3,potato,CIP316352.152,tubers,26666.6666666667,,TRUE,22962.962962963,0,0,doi_10.21223_BW8LWJ,210,FALSE,FALSE,Peru,Oxapampa,,,FALSE,,,,,,
BW8LWJ_Oxapampa_with_LB_control,13,1,potato,CIP316353.148,tubers,38518.5185185185,,TRUE,37592.5925925926,0,0,doi_10.21223_BW8LWJ,211,FALSE,FALSE,Peru,Oxapampa,,,FALSE,,,,,,
BW8LWJ_Oxapampa_with_LB_control,14,2,potato,CIP316353.148,tubers,36296.2962962963,,TRUE,35555.5555555556,0,0,doi_10.21223_BW8LWJ,212,FALSE,FALSE,Peru,Oxapampa,,,FALSE,,,,,,
BW8LWJ_Oxapampa_with_LB_control,15,3,potato,CIP316353.148,tubers,38333.3333333333,,TRUE,35555.5555555556,87.5,5.88235294117647,doi_10.21223_BW8LWJ,213,FALSE,FALSE,Peru,Oxapampa,,,FALSE,,,,,,
BW8LWJ_Oxapampa_with_LB_control,16,1,potato,CIP316353.741,tubers,41481.4814814815,,TRUE,37037.037037037,17.5,1.17647058823529,doi_10.21223_BW8LWJ,214,FALSE,FALSE,Peru,Oxapampa,,,FALSE,,,,,,
BW8LWJ_Oxapampa_with_LB_control,17,2,potato,CIP316353.741,tubers,39814.8148148148,,TRUE,35740.7407407407,70,4.70588235294118,doi_10.21223_BW8LWJ,215,FALSE,FALSE,Peru,Oxapampa,,,FALSE,,,,,,
BW8LWJ_Oxapampa_with_LB_control,18,3,potato,CIP316353.741,tubers,37407.4074074074,,TRUE,35000,0,0,doi_10.21223_BW8LWJ,216,FALSE,FALSE,Peru,Oxapampa,,,FALSE,,,,,,
BW8LWJ_Oxapampa_with_LB_control,19,1,potato,CIP316354.112,tubers,47592.5925925926,,TRUE,37592.5925925926,0,0,doi_10.21223_BW8LWJ,217,FALSE,FALSE,Peru,Oxapampa,,,FALSE,,,,,,
BW8LWJ_Oxapampa_with_LB_control,20,2,potato,CIP316354.112,tubers,36851.8518518519,,TRUE,31666.6666666667,35,2.35294117647059,doi_10.21223_BW8LWJ,218,FALSE,FALSE,Peru,Oxapampa,,,FALSE,,,,,,
BW8LWJ_Oxapampa_with_LB_control,21,3,potato,CIP316354.112,tubers,31111.1111111111,,TRUE,26296.2962962963,0,0,doi_10.21223_BW8LWJ,219,FALSE,FALSE,Peru,Oxapampa,,,FALSE,,,,,,
BW8LWJ_Oxapampa_with_LB_control,22,1,potato,CIP316354.169,tubers,23888.8888888889,,TRUE,20555.5555555556,0,0,doi_10.21223_BW8LWJ,220,FALSE,FALSE,Peru,Oxapampa,,,FALSE,,,,,,
BW8LWJ_Oxapampa_with_LB_control,23,2,potato,CIP316354.169,tubers,39814.8148148148,,TRUE,33703.7037037037,35,2.35294117647059,doi_10.21223_BW8LWJ,221,FALSE,FALSE,Peru,Oxapampa,,,FALSE,,,,,,
BW8LWJ_Oxapampa_with_LB_control,24,3,potato,CIP316354.169,tubers,36851.8518518519,,TRUE,34814.8148148148,0,0,doi_10.21223_BW8LWJ,222,FALSE,FALSE,Peru,Oxapampa,,,FALSE,,,,,,
BW8LWJ_Oxapampa_with_LB_control,25,1,potato,CIP316355.162,tubers,40185.1851851852,,TRUE,33888.8888888889,17.5,1.17647058823529,doi_10.21223_BW8LWJ,223,FALSE,FALSE,Peru,Oxapampa,,,FALSE,,,,,,
BW8LWJ_Oxapampa_with_LB_control,26,2,potato,CIP316355.162,tubers,35925.9259259259,,TRUE,33518.5185185185,54.25,3.64705882352941,doi_10.21223_BW8LWJ,224,FALSE,FALSE,Peru,Oxapampa,,,FALSE,,,,,,
BW8LWJ_Oxapampa_with_LB_control,27,3,potato,CIP316355.162,tubers,53888.8888888889,,TRUE,50740.7407407407,35,2.35294117647059,doi_10.21223_BW8LWJ,225,FALSE,FALSE,Peru,Oxapampa,,,FALSE,,,,,,
BW8LWJ_Oxapampa_with_LB_control,28,1,potato,CIP316356.149,tubers,54629.6296296297,,TRUE,49814.8148148148,0,0,doi_10.21223_BW8LWJ,226,FALSE,FALSE,Peru,Oxapampa,,,FALSE,,,,,,
BW8LWJ_Oxapampa_with_LB_control,29,2,potato,CIP316356.149,tubers,46851.8518518519,,TRUE,44259.2592592593,35,2.35294117647059,doi_10.21223_BW8LWJ,227,FALSE,FALSE,Peru,Oxapampa,,,FALSE,,,,,,
BW8LWJ_Oxapampa_with_LB_control,30,3,potato,CIP316356.149,tubers,41666.6666666667,,TRUE,39629.6296296296,35,2.35294117647059,doi_10.21223_BW8LWJ,228,FALSE,FALSE,Peru,Oxapampa,,,FALSE,,,,,,
BW8LWJ_Oxapampa_with_LB_control,31,1,potato,CIP316358.214,tubers,34259.2592592593,,TRUE,30925.9259259259,35,2.35294117647059,doi_10.21223_BW8LWJ,229,FALSE,FALSE,Peru,Oxapampa,,,FALSE,,,,,,
BW8LWJ_Oxapampa_with_LB_control,32,2,potato,CIP316358.214,tubers,27777.7777777778,,TRUE,25555.5555555556,35,2.35294117647059,doi_10.21223_BW8LWJ,230,FALSE,FALSE,Peru,Oxapampa,,,FALSE,,,,,,
BW8LWJ_Oxapampa_with_LB_control,33,3,potato,CIP316358.214,tubers,26481.4814814815,,TRUE,24814.8148148148,52.5,3.52941176470588,doi_10.21223_BW8LWJ,231,FALSE,FALSE,Peru,Oxapampa,,,FALSE,,,,,,
BW8LWJ_Oxapampa_with_LB_control,34,1,potato,CIP316360.241,tubers,51666.6666666667,,TRUE,45740.7407407407,35,2.35294117647059,doi_10.21223_BW8LWJ,232,FALSE,FALSE,Peru,Oxapampa,,,FALSE,,,,,,
BW8LWJ_Oxapampa_with_LB_control,35,2,potato,CIP316360.241,tubers,53333.3333333333,,TRUE,50740.7407407407,70,4.70588235294118,doi_10.21223_BW8LWJ,233,FALSE,FALSE,Peru,Oxapampa,,,FALSE,,,,,,
BW8LWJ_Oxapampa_with_LB_control,36,3,potato,CIP316360.241,tubers,57592.5925925926,,TRUE,54629.6296296296,70,4.70588235294118,doi_10.21223_BW8LWJ,234,FALSE,FALSE,Peru,Oxapampa,,,FALSE,,,,,,
BW8LWJ_Oxapampa_with_LB_control,37,1,potato,CIP316361.118,tubers,41666.6666666667,,TRUE,38333.3333333333,0,0,doi_10.21223_BW8LWJ,235,FALSE,FALSE,Peru,Oxapampa,,,FALSE,,,,,,
BW8LWJ_Oxapampa_with_LB_control,38,2,potato,CIP316361.118,tubers,45555.5555555556,,TRUE,41111.1111111111,35,2.35294117647059,doi_10.21223_BW8LWJ,236,FALSE,FALSE,Peru,Oxapampa,,,FALSE,,,,,,
BW8LWJ_Oxapampa_with_LB_control,39,3,potato,CIP316361.118,tubers,37592.5925925926,,TRUE,36481.4814814815,0,0,doi_10.21223_BW8LWJ,237,FALSE,FALSE,Peru,Oxapampa,,,FALSE,,,,,,
BW8LWJ_Oxapampa_with_LB_control,40,1,potato,CIP316361.121,tubers,45740.7407407407,,TRUE,42592.5925925926,17.5,1.17647058823529,doi_10.21223_BW8LWJ,238,FALSE,FALSE,Peru,Oxapampa,,,FALSE,,,,,,
BW8LWJ_Oxapampa_with_LB_control,41,2,potato,CIP316361.121,tubers,35740.7407407407,,TRUE,34629.6296296296,35,2.35294117647059,doi_10.21223_BW8LWJ,239,FALSE,FALSE,Peru,Oxapampa,,,FALSE,,,,,,
BW8LWJ_Oxapampa_with_LB_control,42,3,potato,CIP316361.121,tubers,33703.7037037037,,TRUE,32962.962962963,0,0,doi_10.21223_BW8LWJ,240,FALSE,FALSE,Peru,Oxapampa,,,FALSE,,,,,,
BW8LWJ_Oxapampa_with_LB_control,43,1,potato,CIP316361.158,tubers,50370.3703703704,,TRUE,44629.6296296296,0,0,doi_10.21223_BW8LWJ,241,FALSE,FALSE,Peru,Oxapampa,,,FALSE,,,,,,
BW8LWJ_Oxapampa_with_LB_control,44,2,potato,CIP316361.158,tubers,44814.8148148148,,TRUE,42407.4074074074,35,2.35294117647059,doi_10.21223_BW8LWJ,242,FALSE,FALSE,Peru,Oxapampa,,,FALSE,,,,,,
BW8LWJ_Oxapampa_with_LB_control,45,3,potato,CIP316361.158,tubers,54629.6296296296,,TRUE,50925.9259259259,87.5,5.88235294117647,doi_10.21223_BW8LWJ,243,FALSE,FALSE,Peru,Oxapampa,,,FALSE,,,,,,
BW8LWJ_Oxapampa_with_LB_control,46,1,potato,CIP316361.187,tubers,68148.1481481482,,TRUE,62962.962962963,0,0,doi_10.21223_BW8LWJ,244,FALSE,FALSE,Peru,Oxapampa,,,FALSE,,,,,,
BW8LWJ_Oxapampa_with_LB_control,47,2,potato,CIP316361.187,tubers,44444.4444444444,,TRUE,40555.5555555556,70,4.70588235294118,doi_10.21223_BW8LWJ,245,FALSE,FALSE,Peru,Oxapampa,,,FALSE,,,,,,
BW8LWJ_Oxapampa_with_LB_control,48,3,potato,CIP316361.187,tubers,57962.962962963,,TRUE,55185.1851851852,70,4.70588235294118,doi_10.21223_BW8LWJ,246,FALSE,FALSE,Peru,Oxapampa,,,FALSE,,,,,,
BW8LWJ_Oxapampa_with_LB_control,49,1,potato,CIP316361.190,tubers,36851.8518518519,,TRUE,33703.7037037037,0,0,doi_10.21223_BW8LWJ,247,FALSE,FALSE,Peru,Oxapampa,,,FALSE,,,,,,
BW8LWJ_Oxapampa_with_LB_control,50,2,potato,CIP316361.190,tubers,44259.2592592593,,TRUE,41666.6666666667,70,4.70588235294118,doi_10.21223_BW8LWJ,248,FALSE,FALSE,Peru,Oxapampa,,,FALSE,,,,,,
BW8LWJ_Oxapampa_with_LB_control,51,3,potato,CIP316361.190,tubers,45925.9259259259,,TRUE,40185.1851851852,35,2.35294117647059,doi_10.21223_BW8LWJ,249,FALSE,FALSE,Peru,Oxapampa,,,FALSE,,,,,,
BW8LWJ_Oxapampa_with_LB_control,52,1,potato,CIP316361.191,tubers,43888.8888888889,,TRUE,40740.7407407407,0,0,doi_10.21223_BW8LWJ,250,FALSE,FALSE,Peru,Oxapampa,,,FALSE,,,,,,
BW8LWJ_Oxapampa_with_LB_control,53,2,potato,CIP316361.191,tubers,50185.1851851852,,TRUE,48148.1481481482,54.25,3.64705882352941,doi_10.21223_BW8LWJ,251,FALSE,FALSE,Peru,Oxapampa,,,FALSE,,,,,,
BW8LWJ_Oxapampa_with_LB_control,54,3,potato,CIP316361.191,tubers,52962.962962963,,TRUE,45925.9259259259,35,2.35294117647059,doi_10.21223_BW8LWJ,252,FALSE,FALSE,Peru,Oxapampa,,,FALSE,,,,,,
BW8LWJ_Oxapampa_with_LB_control,55,1,potato,CIP316361.209,tubers,40185.1851851852,,TRUE,37037.037037037,0,0,doi_10.21223_BW8LWJ,253,FALSE,FALSE,Peru,Oxapampa,,,FALSE,,,,,,
BW8LWJ_Oxapampa_with_LB_control,56,2,potato,CIP316361.209,tubers,29814.8148148148,,TRUE,25370.3703703704,70,4.70588235294118,doi_10.21223_BW8LWJ,254,FALSE,FALSE,Peru,Oxapampa,,,FALSE,,,,,,
BW8LWJ_Oxapampa_with_LB_control,57,3,potato,CIP316361.209,tubers,45000,,TRUE,37592.5925925926,70,4.70588235294118,doi_10.21223_BW8LWJ,255,FALSE,FALSE,Peru,Oxapampa,,,FALSE,,,,,,
BW8LWJ_Oxapampa_with_LB_control,58,1,potato,CIP316361.244,tubers,50370.3703703704,,TRUE,47592.5925925926,0,0,doi_10.21223_BW8LWJ,256,FALSE,FALSE,Peru,Oxapampa,,,FALSE,,,,,,
BW8LWJ_Oxapampa_with_LB_control,59,2,potato,CIP316361.244,tubers,45925.9259259259,,TRUE,42222.2222222222,35,2.35294117647059,doi_10.21223_BW8LWJ,257,FALSE,FALSE,Peru,Oxapampa,,,FALSE,,,,,,
BW8LWJ_Oxapampa_with_LB_control,60,3,potato,CIP316361.244,tubers,44629.6296296296,,TRUE,43148.1481481482,0,0,doi_10.21223_BW8LWJ,258,FALSE,FALSE,Peru,Oxapampa,,,FALSE,,,,,,
BW8LWJ_Oxapampa_with_LB_control,61,1,potato,CIP316365.166,tubers,52592.5925925926,,TRUE,47037.037037037,0,0,doi_10.21223_BW8LWJ,259,FALSE,FALSE,Peru,Oxapampa,,,FALSE,,,,,,
BW8LWJ_Oxapampa_with_LB_control,62,2,potato,CIP316365.166,tubers,51666.6666666667,,TRUE,47037.037037037,0,0,doi_10.21223_BW8LWJ,260,FALSE,FALSE,Peru,Oxapampa,,,FALSE,,,,,,
BW8LWJ_Oxapampa_with_LB_control,63,3,potato,CIP316365.166,tubers,49814.8148148148,,TRUE,47037.037037037,70,4.70588235294118,doi_10.21223_BW8LWJ,261,FALSE,FALSE,Peru,Oxapampa,,,FALSE,,,,,,
BW8LWJ_Oxapampa_with_LB_control,64,1,potato,CIP316367.117,tubers,62962.962962963,,TRUE,59629.6296296296,0,0,doi_10.21223_BW8LWJ,262,FALSE,FALSE,Peru,Oxapampa,,,FALSE,,,,,,
BW8LWJ_Oxapampa_with_LB_control,65,2,potato,CIP316367.117,tubers,55555.5555555556,,TRUE,49814.8148148148,35,2.35294117647059,doi_10.21223_BW8LWJ,263,FALSE,FALSE,Peru,Oxapampa,,,FALSE,,,,,,
BW8LWJ_Oxapampa_with_LB_control,66,3,potato,CIP316367.117,tubers,64814.8148148148,,TRUE,62777.7777777778,35,2.35294117647059,doi_10.21223_BW8LWJ,264,FALSE,FALSE,Peru,Oxapampa,,,FALSE,,,,,,
BW8LWJ_Oxapampa_with_LB_control,67,1,potato,CIP316367.132,tubers,53888.8888888889,,TRUE,44814.8148148148,35,2.35294117647059,doi_10.21223_BW8LWJ,265,FALSE,FALSE,Peru,Oxapampa,,,FALSE,,,,,,
BW8LWJ_Oxapampa_with_LB_control,68,2,potato,CIP316367.132,tubers,35370.3703703704,,TRUE,30370.3703703704,35,2.35294117647059,doi_10.21223_BW8LWJ,266,FALSE,FALSE,Peru,Oxapampa,,,FALSE,,,,,,
BW8LWJ_Oxapampa_with_LB_control,69,3,potato,CIP316367.132,tubers,33888.8888888889,,TRUE,29444.4444444444,0,0,doi_10.21223_BW8LWJ,267,FALSE,FALSE,Peru,Oxapampa,,,FALSE,,,,,,
BW8LWJ_Oxapampa_with_LB_control,70,1,potato,CIP316367.134,tubers,47222.2222222222,,TRUE,37592.5925925926,0,0,doi_10.21223_BW8LWJ,268,FALSE,FALSE,Peru,Oxapampa,,,FALSE,,,,,,
BW8LWJ_Oxapampa_with_LB_control,71,2,potato,CIP316367.134,tubers,49629.6296296296,,TRUE,38703.7037037037,35,2.35294117647059,doi_10.21223_BW8LWJ,269,FALSE,FALSE,Peru,Oxapampa,,,FALSE,,,,,,
BW8LWJ_Oxapampa_with_LB_control,72,3,potato,CIP316367.134,tubers,55370.3703703704,,TRUE,43333.3333333333,0,0,doi_10.21223_BW8LWJ,270,FALSE,FALSE,Peru,Oxapampa,,,FALSE,,,,,,
BW8LWJ_Oxapampa_with_LB_control,73,1,potato,CIP316367.147,tubers,47222.2222222222,,TRUE,39814.8148148148,0,0,doi_10.21223_BW8LWJ,271,FALSE,FALSE,Peru,Oxapampa,,,FALSE,,,,,,
BW8LWJ_Oxapampa_with_LB_control,74,2,potato,CIP316367.147,tubers,39629.6296296296,,TRUE,38148.1481481482,35,2.35294117647059,doi_10.21223_BW8LWJ,272,FALSE,FALSE,Peru,Oxapampa,,,FALSE,,,,,,
BW8LWJ_Oxapampa_with_LB_control,75,3,potato,CIP316367.147,tubers,44259.2592592593,,TRUE,41851.8518518519,0,0,doi_10.21223_BW8LWJ,273,FALSE,FALSE,Peru,Oxapampa,,,FALSE,,,,,,
BW8LWJ_Oxapampa_with_LB_control,76,1,potato,CIP316367.148,tubers,34259.2592592593,,TRUE,30000,0,0,doi_10.21223_BW8LWJ,274,FALSE,FALSE,Peru,Oxapampa,,,FALSE,,,,,,
BW8LWJ_Oxapampa_with_LB_control,77,2,potato,CIP316367.148,tubers,40740.7407407407,,TRUE,38703.7037037037,35,2.35294117647059,doi_10.21223_BW8LWJ,275,FALSE,FALSE,Peru,Oxapampa,,,FALSE,,,,,,
BW8LWJ_Oxapampa_with_LB_control,78,3,potato,CIP316367.148,tubers,41481.4814814815,,TRUE,36666.6666666667,0,0,doi_10.21223_BW8LWJ,276,FALSE,FALSE,Peru,Oxapampa,,,FALSE,,,,,,
BW8LWJ_Oxapampa_with_LB_control,79,1,potato,CIP316367.177,tubers,34629.6296296296,,TRUE,32037.037037037,0,0,doi_10.21223_BW8LWJ,277,FALSE,FALSE,Peru,Oxapampa,,,FALSE,,,,,,
BW8LWJ_Oxapampa_with_LB_control,80,2,potato,CIP316367.177,tubers,32037.037037037,,TRUE,27592.5925925926,52.5,3.52941176470588,doi_10.21223_BW8LWJ,278,FALSE,FALSE,Peru,Oxapampa,,,FALSE,,,,,,
BW8LWJ_Oxapampa_with_LB_control,81,3,potato,CIP316367.177,tubers,52777.7777777778,,TRUE,51111.1111111111,87.5,5.88235294117647,doi_10.21223_BW8LWJ,279,FALSE,FALSE,Peru,Oxapampa,,,FALSE,,,,,,
BW8LWJ_Oxapampa_with_LB_control,82,1,potato,CIP316375.101,tubers,28518.5185185185,,TRUE,26111.1111111111,0,0,doi_10.21223_BW8LWJ,280,FALSE,FALSE,Peru,Oxapampa,,,FALSE,,,,,,
BW8LWJ_Oxapampa_with_LB_control,83,2,potato,CIP316375.101,tubers,25370.3703703704,,TRUE,22037.037037037,70,4.70588235294118,doi_10.21223_BW8LWJ,281,FALSE,FALSE,Peru,Oxapampa,,,FALSE,,,,,,
BW8LWJ_Oxapampa_with_LB_control,84,3,potato,CIP316375.101,tubers,31666.6666666667,,TRUE,30185.1851851852,70,4.70588235294118,doi_10.21223_BW8LWJ,282,FALSE,FALSE,Peru,Oxapampa,,,FALSE,,,,,,
BW8LWJ_Oxapampa_with_LB_control,85,1,potato,CIP316375.102,tubers,50555.5555555556,,TRUE,47037.037037037,0,0,doi_10.21223_BW8LWJ,283,FALSE,FALSE,Peru,Oxapampa,,,FALSE,,,,,,
BW8LWJ_Oxapampa_with_LB_control,86,2,potato,CIP316375.102,tubers,56296.2962962963,,TRUE,51111.1111111111,0,0,doi_10.21223_BW8LWJ,284,FALSE,FALSE,Peru,Oxapampa,,,FALSE,,,,,,
BW8LWJ_Oxapampa_with_LB_control,87,3,potato,CIP316375.102,tubers,49444.4444444445,,TRUE,46666.6666666667,87.5,5.88235294117647,doi_10.21223_BW8LWJ,285,FALSE,FALSE,Peru,Oxapampa,,,FALSE,,,,,,
BW8LWJ_Oxapampa_with_LB_control,88,1,potato,CIP316387.156,tubers,24074.0740740741,,TRUE,20370.3703703704,0,0,doi_10.21223_BW8LWJ,286,FALSE,FALSE,Peru,Oxapampa,,,FALSE,,,,,,
BW8LWJ_Oxapampa_with_LB_control,89,2,potato,CIP316387.156,tubers,29259.2592592593,,TRUE,25740.7407407407,105,7.05882352941176,doi_10.21223_BW8LWJ,287,FALSE,FALSE,Peru,Oxapampa,,,FALSE,,,,,,
BW8LWJ_Oxapampa_with_LB_control,90,3,potato,CIP316387.156,tubers,17222.2222222222,,TRUE,14074.0740740741,0,0,doi_10.21223_BW8LWJ,288,FALSE,FALSE,Peru,Oxapampa,,,FALSE,,,,,,
BW8LWJ_Oxapampa_with_LB_control,91,1,potato,Amarilis,tubers,35925.9259259259,,TRUE,29444.4444444444,87.5,5.88235294117647,doi_10.21223_BW8LWJ,289,FALSE,FALSE,Peru,Oxapampa,,,FALSE,,,,,,
BW8LWJ_Oxapampa_with_LB_control,92,2,potato,Amarilis,tubers,38518.5185185185,,TRUE,33148.1481481482,0,0,doi_10.21223_BW8LWJ,290,FALSE,FALSE,Peru,Oxapampa,,,FALSE,,,,,,
BW8LWJ_Oxapampa_with_LB_control,93,3,potato,Amarilis,tubers,28888.8888888889,,TRUE,23518.5185185185,35,2.35294117647059,doi_10.21223_BW8LWJ,291,FALSE,FALSE,Peru,Oxapampa,,,FALSE,,,,,,
BW8LWJ_Oxapampa_with_LB_control,94,1,potato,Kory,tubers,32407.4074074074,,TRUE,23888.8888888889,70,4.70588235294118,doi_10.21223_BW8LWJ,292,FALSE,FALSE,Peru,Oxapampa,,,FALSE,,,,,,
BW8LWJ_Oxapampa_with_LB_control,95,2,potato,Kory,tubers,34814.8148148148,,TRUE,28888.8888888889,70,4.70588235294118,doi_10.21223_BW8LWJ,293,FALSE,FALSE,Peru,Oxapampa,,,FALSE,,,,,,
BW8LWJ_Oxapampa_with_LB_control,96,3,potato,Kory,tubers,29444.4444444444,,TRUE,23518.5185185185,70,4.70588235294118,doi_10.21223_BW8LWJ,294,FALSE,FALSE,Peru,Oxapampa,,,FALSE,,,,,,
BW8LWJ_Oxapampa_with_LB_control,97,1,potato,Yungay,tubers,42222.2222222222,,TRUE,24629.6296296296,89.25,6,doi_10.21223_BW8LWJ,295,FALSE,FALSE,Peru,Oxapampa,,,FALSE,,,,,,
BW8LWJ_Oxapampa_with_LB_control,98,2,potato,Yungay,tubers,53333.3333333333,,TRUE,39814.8148148148,54.25,6,doi_10.21223_BW8LWJ,296,FALSE,FALSE,Peru,Oxapampa,,,FALSE,,,,,,
BW8LWJ_Oxapampa_with_LB_control,99,3,potato,Yungay,tubers,33888.8888888889,,TRUE,21666.6666666667,54.25,6,doi_10.21223_BW8LWJ,297,FALSE,FALSE,Peru,Oxapampa,,,FALSE,,,,,,
BW8LWJ_Huanuco_with_LB_control,100,1,potato,Amarilis,tubers,52962.962962963,,TRUE,49629.6296296296,35,4,doi_10.21223_BW8LWJ,298,FALSE,FALSE,Peru,Huanuco,,,FALSE,,,,,,
BW8LWJ_Huanuco_with_LB_control,101,2,potato,Amarilis,tubers,55740.7407407407,,TRUE,46111.1111111111,17.5,2,doi_10.21223_BW8LWJ,299,FALSE,FALSE,Peru,Huanuco,,,FALSE,,,,,,
BW8LWJ_Huanuco_with_LB_control,102,3,potato,Amarilis,tubers,57777.7777777778,,TRUE,49629.6296296296,35,4,doi_10.21223_BW8LWJ,300,FALSE,FALSE,Peru,Huanuco,,,FALSE,,,,,,
BW8LWJ_Huanuco_with_LB_control,103,3,potato,CIP316344.165,tubers,37407.4074074074,,TRUE,21851.8518518519,0,0,doi_10.21223_BW8LWJ,301,FALSE,FALSE,Peru,Huanuco,,,FALSE,,,,,,
BW8LWJ_Huanuco_with_LB_control,104,1,potato,CIP316344.165,tubers,27407.4074074074,,TRUE,20925.9259259259,0,0,doi_10.21223_BW8LWJ,302,FALSE,FALSE,Peru,Huanuco,,,FALSE,,,,,,
BW8LWJ_Huanuco_with_LB_control,105,2,potato,CIP316344.165,tubers,33888.8888888889,,TRUE,32592.5925925926,0,0,doi_10.21223_BW8LWJ,303,FALSE,FALSE,Peru,Huanuco,,,FALSE,,,,,,
BW8LWJ_Huanuco_with_LB_control,106,3,potato,CIP316346.204,tubers,64074.0740740741,,TRUE,57962.962962963,0,0,doi_10.21223_BW8LWJ,304,FALSE,FALSE,Peru,Huanuco,,,FALSE,,,,,,
BW8LWJ_Huanuco_with_LB_control,107,1,potato,CIP316346.204,tubers,57592.5925925926,,TRUE,49444.4444444445,0,0,doi_10.21223_BW8LWJ,305,FALSE,FALSE,Peru,Huanuco,,,FALSE,,,,,,
BW8LWJ_Huanuco_with_LB_control,108,2,potato,CIP316346.204,tubers,62037.037037037,,TRUE,57777.7777777778,0,0,doi_10.21223_BW8LWJ,306,FALSE,FALSE,Peru,Huanuco,,,FALSE,,,,,,
BW8LWJ_Huanuco_with_LB_control,109,3,potato,CIP316352.122,tubers,54074.0740740741,,TRUE,51296.2962962963,0,0,doi_10.21223_BW8LWJ,307,FALSE,FALSE,Peru,Huanuco,,,FALSE,,,,,,
BW8LWJ_Huanuco_with_LB_control,110,1,potato,CIP316352.122,tubers,59629.6296296296,,TRUE,56481.4814814815,0,0,doi_10.21223_BW8LWJ,308,FALSE,FALSE,Peru,Huanuco,,,FALSE,,,,,,
BW8LWJ_Huanuco_with_LB_control,111,2,potato,CIP316352.122,tubers,45000,,TRUE,43518.5185185185,0,0,doi_10.21223_BW8LWJ,309,FALSE,FALSE,Peru,Huanuco,,,FALSE,,,,,,
BW8LWJ_Huanuco_with_LB_control,112,3,potato,CIP316352.152,tubers,52592.5925925926,,TRUE,29444.4444444444,0,0,doi_10.21223_BW8LWJ,310,FALSE,FALSE,Peru,Huanuco,,,FALSE,,,,,,
BW8LWJ_Huanuco_with_LB_control,113,1,potato,CIP316352.152,tubers,56296.2962962963,,TRUE,48333.3333333333,0,0,doi_10.21223_BW8LWJ,311,FALSE,FALSE,Peru,Huanuco,,,FALSE,,,,,,
BW8LWJ_Huanuco_with_LB_control,114,2,potato,CIP316352.152,tubers,47962.962962963,,TRUE,44814.8148148148,0,0,doi_10.21223_BW8LWJ,312,FALSE,FALSE,Peru,Huanuco,,,FALSE,,,,,,
BW8LWJ_Huanuco_with_LB_control,115,3,potato,CIP316353.148,tubers,62407.4074074074,,TRUE,57777.7777777778,0,0,doi_10.21223_BW8LWJ,313,FALSE,FALSE,Peru,Huanuco,,,FALSE,,,,,,
BW8LWJ_Huanuco_with_LB_control,116,1,potato,CIP316353.148,tubers,72222.2222222222,,TRUE,65370.3703703704,0,0,doi_10.21223_BW8LWJ,314,FALSE,FALSE,Peru,Huanuco,,,FALSE,,,,,,
BW8LWJ_Huanuco_with_LB_control,117,2,potato,CIP316353.148,tubers,50555.5555555556,,TRUE,38148.1481481482,0,0,doi_10.21223_BW8LWJ,315,FALSE,FALSE,Peru,Huanuco,,,FALSE,,,,,,
BW8LWJ_Huanuco_with_LB_control,118,3,potato,CIP316353.741,tubers,72037.037037037,,TRUE,57777.7777777778,0,0,doi_10.21223_BW8LWJ,316,FALSE,FALSE,Peru,Huanuco,,,FALSE,,,,,,
BW8LWJ_Huanuco_with_LB_control,119,1,potato,CIP316353.741,tubers,59629.6296296296,,TRUE,36111.1111111111,0,0,doi_10.21223_BW8LWJ,317,FALSE,FALSE,Peru,Huanuco,,,FALSE,,,,,,
BW8LWJ_Huanuco_with_LB_control,120,2,potato,CIP316353.741,tubers,47407.4074074074,,TRUE,35370.3703703704,0,0,doi_10.21223_BW8LWJ,318,FALSE,FALSE,Peru,Huanuco,,,FALSE,,,,,,
BW8LWJ_Huanuco_with_LB_control,121,3,potato,CIP316354.112,tubers,80555.5555555556,,TRUE,73148.1481481482,0,0,doi_10.21223_BW8LWJ,319,FALSE,FALSE,Peru,Huanuco,,,FALSE,,,,,,
BW8LWJ_Huanuco_with_LB_control,122,1,potato,CIP316354.112,tubers,56481.4814814815,,TRUE,45370.3703703704,0,0,doi_10.21223_BW8LWJ,320,FALSE,FALSE,Peru,Huanuco,,,FALSE,,,,,,
BW8LWJ_Huanuco_with_LB_control,123,2,potato,CIP316354.112,tubers,57962.962962963,,TRUE,52037.037037037,0,0,doi_10.21223_BW8LWJ,321,FALSE,FALSE,Peru,Huanuco,,,FALSE,,,,,,
BW8LWJ_Huanuco_with_LB_control,124,3,potato,CIP316354.169,tubers,70370.3703703704,,TRUE,65000,0,0,doi_10.21223_BW8LWJ,322,FALSE,FALSE,Peru,Huanuco,,,FALSE,,,,,,
BW8LWJ_Huanuco_with_LB_control,125,1,potato,CIP316354.169,tubers,77962.962962963,,TRUE,68333.3333333333,0,0,doi_10.21223_BW8LWJ,323,FALSE,FALSE,Peru,Huanuco,,,FALSE,,,,,,
BW8LWJ_Huanuco_with_LB_control,126,2,potato,CIP316354.169,tubers,31851.8518518519,,TRUE,28518.5185185185,0,0,doi_10.21223_BW8LWJ,324,FALSE,FALSE,Peru,Huanuco,,,FALSE,,,,,,
BW8LWJ_Huanuco_with_LB_control,127,3,potato,CIP316355.162,tubers,56851.8518518519,,TRUE,53518.5185185185,0,0,doi_10.21223_BW8LWJ,325,FALSE,FALSE,Peru,Huanuco,,,FALSE,,,,,,
BW8LWJ_Huanuco_with_LB_control,128,1,potato,CIP316355.162,tubers,70555.5555555556,,TRUE,64814.8148148148,0,0,doi_10.21223_BW8LWJ,326,FALSE,FALSE,Peru,Huanuco,,,FALSE,,,,,,
BW8LWJ_Huanuco_with_LB_control,129,2,potato,CIP316355.162,tubers,57592.5925925926,,TRUE,55185.1851851852,0,0,doi_10.21223_BW8LWJ,327,FALSE,FALSE,Peru,Huanuco,,,FALSE,,,,,,
BW8LWJ_Huanuco_with_LB_control,130,3,potato,CIP316356.149,tubers,62407.4074074074,,TRUE,60370.3703703704,0,0,doi_10.21223_BW8LWJ,328,FALSE,FALSE,Peru,Huanuco,,,FALSE,,,,,,
BW8LWJ_Huanuco_with_LB_control,131,1,potato,CIP316356.149,tubers,67222.2222222222,,TRUE,62222.2222222222,0,0,doi_10.21223_BW8LWJ,329,FALSE,FALSE,Peru,Huanuco,,,FALSE,,,,,,
BW8LWJ_Huanuco_with_LB_control,132,2,potato,CIP316356.149,tubers,58518.5185185185,,TRUE,48703.7037037037,0,0,doi_10.21223_BW8LWJ,330,FALSE,FALSE,Peru,Huanuco,,,FALSE,,,,,,
BW8LWJ_Huanuco_with_LB_control,133,3,potato,CIP316358.214,tubers,50925.9259259259,,TRUE,47407.4074074074,0,0,doi_10.21223_BW8LWJ,331,FALSE,FALSE,Peru,Huanuco,,,FALSE,,,,,,
BW8LWJ_Huanuco_with_LB_control,134,1,potato,CIP316358.214,tubers,73518.5185185185,,TRUE,65555.5555555556,0,0,doi_10.21223_BW8LWJ,332,FALSE,FALSE,Peru,Huanuco,,,FALSE,,,,,,
BW8LWJ_Huanuco_with_LB_control,135,2,potato,CIP316358.214,tubers,48888.8888888889,,TRUE,45185.1851851852,0,0,doi_10.21223_BW8LWJ,333,FALSE,FALSE,Peru,Huanuco,,,FALSE,,,,,,
BW8LWJ_Huanuco_with_LB_control,136,3,potato,CIP316360.241,tubers,58333.3333333333,,TRUE,42407.4074074074,0,0,doi_10.21223_BW8LWJ,334,FALSE,FALSE,Peru,Huanuco,,,FALSE,,,,,,
BW8LWJ_Huanuco_with_LB_control,137,1,potato,CIP316360.241,tubers,51481.4814814815,,TRUE,45740.7407407407,0,0,doi_10.21223_BW8LWJ,335,FALSE,FALSE,Peru,Huanuco,,,FALSE,,,,,,
BW8LWJ_Huanuco_with_LB_control,138,2,potato,CIP316360.241,tubers,47407.4074074074,,TRUE,38333.3333333333,0,0,doi_10.21223_BW8LWJ,336,FALSE,FALSE,Peru,Huanuco,,,FALSE,,,,,,
BW8LWJ_Huanuco_with_LB_control,139,3,potato,CIP316361.118,tubers,78888.8888888889,,TRUE,57037.037037037,0,0,doi_10.21223_BW8LWJ,337,FALSE,FALSE,Peru,Huanuco,,,FALSE,,,,,,
BW8LWJ_Huanuco_with_LB_control,140,1,potato,CIP316361.118,tubers,73703.7037037037,,TRUE,57777.7777777778,0,0,doi_10.21223_BW8LWJ,338,FALSE,FALSE,Peru,Huanuco,,,FALSE,,,,,,
BW8LWJ_Huanuco_with_LB_control,141,2,potato,CIP316361.118,tubers,57592.5925925926,,TRUE,50370.3703703704,0,0,doi_10.21223_BW8LWJ,339,FALSE,FALSE,Peru,Huanuco,,,FALSE,,,,,,
BW8LWJ_Huanuco_with_LB_control,142,3,potato,CIP316361.121,tubers,31851.8518518519,,TRUE,26111.1111111111,0,0,doi_10.21223_BW8LWJ,340,FALSE,FALSE,Peru,Huanuco,,,FALSE,,,,,,
BW8LWJ_Huanuco_with_LB_control,143,1,potato,CIP316361.121,tubers,40555.5555555556,,TRUE,32962.962962963,0,0,doi_10.21223_BW8LWJ,341,FALSE,FALSE,Peru,Huanuco,,,FALSE,,,,,,
BW8LWJ_Huanuco_with_LB_control,144,2,potato,CIP316361.121,tubers,29259.2592592593,,TRUE,26296.2962962963,0,0,doi_10.21223_BW8LWJ,342,FALSE,FALSE,Peru,Huanuco,,,FALSE,,,,,,
BW8LWJ_Huanuco_with_LB_control,145,3,potato,CIP316361.158,tubers,62777.7777777778,,TRUE,58333.3333333333,0,0,doi_10.21223_BW8LWJ,343,FALSE,FALSE,Peru,Huanuco,,,FALSE,,,,,,
BW8LWJ_Huanuco_with_LB_control,146,1,potato,CIP316361.158,tubers,49814.8148148148,,TRUE,43518.5185185185,0,0,doi_10.21223_BW8LWJ,344,FALSE,FALSE,Peru,Huanuco,,,FALSE,,,,,,
BW8LWJ_Huanuco_with_LB_control,147,2,potato,CIP316361.158,tubers,28888.8888888889,,TRUE,24814.8148148148,0,0,doi_10.21223_BW8LWJ,345,FALSE,FALSE,Peru,Huanuco,,,FALSE,,,,,,
BW8LWJ_Huanuco_with_LB_control,148,3,potato,CIP316361.187,tubers,60925.9259259259,,TRUE,58333.3333333333,0,0,doi_10.21223_BW8LWJ,346,FALSE,FALSE,Peru,Huanuco,,,FALSE,,,,,,
BW8LWJ_Huanuco_with_LB_control,149,1,potato,CIP316361.187,tubers,72777.7777777778,,TRUE,71481.4814814815,0,0,doi_10.21223_BW8LWJ,347,FALSE,FALSE,Peru,Huanuco,,,FALSE,,,,,,
BW8LWJ_Huanuco_with_LB_control,150,2,potato,CIP316361.187,tubers,60370.3703703704,,TRUE,59074.0740740741,0,0,doi_10.21223_BW8LWJ,348,FALSE,FALSE,Peru,Huanuco,,,FALSE,,,,,,
BW8LWJ_Huanuco_with_LB_control,151,3,potato,CIP316361.190,tubers,82222.2222222222,,TRUE,59074.0740740741,0,0,doi_10.21223_BW8LWJ,349,FALSE,FALSE,Peru,Huanuco,,,FALSE,,,,,,
BW8LWJ_Huanuco_with_LB_control,152,1,potato,CIP316361.190,tubers,85555.5555555556,,TRUE,52777.7777777778,0,0,doi_10.21223_BW8LWJ,350,FALSE,FALSE,Peru,Huanuco,,,FALSE,,,,,,
BW8LWJ_Huanuco_with_LB_control,153,2,potato,CIP316361.190,tubers,58888.8888888889,,TRUE,31111.1111111111,0,0,doi_10.21223_BW8LWJ,351,FALSE,FALSE,Peru,Huanuco,,,FALSE,,,,,,
BW8LWJ_Huanuco_with_LB_control,154,3,potato,CIP316361.191,tubers,68703.7037037037,,TRUE,57407.4074074074,0,0,doi_10.21223_BW8LWJ,352,FALSE,FALSE,Peru,Huanuco,,,FALSE,,,,,,
BW8LWJ_Huanuco_with_LB_control,155,1,potato,CIP316361.191,tubers,71481.4814814815,,TRUE,52777.7777777778,0,0,doi_10.21223_BW8LWJ,353,FALSE,FALSE,Peru,Huanuco,,,FALSE,,,,,,
BW8LWJ_Huanuco_with_LB_control,156,2,potato,CIP316361.191,tubers,80185.1851851852,,TRUE,65925.9259259259,0,0,doi_10.21223_BW8LWJ,354,FALSE,FALSE,Peru,Huanuco,,,FALSE,,,,,,
BW8LWJ_Huanuco_with_LB_control,157,3,potato,CIP316361.209,tubers,34074.0740740741,,TRUE,23703.7037037037,0,0,doi_10.21223_BW8LWJ,355,FALSE,FALSE,Peru,Huanuco,,,FALSE,,,,,,
BW8LWJ_Huanuco_with_LB_control,158,1,potato,CIP316361.209,tubers,37777.7777777778,,TRUE,27962.962962963,0,0,doi_10.21223_BW8LWJ,356,FALSE,FALSE,Peru,Huanuco,,,FALSE,,,,,,
BW8LWJ_Huanuco_with_LB_control,159,2,potato,CIP316361.209,tubers,44814.8148148148,,TRUE,35925.9259259259,0,0,doi_10.21223_BW8LWJ,357,FALSE,FALSE,Peru,Huanuco,,,FALSE,,,,,,
BW8LWJ_Huanuco_with_LB_control,160,3,potato,CIP316361.244,tubers,45370.3703703704,,TRUE,28888.8888888889,0,0,doi_10.21223_BW8LWJ,358,FALSE,FALSE,Peru,Huanuco,,,FALSE,,,,,,
BW8LWJ_Huanuco_with_LB_control,161,1,potato,CIP316361.244,tubers,50185.1851851852,,TRUE,38703.7037037037,0,0,doi_10.21223_BW8LWJ,359,FALSE,FALSE,Peru,Huanuco,,,FALSE,,,,,,
BW8LWJ_Huanuco_with_LB_control,162,2,potato,CIP316361.244,tubers,41296.2962962963,,TRUE,30740.7407407407,0,0,doi_10.21223_BW8LWJ,360,FALSE,FALSE,Peru,Huanuco,,,FALSE,,,,,,
BW8LWJ_Huanuco_with_LB_control,163,3,potato,CIP316365.166,tubers,42037.037037037,,TRUE,34259.2592592593,0,0,doi_10.21223_BW8LWJ,361,FALSE,FALSE,Peru,Huanuco,,,FALSE,,,,,,
BW8LWJ_Huanuco_with_LB_control,164,1,potato,CIP316365.166,tubers,35000,,TRUE,30925.9259259259,0,0,doi_10.21223_BW8LWJ,362,FALSE,FALSE,Peru,Huanuco,,,FALSE,,,,,,
BW8LWJ_Huanuco_with_LB_control,165,2,potato,CIP316365.166,tubers,40925.9259259259,,TRUE,32407.4074074074,0,0,doi_10.21223_BW8LWJ,363,FALSE,FALSE,Peru,Huanuco,,,FALSE,,,,,,
BW8LWJ_Huanuco_with_LB_control,166,3,potato,CIP316367.117,tubers,66111.1111111111,,TRUE,59814.8148148148,0,0,doi_10.21223_BW8LWJ,364,FALSE,FALSE,Peru,Huanuco,,,FALSE,,,,,,
BW8LWJ_Huanuco_with_LB_control,167,1,potato,CIP316367.117,tubers,64629.6296296296,,TRUE,55555.5555555556,0,0,doi_10.21223_BW8LWJ,365,FALSE,FALSE,Peru,Huanuco,,,FALSE,,,,,,
BW8LWJ_Huanuco_with_LB_control,168,2,potato,CIP316367.117,tubers,58888.8888888889,,TRUE,58888.8888888889,0,0,doi_10.21223_BW8LWJ,366,FALSE,FALSE,Peru,Huanuco,,,FALSE,,,,,,
BW8LWJ_Huanuco_with_LB_control,169,3,potato,CIP316367.132,tubers,92592.5925925926,,TRUE,65370.3703703704,0,0,doi_10.21223_BW8LWJ,367,FALSE,FALSE,Peru,Huanuco,,,FALSE,,,,,,
BW8LWJ_Huanuco_with_LB_control,170,1,potato,CIP316367.132,tubers,73148.1481481482,,TRUE,63148.1481481482,0,0,doi_10.21223_BW8LWJ,368,FALSE,FALSE,Peru,Huanuco,,,FALSE,,,,,,
BW8LWJ_Huanuco_with_LB_control,171,2,potato,CIP316367.132,tubers,61666.6666666667,,TRUE,56666.6666666667,0,0,doi_10.21223_BW8LWJ,369,FALSE,FALSE,Peru,Huanuco,,,FALSE,,,,,,
BW8LWJ_Huanuco_with_LB_control,172,3,potato,CIP316367.134,tubers,107592.592592593,,TRUE,80740.7407407407,0,0,doi_10.21223_BW8LWJ,370,FALSE,FALSE,Peru,Huanuco,,,FALSE,,,,,,
BW8LWJ_Huanuco_with_LB_control,173,1,potato,CIP316367.134,tubers,58333.3333333333,,TRUE,55000,0,0,doi_10.21223_BW8LWJ,371,FALSE,FALSE,Peru,Huanuco,,,FALSE,,,,,,
BW8LWJ_Huanuco_with_LB_control,174,2,potato,CIP316367.134,tubers,65185.1851851852,,TRUE,56296.2962962963,0,0,doi_10.21223_BW8LWJ,372,FALSE,FALSE,Peru,Huanuco,,,FALSE,,,,,,
BW8LWJ_Huanuco_with_LB_control,175,1,potato,CIP316367.147,tubers,74629.6296296296,,TRUE,71111.1111111111,0,0,doi_10.21223_BW8LWJ,373,FALSE,FALSE,Peru,Huanuco,,,FALSE,,,,,,
BW8LWJ_Huanuco_with_LB_control,176,2,potato,CIP316367.147,tubers,79074.0740740741,,TRUE,66851.8518518519,0,0,doi_10.21223_BW8LWJ,374,FALSE,FALSE,Peru,Huanuco,,,FALSE,,,,,,
BW8LWJ_Huanuco_with_LB_control,177,3,potato,CIP316367.147,tubers,70740.7407407407,,TRUE,62037.037037037,0,0,doi_10.21223_BW8LWJ,375,FALSE,FALSE,Peru,Huanuco,,,FALSE,,,,,,
BW8LWJ_Huanuco_with_LB_control,178,3,potato,CIP316367.148,tubers,64259.2592592593,,TRUE,56296.2962962963,0,0,doi_10.21223_BW8LWJ,376,FALSE,FALSE,Peru,Huanuco,,,FALSE,,,,,,
BW8LWJ_Huanuco_with_LB_control,179,1,potato,CIP316367.148,tubers,74444.4444444444,,TRUE,61111.1111111111,0,0,doi_10.21223_BW8LWJ,377,FALSE,FALSE,Peru,Huanuco,,,FALSE,,,,,,
BW8LWJ_Huanuco_with_LB_control,180,2,potato,CIP316367.148,tubers,69814.8148148148,,TRUE,67037.037037037,0,0,doi_10.21223_BW8LWJ,378,FALSE,FALSE,Peru,Huanuco,,,FALSE,,,,,,
BW8LWJ_Huanuco_with_LB_control,181,3,potato,CIP316367.177,tubers,75555.5555555556,,TRUE,60000,0,0,doi_10.21223_BW8LWJ,379,FALSE,FALSE,Peru,Huanuco,,,FALSE,,,,,,
BW8LWJ_Huanuco_with_LB_control,182,1,potato,CIP316367.177,tubers,82037.0370370371,,TRUE,76111.1111111111,0,0,doi_10.21223_BW8LWJ,380,FALSE,FALSE,Peru,Huanuco,,,FALSE,,,,,,
BW8LWJ_Huanuco_with_LB_control,183,2,potato,CIP316367.177,tubers,53703.7037037037,,TRUE,46111.1111111111,0,0,doi_10.21223_BW8LWJ,381,FALSE,FALSE,Peru,Huanuco,,,FALSE,,,,,,
BW8LWJ_Huanuco_with_LB_control,184,3,potato,CIP316375.101,tubers,65740.7407407407,,TRUE,48333.3333333333,0,0,doi_10.21223_BW8LWJ,382,FALSE,FALSE,Peru,Huanuco,,,FALSE,,,,,,
BW8LWJ_Huanuco_with_LB_control,185,1,potato,CIP316375.101,tubers,60185.1851851852,,TRUE,50000,0,0,doi_10.21223_BW8LWJ,383,FALSE,FALSE,Peru,Huanuco,,,FALSE,,,,,,
BW8LWJ_Huanuco_with_LB_control,186,2,potato,CIP316375.101,tubers,73148.1481481482,,TRUE,53333.3333333333,0,0,doi_10.21223_BW8LWJ,384,FALSE,FALSE,Peru,Huanuco,,,FALSE,,,,,,
BW8LWJ_Huanuco_with_LB_control,187,3,potato,CIP316375.102,tubers,97407.4074074074,,TRUE,75370.3703703704,0,0,doi_10.21223_BW8LWJ,385,FALSE,FALSE,Peru,Huanuco,,,FALSE,,,,,,
BW8LWJ_Huanuco_with_LB_control,188,1,potato,CIP316375.102,tubers,72962.962962963,,TRUE,66481.4814814815,0,0,doi_10.21223_BW8LWJ,386,FALSE,FALSE,Peru,Huanuco,,,FALSE,,,,,,
BW8LWJ_Huanuco_with_LB_control,189,2,potato,CIP316375.102,tubers,84259.2592592593,,TRUE,59259.2592592593,0,0,doi_10.21223_BW8LWJ,387,FALSE,FALSE,Peru,Huanuco,,,FALSE,,,,,,
BW8LWJ_Huanuco_with_LB_control,190,3,potato,CIP316387.156,tubers,58148.1481481482,,TRUE,53518.5185185185,0,0,doi_10.21223_BW8LWJ,388,FALSE,FALSE,Peru,Huanuco,,,FALSE,,,,,,
BW8LWJ_Huanuco_with_LB_control,191,1,potato,CIP316387.156,tubers,50000,,TRUE,47222.2222222222,0,0,doi_10.21223_BW8LWJ,389,FALSE,FALSE,Peru,Huanuco,,,FALSE,,,,,,
BW8LWJ_Huanuco_with_LB_control,192,2,potato,CIP316387.156,tubers,49814.8148148148,,TRUE,45925.9259259259,0,0,doi_10.21223_BW8LWJ,390,FALSE,FALSE,Peru,Huanuco,,,FALSE,,,,,,
BW8LWJ_Huanuco_with_LB_control,193,1,potato,Kory,tubers,67592.5925925926,,TRUE,45000,0,0,doi_10.21223_BW8LWJ,391,FALSE,FALSE,Peru,Huanuco,,,FALSE,,,,,,
BW8LWJ_Huanuco_with_LB_control,194,2,potato,Kory,tubers,62407.4074074074,,TRUE,40000,0,0,doi_10.21223_BW8LWJ,392,FALSE,FALSE,Peru,Huanuco,,,FALSE,,,,,,
BW8LWJ_Huanuco_with_LB_control,195,3,potato,Kory,tubers,64814.8148148148,,TRUE,40555.5555555556,17.5,2,doi_10.21223_BW8LWJ,393,FALSE,FALSE,Peru,Huanuco,,,FALSE,,,,,,
BW8LWJ_Huanuco_with_LB_control,196,1,potato,Yungay,tubers,58148.1481481482,,TRUE,38518.5185185185,35,6,doi_10.21223_BW8LWJ,394,FALSE,FALSE,Peru,Huanuco,,,FALSE,,,,,,
BW8LWJ_Huanuco_with_LB_control,197,2,potato,Yungay,tubers,56481.4814814815,,TRUE,47037.037037037,52.5,6,doi_10.21223_BW8LWJ,395,FALSE,FALSE,Peru,Huanuco,,,FALSE,,,,,,
BW8LWJ_Huanuco_with_LB_control,198,3,potato,Yungay,tubers,65185.1851851852,,TRUE,50740.7407407407,17.5,6,doi_10.21223_BW8LWJ,396,FALSE,FALSE,Peru,Huanuco,,,FALSE,,,,,,
BW8LWJ_Oxapampa_phenotypic_stability,1,1,potato,CIP316344.165,tubers,31296.2962962963,,TRUE,25740.7407407407,35,2.35294117647059,doi_10.21223_BW8LWJ,397,FALSE,FALSE,Peru,Oxapampa,,,FALSE,,,,,,
BW8LWJ_Oxapampa_phenotypic_stability,2,2,potato,CIP316344.165,tubers,42407.4074074074,,TRUE,35925.9259259259,36.75,2.47058823529412,doi_10.21223_BW8LWJ,398,FALSE,FALSE,Peru,Oxapampa,,,FALSE,,,,,,
BW8LWJ_Oxapampa_phenotypic_stability,3,3,potato,CIP316344.165,tubers,31851.8518518519,,TRUE,24814.8148148148,0,0,doi_10.21223_BW8LWJ,399,FALSE,FALSE,Peru,Oxapampa,,,FALSE,,,,,,
BW8LWJ_Oxapampa_phenotypic_stability,4,1,potato,CIP316346.204,tubers,58333.3333333333,,TRUE,56481.4814814815,70,4.70588235294118,doi_10.21223_BW8LWJ,400,FALSE,FALSE,Peru,Oxapampa,,,FALSE,,,,,,
BW8LWJ_Oxapampa_phenotypic_stability,5,2,potato,CIP316346.204,tubers,44814.8148148148,,TRUE,44814.8148148148,35,2.35294117647059,doi_10.21223_BW8LWJ,401,FALSE,FALSE,Peru,Oxapampa,,,FALSE,,,,,,
BW8LWJ_Oxapampa_phenotypic_stability,6,3,potato,CIP316346.204,tubers,56481.4814814815,,TRUE,53888.8888888889,70,4.70588235294118,doi_10.21223_BW8LWJ,402,FALSE,FALSE,Peru,Oxapampa,,,FALSE,,,,,,
BW8LWJ_Oxapampa_phenotypic_stability,7,1,potato,CIP316352.122,tubers,47592.5925925926,,TRUE,41481.4814814815,17.5,1.17647058823529,doi_10.21223_BW8LWJ,403,FALSE,FALSE,Peru,Oxapampa,,,FALSE,,,,,,
BW8LWJ_Oxapampa_phenotypic_stability,8,2,potato,CIP316352.122,tubers,36666.6666666667,,TRUE,32962.962962963,52.5,3.52941176470588,doi_10.21223_BW8LWJ,404,FALSE,FALSE,Peru,Oxapampa,,,FALSE,,,,,,
BW8LWJ_Oxapampa_phenotypic_stability,9,3,potato,CIP316352.122,tubers,40925.9259259259,,TRUE,37037.037037037,52.5,3.52941176470588,doi_10.21223_BW8LWJ,405,FALSE,FALSE,Peru,Oxapampa,,,FALSE,,,,,,
BW8LWJ_Oxapampa_phenotypic_stability,10,1,potato,CIP316352.152,tubers,26296.2962962963,,TRUE,19259.2592592593,35,2.35294117647059,doi_10.21223_BW8LWJ,406,FALSE,FALSE,Peru,Oxapampa,,,FALSE,,,,,,
BW8LWJ_Oxapampa_phenotypic_stability,11,2,potato,CIP316352.152,tubers,35370.3703703704,,TRUE,25740.7407407407,35,2.35294117647059,doi_10.21223_BW8LWJ,407,FALSE,FALSE,Peru,Oxapampa,,,FALSE,,,,,,
BW8LWJ_Oxapampa_phenotypic_stability,12,3,potato,CIP316352.152,tubers,26666.6666666667,,TRUE,22962.962962963,0,0,doi_10.21223_BW8LWJ,408,FALSE,FALSE,Peru,Oxapampa,,,FALSE,,,,,,
BW8LWJ_Oxapampa_phenotypic_stability,13,1,potato,CIP316353.148,tubers,38518.5185185185,,TRUE,37592.5925925926,0,0,doi_10.21223_BW8LWJ,409,FALSE,FALSE,Peru,Oxapampa,,,FALSE,,,,,,
BW8LWJ_Oxapampa_phenotypic_stability,14,2,potato,CIP316353.148,tubers,36296.2962962963,,TRUE,35555.5555555556,0,0,doi_10.21223_BW8LWJ,410,FALSE,FALSE,Peru,Oxapampa,,,FALSE,,,,,,
BW8LWJ_Oxapampa_phenotypic_stability,15,3,potato,CIP316353.148,tubers,38333.3333333333,,TRUE,35555.5555555556,87.5,5.88235294117647,doi_10.21223_BW8LWJ,411,FALSE,FALSE,Peru,Oxapampa,,,FALSE,,,,,,
BW8LWJ_Oxapampa_phenotypic_stability,16,1,potato,CIP316353.741,tubers,41481.4814814815,,TRUE,37037.037037037,17.5,1.17647058823529,doi_10.21223_BW8LWJ,412,FALSE,FALSE,Peru,Oxapampa,,,FALSE,,,,,,
BW8LWJ_Oxapampa_phenotypic_stability,17,2,potato,CIP316353.741,tubers,39814.8148148148,,TRUE,35740.7407407407,70,4.70588235294118,doi_10.21223_BW8LWJ,413,FALSE,FALSE,Peru,Oxapampa,,,FALSE,,,,,,
BW8LWJ_Oxapampa_phenotypic_stability,18,3,potato,CIP316353.741,tubers,37407.4074074074,,TRUE,35000,0,0,doi_10.21223_BW8LWJ,414,FALSE,FALSE,Peru,Oxapampa,,,FALSE,,,,,,
BW8LWJ_Oxapampa_phenotypic_stability,19,1,potato,CIP316354.112,tubers,47592.5925925926,,TRUE,37592.5925925926,0,0,doi_10.21223_BW8LWJ,415,FALSE,FALSE,Peru,Oxapampa,,,FALSE,,,,,,
BW8LWJ_Oxapampa_phenotypic_stability,20,2,potato,CIP316354.112,tubers,36851.8518518519,,TRUE,31666.6666666667,35,2.35294117647059,doi_10.21223_BW8LWJ,416,FALSE,FALSE,Peru,Oxapampa,,,FALSE,,,,,,
BW8LWJ_Oxapampa_phenotypic_stability,21,3,potato,CIP316354.112,tubers,31111.1111111111,,TRUE,26296.2962962963,0,0,doi_10.21223_BW8LWJ,417,FALSE,FALSE,Peru,Oxapampa,,,FALSE,,,,,,
BW8LWJ_Oxapampa_phenotypic_stability,22,1,potato,CIP316354.169,tubers,23888.8888888889,,TRUE,20555.5555555556,0,0,doi_10.21223_BW8LWJ,418,FALSE,FALSE,Peru,Oxapampa,,,FALSE,,,,,,
BW8LWJ_Oxapampa_phenotypic_stability,23,2,potato,CIP316354.169,tubers,39814.8148148148,,TRUE,33703.7037037037,35,2.35294117647059,doi_10.21223_BW8LWJ,419,FALSE,FALSE,Peru,Oxapampa,,,FALSE,,,,,,
BW8LWJ_Oxapampa_phenotypic_stability,24,3,potato,CIP316354.169,tubers,36851.8518518519,,TRUE,34814.8148148148,0,0,doi_10.21223_BW8LWJ,420,FALSE,FALSE,Peru,Oxapampa,,,FALSE,,,,,,
BW8LWJ_Oxapampa_phenotypic_stability,25,1,potato,CIP316355.162,tubers,40185.1851851852,,TRUE,33888.8888888889,17.5,1.17647058823529,doi_10.21223_BW8LWJ,421,FALSE,FALSE,Peru,Oxapampa,,,FALSE,,,,,,
BW8LWJ_Oxapampa_phenotypic_stability,26,2,potato,CIP316355.162,tubers,35925.9259259259,,TRUE,33518.5185185185,54.25,3.64705882352941,doi_10.21223_BW8LWJ,422,FALSE,FALSE,Peru,Oxapampa,,,FALSE,,,,,,
BW8LWJ_Oxapampa_phenotypic_stability,27,3,potato,CIP316355.162,tubers,53888.8888888889,,TRUE,50740.7407407407,35,2.35294117647059,doi_10.21223_BW8LWJ,423,FALSE,FALSE,Peru,Oxapampa,,,FALSE,,,,,,
BW8LWJ_Oxapampa_phenotypic_stability,28,1,potato,CIP316356.149,tubers,54629.6296296297,,TRUE,49814.8148148148,0,0,doi_10.21223_BW8LWJ,424,FALSE,FALSE,Peru,Oxapampa,,,FALSE,,,,,,
BW8LWJ_Oxapampa_phenotypic_stability,29,2,potato,CIP316356.149,tubers,46851.8518518519,,TRUE,44259.2592592593,35,2.35294117647059,doi_10.21223_BW8LWJ,425,FALSE,FALSE,Peru,Oxapampa,,,FALSE,,,,,,
BW8LWJ_Oxapampa_phenotypic_stability,30,3,potato,CIP316356.149,tubers,41666.6666666667,,TRUE,39629.6296296296,35,2.35294117647059,doi_10.21223_BW8LWJ,426,FALSE,FALSE,Peru,Oxapampa,,,FALSE,,,,,,
BW8LWJ_Oxapampa_phenotypic_stability,31,1,potato,CIP316358.214,tubers,34259.2592592593,,TRUE,30925.9259259259,35,2.35294117647059,doi_10.21223_BW8LWJ,427,FALSE,FALSE,Peru,Oxapampa,,,FALSE,,,,,,
BW8LWJ_Oxapampa_phenotypic_stability,32,2,potato,CIP316358.214,tubers,27777.7777777778,,TRUE,25555.5555555556,35,2.35294117647059,doi_10.21223_BW8LWJ,428,FALSE,FALSE,Peru,Oxapampa,,,FALSE,,,,,,
BW8LWJ_Oxapampa_phenotypic_stability,33,3,potato,CIP316358.214,tubers,26481.4814814815,,TRUE,24814.8148148148,52.5,3.52941176470588,doi_10.21223_BW8LWJ,429,FALSE,FALSE,Peru,Oxapampa,,,FALSE,,,,,,
BW8LWJ_Oxapampa_phenotypic_stability,34,1,potato,CIP316360.241,tubers,51666.6666666667,,TRUE,45740.7407407407,35,2.35294117647059,doi_10.21223_BW8LWJ,430,FALSE,FALSE,Peru,Oxapampa,,,FALSE,,,,,,
BW8LWJ_Oxapampa_phenotypic_stability,35,2,potato,CIP316360.241,tubers,53333.3333333333,,TRUE,50740.7407407407,70,4.70588235294118,doi_10.21223_BW8LWJ,431,FALSE,FALSE,Peru,Oxapampa,,,FALSE,,,,,,
BW8LWJ_Oxapampa_phenotypic_stability,36,3,potato,CIP316360.241,tubers,57592.5925925926,,TRUE,54629.6296296296,70,4.70588235294118,doi_10.21223_BW8LWJ,432,FALSE,FALSE,Peru,Oxapampa,,,FALSE,,,,,,
BW8LWJ_Oxapampa_phenotypic_stability,37,1,potato,CIP316361.118,tubers,41666.6666666667,,TRUE,38333.3333333333,0,0,doi_10.21223_BW8LWJ,433,FALSE,FALSE,Peru,Oxapampa,,,FALSE,,,,,,
BW8LWJ_Oxapampa_phenotypic_stability,38,2,potato,CIP316361.118,tubers,45555.5555555556,,TRUE,41111.1111111111,35,2.35294117647059,doi_10.21223_BW8LWJ,434,FALSE,FALSE,Peru,Oxapampa,,,FALSE,,,,,,
BW8LWJ_Oxapampa_phenotypic_stability,39,3,potato,CIP316361.118,tubers,37592.5925925926,,TRUE,36481.4814814815,0,0,doi_10.21223_BW8LWJ,435,FALSE,FALSE,Peru,Oxapampa,,,FALSE,,,,,,
BW8LWJ_Oxapampa_phenotypic_stability,40,1,potato,CIP316361.121,tubers,45740.7407407407,,TRUE,42592.5925925926,17.5,1.17647058823529,doi_10.21223_BW8LWJ,436,FALSE,FALSE,Peru,Oxapampa,,,FALSE,,,,,,
BW8LWJ_Oxapampa_phenotypic_stability,41,2,potato,CIP316361.121,tubers,35740.7407407407,,TRUE,34629.6296296296,35,2.35294117647059,doi_10.21223_BW8LWJ,437,FALSE,FALSE,Peru,Oxapampa,,,FALSE,,,,,,
BW8LWJ_Oxapampa_phenotypic_stability,42,3,potato,CIP316361.121,tubers,33703.7037037037,,TRUE,32962.962962963,0,0,doi_10.21223_BW8LWJ,438,FALSE,FALSE,Peru,Oxapampa,,,FALSE,,,,,,
BW8LWJ_Oxapampa_phenotypic_stability,43,1,potato,CIP316361.158,tubers,50370.3703703704,,TRUE,44629.6296296296,0,0,doi_10.21223_BW8LWJ,439,FALSE,FALSE,Peru,Oxapampa,,,FALSE,,,,,,
BW8LWJ_Oxapampa_phenotypic_stability,44,2,potato,CIP316361.158,tubers,44814.8148148148,,TRUE,42407.4074074074,35,2.35294117647059,doi_10.21223_BW8LWJ,440,FALSE,FALSE,Peru,Oxapampa,,,FALSE,,,,,,
BW8LWJ_Oxapampa_phenotypic_stability,45,3,potato,CIP316361.158,tubers,54629.6296296296,,TRUE,50925.9259259259,87.5,5.88235294117647,doi_10.21223_BW8LWJ,441,FALSE,FALSE,Peru,Oxapampa,,,FALSE,,,,,,
BW8LWJ_Oxapampa_phenotypic_stability,46,1,potato,CIP316361.187,tubers,68148.1481481482,,TRUE,62962.962962963,0,0,doi_10.21223_BW8LWJ,442,FALSE,FALSE,Peru,Oxapampa,,,FALSE,,,,,,
BW8LWJ_Oxapampa_phenotypic_stability,47,2,potato,CIP316361.187,tubers,44444.4444444444,,TRUE,40555.5555555556,70,4.70588235294118,doi_10.21223_BW8LWJ,443,FALSE,FALSE,Peru,Oxapampa,,,FALSE,,,,,,
BW8LWJ_Oxapampa_phenotypic_stability,48,3,potato,CIP316361.187,tubers,57962.962962963,,TRUE,55185.1851851852,70,4.70588235294118,doi_10.21223_BW8LWJ,444,FALSE,FALSE,Peru,Oxapampa,,,FALSE,,,,,,
BW8LWJ_Oxapampa_phenotypic_stability,49,1,potato,CIP316361.190,tubers,36851.8518518519,,TRUE,33703.7037037037,0,0,doi_10.21223_BW8LWJ,445,FALSE,FALSE,Peru,Oxapampa,,,FALSE,,,,,,
BW8LWJ_Oxapampa_phenotypic_stability,50,2,potato,CIP316361.190,tubers,44259.2592592593,,TRUE,41666.6666666667,70,4.70588235294118,doi_10.21223_BW8LWJ,446,FALSE,FALSE,Peru,Oxapampa,,,FALSE,,,,,,
BW8LWJ_Oxapampa_phenotypic_stability,51,3,potato,CIP316361.190,tubers,45925.9259259259,,TRUE,40185.1851851852,35,2.35294117647059,doi_10.21223_BW8LWJ,447,FALSE,FALSE,Peru,Oxapampa,,,FALSE,,,,,,
BW8LWJ_Oxapampa_phenotypic_stability,52,1,potato,CIP316361.191,tubers,43888.8888888889,,TRUE,40740.7407407407,0,0,doi_10.21223_BW8LWJ,448,FALSE,FALSE,Peru,Oxapampa,,,FALSE,,,,,,
BW8LWJ_Oxapampa_phenotypic_stability,53,2,potato,CIP316361.191,tubers,50185.1851851852,,TRUE,48148.1481481482,54.25,3.64705882352941,doi_10.21223_BW8LWJ,449,FALSE,FALSE,Peru,Oxapampa,,,FALSE,,,,,,
BW8LWJ_Oxapampa_phenotypic_stability,54,3,potato,CIP316361.191,tubers,52962.962962963,,TRUE,45925.9259259259,35,2.35294117647059,doi_10.21223_BW8LWJ,450,FALSE,FALSE,Peru,Oxapampa,,,FALSE,,,,,,
BW8LWJ_Oxapampa_phenotypic_stability,55,1,potato,CIP316361.209,tubers,40185.1851851852,,TRUE,37037.037037037,0,0,doi_10.21223_BW8LWJ,451,FALSE,FALSE,Peru,Oxapampa,,,FALSE,,,,,,
BW8LWJ_Oxapampa_phenotypic_stability,56,2,potato,CIP316361.209,tubers,29814.8148148148,,TRUE,25370.3703703704,70,4.70588235294118,doi_10.21223_BW8LWJ,452,FALSE,FALSE,Peru,Oxapampa,,,FALSE,,,,,,
BW8LWJ_Oxapampa_phenotypic_stability,57,3,potato,CIP316361.209,tubers,45000,,TRUE,37592.5925925926,70,4.70588235294118,doi_10.21223_BW8LWJ,453,FALSE,FALSE,Peru,Oxapampa,,,FALSE,,,,,,
BW8LWJ_Oxapampa_phenotypic_stability,58,1,potato,CIP316361.244,tubers,50370.3703703704,,TRUE,47592.5925925926,0,0,doi_10.21223_BW8LWJ,454,FALSE,FALSE,Peru,Oxapampa,,,FALSE,,,,,,
BW8LWJ_Oxapampa_phenotypic_stability,59,2,potato,CIP316361.244,tubers,45925.9259259259,,TRUE,42222.2222222222,35,2.35294117647059,doi_10.21223_BW8LWJ,455,FALSE,FALSE,Peru,Oxapampa,,,FALSE,,,,,,
BW8LWJ_Oxapampa_phenotypic_stability,60,3,potato,CIP316361.244,tubers,44629.6296296296,,TRUE,43148.1481481482,0,0,doi_10.21223_BW8LWJ,456,FALSE,FALSE,Peru,Oxapampa,,,FALSE,,,,,,
BW8LWJ_Oxapampa_phenotypic_stability,61,1,potato,CIP316365.166,tubers,52592.5925925926,,TRUE,47037.037037037,0,0,doi_10.21223_BW8LWJ,457,FALSE,FALSE,Peru,Oxapampa,,,FALSE,,,,,,
BW8LWJ_Oxapampa_phenotypic_stability,62,2,potato,CIP316365.166,tubers,51666.6666666667,,TRUE,47037.037037037,0,0,doi_10.21223_BW8LWJ,458,FALSE,FALSE,Peru,Oxapampa,,,FALSE,,,,,,
BW8LWJ_Oxapampa_phenotypic_stability,63,3,potato,CIP316365.166,tubers,49814.8148148148,,TRUE,47037.037037037,70,4.70588235294118,doi_10.21223_BW8LWJ,459,FALSE,FALSE,Peru,Oxapampa,,,FALSE,,,,,,
BW8LWJ_Oxapampa_phenotypic_stability,64,1,potato,CIP316367.117,tubers,62962.962962963,,TRUE,59629.6296296296,0,0,doi_10.21223_BW8LWJ,460,FALSE,FALSE,Peru,Oxapampa,,,FALSE,,,,,,
BW8LWJ_Oxapampa_phenotypic_stability,65,2,potato,CIP316367.117,tubers,55555.5555555556,,TRUE,49814.8148148148,35,2.35294117647059,doi_10.21223_BW8LWJ,461,FALSE,FALSE,Peru,Oxapampa,,,FALSE,,,,,,
BW8LWJ_Oxapampa_phenotypic_stability,66,3,potato,CIP316367.117,tubers,64814.8148148148,,TRUE,62777.7777777778,35,2.35294117647059,doi_10.21223_BW8LWJ,462,FALSE,FALSE,Peru,Oxapampa,,,FALSE,,,,,,
BW8LWJ_Oxapampa_phenotypic_stability,67,1,potato,CIP316367.132,tubers,53888.8888888889,,TRUE,44814.8148148148,35,2.35294117647059,doi_10.21223_BW8LWJ,463,FALSE,FALSE,Peru,Oxapampa,,,FALSE,,,,,,
BW8LWJ_Oxapampa_phenotypic_stability,68,2,potato,CIP316367.132,tubers,35370.3703703704,,TRUE,30370.3703703704,35,2.35294117647059,doi_10.21223_BW8LWJ,464,FALSE,FALSE,Peru,Oxapampa,,,FALSE,,,,,,
BW8LWJ_Oxapampa_phenotypic_stability,69,3,potato,CIP316367.132,tubers,33888.8888888889,,TRUE,29444.4444444444,0,0,doi_10.21223_BW8LWJ,465,FALSE,FALSE,Peru,Oxapampa,,,FALSE,,,,,,
BW8LWJ_Oxapampa_phenotypic_stability,70,1,potato,CIP316367.134,tubers,47222.2222222222,,TRUE,37592.5925925926,0,0,doi_10.21223_BW8LWJ,466,FALSE,FALSE,Peru,Oxapampa,,,FALSE,,,,,,
BW8LWJ_Oxapampa_phenotypic_stability,71,2,potato,CIP316367.134,tubers,49629.6296296296,,TRUE,38703.7037037037,35,2.35294117647059,doi_10.21223_BW8LWJ,467,FALSE,FALSE,Peru,Oxapampa,,,FALSE,,,,,,
BW8LWJ_Oxapampa_phenotypic_stability,72,3,potato,CIP316367.134,tubers,55370.3703703704,,TRUE,43333.3333333333,0,0,doi_10.21223_BW8LWJ,468,FALSE,FALSE,Peru,Oxapampa,,,FALSE,,,,,,
BW8LWJ_Oxapampa_phenotypic_stability,73,1,potato,CIP316367.147,tubers,47222.2222222222,,TRUE,39814.8148148148,0,0,doi_10.21223_BW8LWJ,469,FALSE,FALSE,Peru,Oxapampa,,,FALSE,,,,,,
BW8LWJ_Oxapampa_phenotypic_stability,74,2,potato,CIP316367.147,tubers,39629.6296296296,,TRUE,38148.1481481482,35,2.35294117647059,doi_10.21223_BW8LWJ,470,FALSE,FALSE,Peru,Oxapampa,,,FALSE,,,,,,
BW8LWJ_Oxapampa_phenotypic_stability,75,3,potato,CIP316367.147,tubers,44259.2592592593,,TRUE,41851.8518518519,0,0,doi_10.21223_BW8LWJ,471,FALSE,FALSE,Peru,Oxapampa,,,FALSE,,,,,,
BW8LWJ_Oxapampa_phenotypic_stability,76,1,potato,CIP316367.148,tubers,34259.2592592593,,TRUE,30000,0,0,doi_10.21223_BW8LWJ,472,FALSE,FALSE,Peru,Oxapampa,,,FALSE,,,,,,
BW8LWJ_Oxapampa_phenotypic_stability,77,2,potato,CIP316367.148,tubers,40740.7407407407,,TRUE,38703.7037037037,35,2.35294117647059,doi_10.21223_BW8LWJ,473,FALSE,FALSE,Peru,Oxapampa,,,FALSE,,,,,,
BW8LWJ_Oxapampa_phenotypic_stability,78,3,potato,CIP316367.148,tubers,41481.4814814815,,TRUE,36666.6666666667,0,0,doi_10.21223_BW8LWJ,474,FALSE,FALSE,Peru,Oxapampa,,,FALSE,,,,,,
BW8LWJ_Oxapampa_phenotypic_stability,79,1,potato,CIP316367.177,tubers,34629.6296296296,,TRUE,32037.037037037,0,0,doi_10.21223_BW8LWJ,475,FALSE,FALSE,Peru,Oxapampa,,,FALSE,,,,,,
BW8LWJ_Oxapampa_phenotypic_stability,80,2,potato,CIP316367.177,tubers,32037.037037037,,TRUE,27592.5925925926,52.5,3.52941176470588,doi_10.21223_BW8LWJ,476,FALSE,FALSE,Peru,Oxapampa,,,FALSE,,,,,,
BW8LWJ_Oxapampa_phenotypic_stability,81,3,potato,CIP316367.177,tubers,52777.7777777778,,TRUE,51111.1111111111,87.5,5.88235294117647,doi_10.21223_BW8LWJ,477,FALSE,FALSE,Peru,Oxapampa,,,FALSE,,,,,,
BW8LWJ_Oxapampa_phenotypic_stability,82,1,potato,CIP316375.101,tubers,28518.5185185185,,TRUE,26111.1111111111,0,0,doi_10.21223_BW8LWJ,478,FALSE,FALSE,Peru,Oxapampa,,,FALSE,,,,,,
BW8LWJ_Oxapampa_phenotypic_stability,83,2,potato,CIP316375.101,tubers,25370.3703703704,,TRUE,22037.037037037,70,4.70588235294118,doi_10.21223_BW8LWJ,479,FALSE,FALSE,Peru,Oxapampa,,,FALSE,,,,,,
BW8LWJ_Oxapampa_phenotypic_stability,84,3,potato,CIP316375.101,tubers,31666.6666666667,,TRUE,30185.1851851852,70,4.70588235294118,doi_10.21223_BW8LWJ,480,FALSE,FALSE,Peru,Oxapampa,,,FALSE,,,,,,
BW8LWJ_Oxapampa_phenotypic_stability,85,1,potato,CIP316375.102,tubers,50555.5555555556,,TRUE,47037.037037037,0,0,doi_10.21223_BW8LWJ,481,FALSE,FALSE,Peru,Oxapampa,,,FALSE,,,,,,
BW8LWJ_Oxapampa_phenotypic_stability,86,2,potato,CIP316375.102,tubers,56296.2962962963,,TRUE,51111.1111111111,0,0,doi_10.21223_BW8LWJ,482,FALSE,FALSE,Peru,Oxapampa,,,FALSE,,,,,,
BW8LWJ_Oxapampa_phenotypic_stability,87,3,potato,CIP316375.102,tubers,49444.4444444445,,TRUE,46666.6666666667,87.5,5.88235294117647,doi_10.21223_BW8LWJ,483,FALSE,FALSE,Peru,Oxapampa,,,FALSE,,,,,,
BW8LWJ_Oxapampa_phenotypic_stability,88,1,potato,CIP316387.156,tubers,24074.0740740741,,TRUE,20370.3703703704,0,0,doi_10.21223_BW8LWJ,484,FALSE,FALSE,Peru,Oxapampa,,,FALSE,,,,,,
BW8LWJ_Oxapampa_phenotypic_stability,89,2,potato,CIP316387.156,tubers,29259.2592592593,,TRUE,25740.7407407407,105,7.05882352941176,doi_10.21223_BW8LWJ,485,FALSE,FALSE,Peru,Oxapampa,,,FALSE,,,,,,
BW8LWJ_Oxapampa_phenotypic_stability,90,3,potato,CIP316387.156,tubers,17222.2222222222,,TRUE,14074.0740740741,0,0,doi_10.21223_BW8LWJ,486,FALSE,FALSE,Peru,Oxapampa,,,FALSE,,,,,,
BW8LWJ_Oxapampa_phenotypic_stability,91,1,potato,Amarilis,tubers,35925.9259259259,,TRUE,29444.4444444444,87.5,5.88235294117647,doi_10.21223_BW8LWJ,487,FALSE,FALSE,Peru,Oxapampa,,,FALSE,,,,,,
BW8LWJ_Oxapampa_phenotypic_stability,92,2,potato,Amarilis,tubers,38518.5185185185,,TRUE,33148.1481481482,0,0,doi_10.21223_BW8LWJ,488,FALSE,FALSE,Peru,Oxapampa,,,FALSE,,,,,,
BW8LWJ_Oxapampa_phenotypic_stability,93,3,potato,Amarilis,tubers,28888.8888888889,,TRUE,23518.5185185185,35,2.35294117647059,doi_10.21223_BW8LWJ,489,FALSE,FALSE,Peru,Oxapampa,,,FALSE,,,,,,
BW8LWJ_Oxapampa_phenotypic_stability,94,1,potato,Kory,tubers,32407.4074074074,,TRUE,23888.8888888889,70,4.70588235294118,doi_10.21223_BW8LWJ,490,FALSE,FALSE,Peru,Oxapampa,,,FALSE,,,,,,
BW8LWJ_Oxapampa_phenotypic_stability,95,2,potato,Kory,tubers,34814.8148148148,,TRUE,28888.8888888889,70,4.70588235294118,doi_10.21223_BW8LWJ,491,FALSE,FALSE,Peru,Oxapampa,,,FALSE,,,,,,
BW8LWJ_Oxapampa_phenotypic_stability,96,3,potato,Kory,tubers,29444.4444444444,,TRUE,23518.5185185185,70,4.70588235294118,doi_10.21223_BW8LWJ,492,FALSE,FALSE,Peru,Oxapampa,,,FALSE,,,,,,
BW8LWJ_Oxapampa_phenotypic_stability,97,1,potato,Yungay,tubers,42222.2222222222,,TRUE,24629.6296296296,89.25,6,doi_10.21223_BW8LWJ,493,FALSE,FALSE,Peru,Oxapampa,,,FALSE,,,,,,
BW8LWJ_Oxapampa_phenotypic_stability,98,2,potato,Yungay,tubers,53333.3333333333,,TRUE,39814.8148148148,54.25,6,doi_10.21223_BW8LWJ,494,FALSE,FALSE,Peru,Oxapampa,,,FALSE,,,,,,
BW8LWJ_Oxapampa_phenotypic_stability,99,3,potato,Yungay,tubers,33888.8888888889,,TRUE,21666.6666666667,54.25,6,doi_10.21223_BW8LWJ,495,FALSE,FALSE,Peru,Oxapampa,,,FALSE,,,,,,
BW8LWJ_Huanuco_phenotypic_stability,100,1,potato,Amarilis,tubers,52962.962962963,,TRUE,49629.6296296296,35,4,doi_10.21223_BW8LWJ,496,FALSE,FALSE,Peru,Huanuco,,,FALSE,,,,,,
BW8LWJ_Huanuco_phenotypic_stability,101,2,potato,Amarilis,tubers,55740.7407407407,,TRUE,46111.1111111111,17.5,2,doi_10.21223_BW8LWJ,497,FALSE,FALSE,Peru,Huanuco,,,FALSE,,,,,,
BW8LWJ_Huanuco_phenotypic_stability,102,3,potato,Amarilis,tubers,57777.7777777778,,TRUE,49629.6296296296,35,4,doi_10.21223_BW8LWJ,498,FALSE,FALSE,Peru,Huanuco,,,FALSE,,,,,,
BW8LWJ_Huanuco_phenotypic_stability,103,3,potato,CIP316344.165,tubers,37407.4074074074,,TRUE,21851.8518518519,0,0,doi_10.21223_BW8LWJ,499,FALSE,FALSE,Peru,Huanuco,,,FALSE,,,,,,
BW8LWJ_Huanuco_phenotypic_stability,104,1,potato,CIP316344.165,tubers,27407.4074074074,,TRUE,20925.9259259259,0,0,doi_10.21223_BW8LWJ,500,FALSE,FALSE,Peru,Huanuco,,,FALSE,,,,,,
BW8LWJ_Huanuco_phenotypic_stability,105,2,potato,CIP316344.165,tubers,33888.8888888889,,TRUE,32592.5925925926,0,0,doi_10.21223_BW8LWJ,501,FALSE,FALSE,Peru,Huanuco,,,FALSE,,,,,,
BW8LWJ_Huanuco_phenotypic_stability,106,3,potato,CIP316346.204,tubers,64074.0740740741,,TRUE,57962.962962963,0,0,doi_10.21223_BW8LWJ,502,FALSE,FALSE,Peru,Huanuco,,,FALSE,,,,,,
BW8LWJ_Huanuco_phenotypic_stability,107,1,potato,CIP316346.204,tubers,57592.5925925926,,TRUE,49444.4444444445,0,0,doi_10.21223_BW8LWJ,503,FALSE,FALSE,Peru,Huanuco,,,FALSE,,,,,,
BW8LWJ_Huanuco_phenotypic_stability,108,2,potato,CIP316346.204,tubers,62037.037037037,,TRUE,57777.7777777778,0,0,doi_10.21223_BW8LWJ,504,FALSE,FALSE,Peru,Huanuco,,,FALSE,,,,,,
BW8LWJ_Huanuco_phenotypic_stability,109,3,potato,CIP316352.122,tubers,54074.0740740741,,TRUE,51296.2962962963,0,0,doi_10.21223_BW8LWJ,505,FALSE,FALSE,Peru,Huanuco,,,FALSE,,,,,,
BW8LWJ_Huanuco_phenotypic_stability,110,1,potato,CIP316352.122,tubers,59629.6296296296,,TRUE,56481.4814814815,0,0,doi_10.21223_BW8LWJ,506,FALSE,FALSE,Peru,Huanuco,,,FALSE,,,,,,
BW8LWJ_Huanuco_phenotypic_stability,111,2,potato,CIP316352.122,tubers,45000,,TRUE,43518.5185185185,0,0,doi_10.21223_BW8LWJ,507,FALSE,FALSE,Peru,Huanuco,,,FALSE,,,,,,
BW8LWJ_Huanuco_phenotypic_stability,112,3,potato,CIP316352.152,tubers,52592.5925925926,,TRUE,29444.4444444444,0,0,doi_10.21223_BW8LWJ,508,FALSE,FALSE,Peru,Huanuco,,,FALSE,,,,,,
BW8LWJ_Huanuco_phenotypic_stability,113,1,potato,CIP316352.152,tubers,56296.2962962963,,TRUE,48333.3333333333,0,0,doi_10.21223_BW8LWJ,509,FALSE,FALSE,Peru,Huanuco,,,FALSE,,,,,,
BW8LWJ_Huanuco_phenotypic_stability,114,2,potato,CIP316352.152,tubers,47962.962962963,,TRUE,44814.8148148148,0,0,doi_10.21223_BW8LWJ,510,FALSE,FALSE,Peru,Huanuco,,,FALSE,,,,,,
BW8LWJ_Huanuco_phenotypic_stability,115,3,potato,CIP316353.148,tubers,62407.4074074074,,TRUE,57777.7777777778,0,0,doi_10.21223_BW8LWJ,511,FALSE,FALSE,Peru,Huanuco,,,FALSE,,,,,,
BW8LWJ_Huanuco_phenotypic_stability,116,1,potato,CIP316353.148,tubers,72222.2222222222,,TRUE,65370.3703703704,0,0,doi_10.21223_BW8LWJ,512,FALSE,FALSE,Peru,Huanuco,,,FALSE,,,,,,
BW8LWJ_Huanuco_phenotypic_stability,117,2,potato,CIP316353.148,tubers,50555.5555555556,,TRUE,38148.1481481482,0,0,doi_10.21223_BW8LWJ,513,FALSE,FALSE,Peru,Huanuco,,,FALSE,,,,,,
BW8LWJ_Huanuco_phenotypic_stability,118,3,potato,CIP316353.741,tubers,72037.037037037,,TRUE,57777.7777777778,0,0,doi_10.21223_BW8LWJ,514,FALSE,FALSE,Peru,Huanuco,,,FALSE,,,,,,
BW8LWJ_Huanuco_phenotypic_stability,119,1,potato,CIP316353.741,tubers,59629.6296296296,,TRUE,36111.1111111111,0,0,doi_10.21223_BW8LWJ,515,FALSE,FALSE,Peru,Huanuco,,,FALSE,,,,,,
BW8LWJ_Huanuco_phenotypic_stability,120,2,potato,CIP316353.741,tubers,47407.4074074074,,TRUE,35370.3703703704,0,0,doi_10.21223_BW8LWJ,516,FALSE,FALSE,Peru,Huanuco,,,FALSE,,,,,,
BW8LWJ_Huanuco_phenotypic_stability,121,3,potato,CIP316354.112,tubers,80555.5555555556,,TRUE,73148.1481481482,0,0,doi_10.21223_BW8LWJ,517,FALSE,FALSE,Peru,Huanuco,,,FALSE,,,,,,
BW8LWJ_Huanuco_phenotypic_stability,122,1,potato,CIP316354.112,tubers,56481.4814814815,,TRUE,45370.3703703704,0,0,doi_10.21223_BW8LWJ,518,FALSE,FALSE,Peru,Huanuco,,,FALSE,,,,,,
BW8LWJ_Huanuco_phenotypic_stability,123,2,potato,CIP316354.112,tubers,57962.962962963,,TRUE,52037.037037037,0,0,doi_10.21223_BW8LWJ,519,FALSE,FALSE,Peru,Huanuco,,,FALSE,,,,,,
BW8LWJ_Huanuco_phenotypic_stability,124,3,potato,CIP316354.169,tubers,70370.3703703704,,TRUE,65000,0,0,doi_10.21223_BW8LWJ,520,FALSE,FALSE,Peru,Huanuco,,,FALSE,,,,,,
BW8LWJ_Huanuco_phenotypic_stability,125,1,potato,CIP316354.169,tubers,77962.962962963,,TRUE,68333.3333333333,0,0,doi_10.21223_BW8LWJ,521,FALSE,FALSE,Peru,Huanuco,,,FALSE,,,,,,
BW8LWJ_Huanuco_phenotypic_stability,126,2,potato,CIP316354.169,tubers,31851.8518518519,,TRUE,28518.5185185185,0,0,doi_10.21223_BW8LWJ,522,FALSE,FALSE,Peru,Huanuco,,,FALSE,,,,,,
BW8LWJ_Huanuco_phenotypic_stability,127,3,potato,CIP316355.162,tubers,56851.8518518519,,TRUE,53518.5185185185,0,0,doi_10.21223_BW8LWJ,523,FALSE,FALSE,Peru,Huanuco,,,FALSE,,,,,,
BW8LWJ_Huanuco_phenotypic_stability,128,1,potato,CIP316355.162,tubers,70555.5555555556,,TRUE,64814.8148148148,0,0,doi_10.21223_BW8LWJ,524,FALSE,FALSE,Peru,Huanuco,,,FALSE,,,,,,
BW8LWJ_Huanuco_phenotypic_stability,129,2,potato,CIP316355.162,tubers,57592.5925925926,,TRUE,55185.1851851852,0,0,doi_10.21223_BW8LWJ,525,FALSE,FALSE,Peru,Huanuco,,,FALSE,,,,,,
BW8LWJ_Huanuco_phenotypic_stability,130,3,potato,CIP316356.149,tubers,62407.4074074074,,TRUE,60370.3703703704,0,0,doi_10.21223_BW8LWJ,526,FALSE,FALSE,Peru,Huanuco,,,FALSE,,,,,,
BW8LWJ_Huanuco_phenotypic_stability,131,1,potato,CIP316356.149,tubers,67222.2222222222,,TRUE,62222.2222222222,0,0,doi_10.21223_BW8LWJ,527,FALSE,FALSE,Peru,Huanuco,,,FALSE,,,,,,
BW8LWJ_Huanuco_phenotypic_stability,132,2,potato,CIP316356.149,tubers,58518.5185185185,,TRUE,48703.7037037037,0,0,doi_10.21223_BW8LWJ,528,FALSE,FALSE,Peru,Huanuco,,,FALSE,,,,,,
BW8LWJ_Huanuco_phenotypic_stability,133,3,potato,CIP316358.214,tubers,50925.9259259259,,TRUE,47407.4074074074,0,0,doi_10.21223_BW8LWJ,529,FALSE,FALSE,Peru,Huanuco,,,FALSE,,,,,,
BW8LWJ_Huanuco_phenotypic_stability,134,1,potato,CIP316358.214,tubers,73518.5185185185,,TRUE,65555.5555555556,0,0,doi_10.21223_BW8LWJ,530,FALSE,FALSE,Peru,Huanuco,,,FALSE,,,,,,
BW8LWJ_Huanuco_phenotypic_stability,135,2,potato,CIP316358.214,tubers,48888.8888888889,,TRUE,45185.1851851852,0,0,doi_10.21223_BW8LWJ,531,FALSE,FALSE,Peru,Huanuco,,,FALSE,,,,,,
BW8LWJ_Huanuco_phenotypic_stability,136,3,potato,CIP316360.241,tubers,58333.3333333333,,TRUE,42407.4074074074,0,0,doi_10.21223_BW8LWJ,532,FALSE,FALSE,Peru,Huanuco,,,FALSE,,,,,,
BW8LWJ_Huanuco_phenotypic_stability,137,1,potato,CIP316360.241,tubers,51481.4814814815,,TRUE,45740.7407407407,0,0,doi_10.21223_BW8LWJ,533,FALSE,FALSE,Peru,Huanuco,,,FALSE,,,,,,
BW8LWJ_Huanuco_phenotypic_stability,138,2,potato,CIP316360.241,tubers,47407.4074074074,,TRUE,38333.3333333333,0,0,doi_10.21223_BW8LWJ,534,FALSE,FALSE,Peru,Huanuco,,,FALSE,,,,,,
BW8LWJ_Huanuco_phenotypic_stability,139,3,potato,CIP316361.118,tubers,78888.8888888889,,TRUE,57037.037037037,0,0,doi_10.21223_BW8LWJ,535,FALSE,FALSE,Peru,Huanuco,,,FALSE,,,,,,
BW8LWJ_Huanuco_phenotypic_stability,140,1,potato,CIP316361.118,tubers,73703.7037037037,,TRUE,57777.7777777778,0,0,doi_10.21223_BW8LWJ,536,FALSE,FALSE,Peru,Huanuco,,,FALSE,,,,,,
BW8LWJ_Huanuco_phenotypic_stability,141,2,potato,CIP316361.118,tubers,57592.5925925926,,TRUE,50370.3703703704,0,0,doi_10.21223_BW8LWJ,537,FALSE,FALSE,Peru,Huanuco,,,FALSE,,,,,,
BW8LWJ_Huanuco_phenotypic_stability,142,3,potato,CIP316361.121,tubers,31851.8518518519,,TRUE,26111.1111111111,0,0,doi_10.21223_BW8LWJ,538,FALSE,FALSE,Peru,Huanuco,,,FALSE,,,,,,
BW8LWJ_Huanuco_phenotypic_stability,143,1,potato,CIP316361.121,tubers,40555.5555555556,,TRUE,32962.962962963,0,0,doi_10.21223_BW8LWJ,539,FALSE,FALSE,Peru,Huanuco,,,FALSE,,,,,,
BW8LWJ_Huanuco_phenotypic_stability,144,2,potato,CIP316361.121,tubers,29259.2592592593,,TRUE,26296.2962962963,0,0,doi_10.21223_BW8LWJ,540,FALSE,FALSE,Peru,Huanuco,,,FALSE,,,,,,
BW8LWJ_Huanuco_phenotypic_stability,145,3,potato,CIP316361.158,tubers,62777.7777777778,,TRUE,58333.3333333333,0,0,doi_10.21223_BW8LWJ,541,FALSE,FALSE,Peru,Huanuco,,,FALSE,,,,,,
BW8LWJ_Huanuco_phenotypic_stability,146,1,potato,CIP316361.158,tubers,49814.8148148148,,TRUE,43518.5185185185,0,0,doi_10.21223_BW8LWJ,542,FALSE,FALSE,Peru,Huanuco,,,FALSE,,,,,,
BW8LWJ_Huanuco_phenotypic_stability,147,2,potato,CIP316361.158,tubers,28888.8888888889,,TRUE,24814.8148148148,0,0,doi_10.21223_BW8LWJ,543,FALSE,FALSE,Peru,Huanuco,,,FALSE,,,,,,
BW8LWJ_Huanuco_phenotypic_stability,148,3,potato,CIP316361.187,tubers,60925.9259259259,,TRUE,58333.3333333333,0,0,doi_10.21223_BW8LWJ,544,FALSE,FALSE,Peru,Huanuco,,,FALSE,,,,,,
BW8LWJ_Huanuco_phenotypic_stability,149,1,potato,CIP316361.187,tubers,72777.7777777778,,TRUE,71481.4814814815,0,0,doi_10.21223_BW8LWJ,545,FALSE,FALSE,Peru,Huanuco,,,FALSE,,,,,,
BW8LWJ_Huanuco_phenotypic_stability,150,2,potato,CIP316361.187,tubers,60370.3703703704,,TRUE,59074.0740740741,0,0,doi_10.21223_BW8LWJ,546,FALSE,FALSE,Peru,Huanuco,,,FALSE,,,,,,
BW8LWJ_Huanuco_phenotypic_stability,151,3,potato,CIP316361.190,tubers,82222.2222222222,,TRUE,59074.0740740741,0,0,doi_10.21223_BW8LWJ,547,FALSE,FALSE,Peru,Huanuco,,,FALSE,,,,,,
BW8LWJ_Huanuco_phenotypic_stability,152,1,potato,CIP316361.190,tubers,85555.5555555556,,TRUE,52777.7777777778,0,0,doi_10.21223_BW8LWJ,548,FALSE,FALSE,Peru,Huanuco,,,FALSE,,,,,,
BW8LWJ_Huanuco_phenotypic_stability,153,2,potato,CIP316361.190,tubers,58888.8888888889,,TRUE,31111.1111111111,0,0,doi_10.21223_BW8LWJ,549,FALSE,FALSE,Peru,Huanuco,,,FALSE,,,,,,
BW8LWJ_Huanuco_phenotypic_stability,154,3,potato,CIP316361.191,tubers,68703.7037037037,,TRUE,57407.4074074074,0,0,doi_10.21223_BW8LWJ,550,FALSE,FALSE,Peru,Huanuco,,,FALSE,,,,,,
BW8LWJ_Huanuco_phenotypic_stability,155,1,potato,CIP316361.191,tubers,71481.4814814815,,TRUE,52777.7777777778,0,0,doi_10.21223_BW8LWJ,551,FALSE,FALSE,Peru,Huanuco,,,FALSE,,,,,,
BW8LWJ_Huanuco_phenotypic_stability,156,2,potato,CIP316361.191,tubers,80185.1851851852,,TRUE,65925.9259259259,0,0,doi_10.21223_BW8LWJ,552,FALSE,FALSE,Peru,Huanuco,,,FALSE,,,,,,
BW8LWJ_Huanuco_phenotypic_stability,157,3,potato,CIP316361.209,tubers,34074.0740740741,,TRUE,23703.7037037037,0,0,doi_10.21223_BW8LWJ,553,FALSE,FALSE,Peru,Huanuco,,,FALSE,,,,,,
BW8LWJ_Huanuco_phenotypic_stability,158,1,potato,CIP316361.209,tubers,37777.7777777778,,TRUE,27962.962962963,0,0,doi_10.21223_BW8LWJ,554,FALSE,FALSE,Peru,Huanuco,,,FALSE,,,,,,
BW8LWJ_Huanuco_phenotypic_stability,159,2,potato,CIP316361.209,tubers,44814.8148148148,,TRUE,35925.9259259259,0,0,doi_10.21223_BW8LWJ,555,FALSE,FALSE,Peru,Huanuco,,,FALSE,,,,,,
BW8LWJ_Huanuco_phenotypic_stability,160,3,potato,CIP316361.244,tubers,45370.3703703704,,TRUE,28888.8888888889,0,0,doi_10.21223_BW8LWJ,556,FALSE,FALSE,Peru,Huanuco,,,FALSE,,,,,,
BW8LWJ_Huanuco_phenotypic_stability,161,1,potato,CIP316361.244,tubers,50185.1851851852,,TRUE,38703.7037037037,0,0,doi_10.21223_BW8LWJ,557,FALSE,FALSE,Peru,Huanuco,,,FALSE,,,,,,
BW8LWJ_Huanuco_phenotypic_stability,162,2,potato,CIP316361.244,tubers,41296.2962962963,,TRUE,30740.7407407407,0,0,doi_10.21223_BW8LWJ,558,FALSE,FALSE,Peru,Huanuco,,,FALSE,,,,,,
BW8LWJ_Huanuco_phenotypic_stability,163,3,potato,CIP316365.166,tubers,42037.037037037,,TRUE,34259.2592592593,0,0,doi_10.21223_BW8LWJ,559,FALSE,FALSE,Peru,Huanuco,,,FALSE,,,,,,
BW8LWJ_Huanuco_phenotypic_stability,164,1,potato,CIP316365.166,tubers,35000,,TRUE,30925.9259259259,0,0,doi_10.21223_BW8LWJ,560,FALSE,FALSE,Peru,Huanuco,,,FALSE,,,,,,
BW8LWJ_Huanuco_phenotypic_stability,165,2,potato,CIP316365.166,tubers,40925.9259259259,,TRUE,32407.4074074074,0,0,doi_10.21223_BW8LWJ,561,FALSE,FALSE,Peru,Huanuco,,,FALSE,,,,,,
BW8LWJ_Huanuco_phenotypic_stability,166,3,potato,CIP316367.117,tubers,66111.1111111111,,TRUE,59814.8148148148,0,0,doi_10.21223_BW8LWJ,562,FALSE,FALSE,Peru,Huanuco,,,FALSE,,,,,,
BW8LWJ_Huanuco_phenotypic_stability,167,1,potato,CIP316367.117,tubers,64629.6296296296,,TRUE,55555.5555555556,0,0,doi_10.21223_BW8LWJ,563,FALSE,FALSE,Peru,Huanuco,,,FALSE,,,,,,
BW8LWJ_Huanuco_phenotypic_stability,168,2,potato,CIP316367.117,tubers,58888.8888888889,,TRUE,58888.8888888889,0,0,doi_10.21223_BW8LWJ,564,FALSE,FALSE,Peru,Huanuco,,,FALSE,,,,,,
BW8LWJ_Huanuco_phenotypic_stability,169,3,potato,CIP316367.132,tubers,92592.5925925926,,TRUE,65370.3703703704,0,0,doi_10.21223_BW8LWJ,565,FALSE,FALSE,Peru,Huanuco,,,FALSE,,,,,,
BW8LWJ_Huanuco_phenotypic_stability,170,1,potato,CIP316367.132,tubers,73148.1481481482,,TRUE,63148.1481481482,0,0,doi_10.21223_BW8LWJ,566,FALSE,FALSE,Peru,Huanuco,,,FALSE,,,,,,
BW8LWJ_Huanuco_phenotypic_stability,171,2,potato,CIP316367.132,tubers,61666.6666666667,,TRUE,56666.6666666667,0,0,doi_10.21223_BW8LWJ,567,FALSE,FALSE,Peru,Huanuco,,,FALSE,,,,,,
BW8LWJ_Huanuco_phenotypic_stability,172,3,potato,CIP316367.134,tubers,107592.592592593,,TRUE,80740.7407407407,0,0,doi_10.21223_BW8LWJ,568,FALSE,FALSE,Peru,Huanuco,,,FALSE,,,,,,
BW8LWJ_Huanuco_phenotypic_stability,173,1,potato,CIP316367.134,tubers,58333.3333333333,,TRUE,55000,0,0,doi_10.21223_BW8LWJ,569,FALSE,FALSE,Peru,Huanuco,,,FALSE,,,,,,
BW8LWJ_Huanuco_phenotypic_stability,174,2,potato,CIP316367.134,tubers,65185.1851851852,,TRUE,56296.2962962963,0,0,doi_10.21223_BW8LWJ,570,FALSE,FALSE,Peru,Huanuco,,,FALSE,,,,,,
BW8LWJ_Huanuco_phenotypic_stability,175,1,potato,CIP316367.147,tubers,74629.6296296296,,TRUE,71111.1111111111,0,0,doi_10.21223_BW8LWJ,571,FALSE,FALSE,Peru,Huanuco,,,FALSE,,,,,,
BW8LWJ_Huanuco_phenotypic_stability,176,2,potato,CIP316367.147,tubers,79074.0740740741,,TRUE,66851.8518518519,0,0,doi_10.21223_BW8LWJ,572,FALSE,FALSE,Peru,Huanuco,,,FALSE,,,,,,
BW8LWJ_Huanuco_phenotypic_stability,177,3,potato,CIP316367.147,tubers,70740.7407407407,,TRUE,62037.037037037,0,0,doi_10.21223_BW8LWJ,573,FALSE,FALSE,Peru,Huanuco,,,FALSE,,,,,,
BW8LWJ_Huanuco_phenotypic_stability,178,3,potato,CIP316367.148,tubers,64259.2592592593,,TRUE,56296.2962962963,0,0,doi_10.21223_BW8LWJ,574,FALSE,FALSE,Peru,Huanuco,,,FALSE,,,,,,
BW8LWJ_Huanuco_phenotypic_stability,179,1,potato,CIP316367.148,tubers,74444.4444444444,,TRUE,61111.1111111111,0,0,doi_10.21223_BW8LWJ,575,FALSE,FALSE,Peru,Huanuco,,,FALSE,,,,,,
BW8LWJ_Huanuco_phenotypic_stability,180,2,potato,CIP316367.148,tubers,69814.8148148148,,TRUE,67037.037037037,0,0,doi_10.21223_BW8LWJ,576,FALSE,FALSE,Peru,Huanuco,,,FALSE,,,,,,
BW8LWJ_Huanuco_phenotypic_stability,181,3,potato,CIP316367.177,tubers,75555.5555555556,,TRUE,60000,0,0,doi_10.21223_BW8LWJ,577,FALSE,FALSE,Peru,Huanuco,,,FALSE,,,,,,
BW8LWJ_Huanuco_phenotypic_stability,182,1,potato,CIP316367.177,tubers,82037.0370370371,,TRUE,76111.1111111111,0,0,doi_10.21223_BW8LWJ,578,FALSE,FALSE,Peru,Huanuco,,,FALSE,,,,,,
BW8LWJ_Huanuco_phenotypic_stability,183,2,potato,CIP316367.177,tubers,53703.7037037037,,TRUE,46111.1111111111,0,0,doi_10.21223_BW8LWJ,579,FALSE,FALSE,Peru,Huanuco,,,FALSE,,,,,,
BW8LWJ_Huanuco_phenotypic_stability,184,3,potato,CIP316375.101,tubers,65740.7407407407,,TRUE,48333.3333333333,0,0,doi_10.21223_BW8LWJ,580,FALSE,FALSE,Peru,Huanuco,,,FALSE,,,,,,
BW8LWJ_Huanuco_phenotypic_stability,185,1,potato,CIP316375.101,tubers,60185.1851851852,,TRUE,50000,0,0,doi_10.21223_BW8LWJ,581,FALSE,FALSE,Peru,Huanuco,,,FALSE,,,,,,
BW8LWJ_Huanuco_phenotypic_stability,186,2,potato,CIP316375.101,tubers,73148.1481481482,,TRUE,53333.3333333333,0,0,doi_10.21223_BW8LWJ,582,FALSE,FALSE,Peru,Huanuco,,,FALSE,,,,,,
BW8LWJ_Huanuco_phenotypic_stability,187,3,potato,CIP316375.102,tubers,97407.4074074074,,TRUE,75370.3703703704,0,0,doi_10.21223_BW8LWJ,583,FALSE,FALSE,Peru,Huanuco,,,FALSE,,,,,,
BW8LWJ_Huanuco_phenotypic_stability,188,1,potato,CIP316375.102,tubers,72962.962962963,,TRUE,66481.4814814815,0,0,doi_10.21223_BW8LWJ,584,FALSE,FALSE,Peru,Huanuco,,,FALSE,,,,,,
BW8LWJ_Huanuco_phenotypic_stability,189,2,potato,CIP316375.102,tubers,84259.2592592593,,TRUE,59259.2592592593,0,0,doi_10.21223_BW8LWJ,585,FALSE,FALSE,Peru,Huanuco,,,FALSE,,,,,,
BW8LWJ_Huanuco_phenotypic_stability,190,3,potato,CIP316387.156,tubers,58148.1481481482,,TRUE,53518.5185185185,0,0,doi_10.21223_BW8LWJ,586,FALSE,FALSE,Peru,Huanuco,,,FALSE,,,,,,
BW8LWJ_Huanuco_phenotypic_stability,191,1,potato,CIP316387.156,tubers,50000,,TRUE,47222.2222222222,0,0,doi_10.21223_BW8LWJ,587,FALSE,FALSE,Peru,Huanuco,,,FALSE,,,,,,
BW8LWJ_Huanuco_phenotypic_stability,192,2,potato,CIP316387.156,tubers,49814.8148148148,,TRUE,45925.9259259259,0,0,doi_10.21223_BW8LWJ,588,FALSE,FALSE,Peru,Huanuco,,,FALSE,,,,,,
BW8LWJ_Huanuco_phenotypic_stability,193,1,potato,Kory,tubers,67592.5925925926,,TRUE,45000,0,0,doi_10.21223_BW8LWJ,589,FALSE,FALSE,Peru,Huanuco,,,FALSE,,,,,,
BW8LWJ_Huanuco_phenotypic_stability,194,2,potato,Kory,tubers,62407.4074074074,,TRUE,40000,0,0,doi_10.21223_BW8LWJ,590,FALSE,FALSE,Peru,Huanuco,,,FALSE,,,,,,
BW8LWJ_Huanuco_phenotypic_stability,195,3,potato,Kory,tubers,64814.8148148148,,TRUE,40555.5555555556,17.5,2,doi_10.21223_BW8LWJ,591,FALSE,FALSE,Peru,Huanuco,,,FALSE,,,,,,
BW8LWJ_Huanuco_phenotypic_stability,196,1,potato,Yungay,tubers,58148.1481481482,,TRUE,38518.5185185185,35,6,doi_10.21223_BW8LWJ,592,FALSE,FALSE,Peru,Huanuco,,,FALSE,,,,,,
BW8LWJ_Huanuco_phenotypic_stability,197,2,potato,Yungay,tubers,56481.4814814815,,TRUE,47037.037037037,52.5,6,doi_10.21223_BW8LWJ,593,FALSE,FALSE,Peru,Huanuco,,,FALSE,,,,,,
BW8LWJ_Huanuco_phenotypic_stability,198,3,potato,Yungay,tubers,65185.1851851852,,TRUE,50740.7407407407,17.5,6,doi_10.21223_BW8LWJ,594,FALSE,FALSE,Peru,Huanuco,,,FALSE,,,,,,
BW8LWJ_El_Mantaro_Junin_phenotypic_stability,199,1,potato,Amarilis,tubers,62000,,TRUE,55111.1111111111,,,doi_10.21223_BW8LWJ,595,FALSE,FALSE,Peru,"El Mantaro, Junin",,,FALSE,,,,,,
BW8LWJ_El_Mantaro_Junin_phenotypic_stability,200,2,potato,Amarilis,tubers,42814.8148148148,,TRUE,31259.2592592593,,,doi_10.21223_BW8LWJ,596,FALSE,FALSE,Peru,"El Mantaro, Junin",,,FALSE,,,,,,
BW8LWJ_El_Mantaro_Junin_phenotypic_stability,201,3,potato,Amarilis,tubers,62222.2222222222,,TRUE,47925.9259259259,,,doi_10.21223_BW8LWJ,597,FALSE,FALSE,Peru,"El Mantaro, Junin",,,FALSE,,,,,,
BW8LWJ_El_Mantaro_Junin_phenotypic_stability,202,1,potato,CIP316344.165,tubers,37481.4814814815,,TRUE,32370.3703703704,,,doi_10.21223_BW8LWJ,598,FALSE,FALSE,Peru,"El Mantaro, Junin",,,FALSE,,,,,,
BW8LWJ_El_Mantaro_Junin_phenotypic_stability,203,2,potato,CIP316344.165,tubers,31185.1851851852,,TRUE,27777.7777777778,,,doi_10.21223_BW8LWJ,599,FALSE,FALSE,Peru,"El Mantaro, Junin",,,FALSE,,,,,,
BW8LWJ_El_Mantaro_Junin_phenotypic_stability,204,3,potato,CIP316344.165,tubers,33111.1111111111,,TRUE,30888.8888888889,,,doi_10.21223_BW8LWJ,600,FALSE,FALSE,Peru,"El Mantaro, Junin",,,FALSE,,,,,,
BW8LWJ_El_Mantaro_Junin_phenotypic_stability,205,1,potato,CIP316346.204,tubers,49333.3333333333,,TRUE,46000,,,doi_10.21223_BW8LWJ,601,FALSE,FALSE,Peru,"El Mantaro, Junin",,,FALSE,,,,,,
BW8LWJ_El_Mantaro_Junin_phenotypic_stability,206,2,potato,CIP316346.204,tubers,37629.6296296296,,TRUE,37629.6296296296,,,doi_10.21223_BW8LWJ,602,FALSE,FALSE,Peru,"El Mantaro, Junin",,,FALSE,,,,,,
BW8LWJ_El_Mantaro_Junin_phenotypic_stability,207,3,potato,CIP316346.204,tubers,42703.7037037037,,TRUE,42703.7037037037,,,doi_10.21223_BW8LWJ,603,FALSE,FALSE,Peru,"El Mantaro, Junin",,,FALSE,,,,,,
BW8LWJ_El_Mantaro_Junin_phenotypic_stability,208,1,potato,CIP316352.122,tubers,21481.4814814815,,TRUE,19037.037037037,,,doi_10.21223_BW8LWJ,604,FALSE,FALSE,Peru,"El Mantaro, Junin",,,FALSE,,,,,,
BW8LWJ_El_Mantaro_Junin_phenotypic_stability,209,2,potato,CIP316352.122,tubers,22962.962962963,,TRUE,19037.037037037,,,doi_10.21223_BW8LWJ,605,FALSE,FALSE,Peru,"El Mantaro, Junin",,,FALSE,,,,,,
BW8LWJ_El_Mantaro_Junin_phenotypic_stability,210,3,potato,CIP316352.122,tubers,20222.2222222222,,TRUE,15481.4814814815,,,doi_10.21223_BW8LWJ,606,FALSE,FALSE,Peru,"El Mantaro, Junin",,,FALSE,,,,,,
BW8LWJ_El_Mantaro_Junin_phenotypic_stability,211,1,potato,CIP316352.152,tubers,39555.5555555556,,TRUE,35777.7777777778,,,doi_10.21223_BW8LWJ,607,FALSE,FALSE,Peru,"El Mantaro, Junin",,,FALSE,,,,,,
BW8LWJ_El_Mantaro_Junin_phenotypic_stability,212,2,potato,CIP316352.152,tubers,28592.5925925926,,TRUE,24222.2222222222,,,doi_10.21223_BW8LWJ,608,FALSE,FALSE,Peru,"El Mantaro, Junin",,,FALSE,,,,,,
BW8LWJ_El_Mantaro_Junin_phenotypic_stability,213,3,potato,CIP316352.152,tubers,20666.6666666667,,TRUE,19333.3333333333,,,doi_10.21223_BW8LWJ,609,FALSE,FALSE,Peru,"El Mantaro, Junin",,,FALSE,,,,,,
BW8LWJ_El_Mantaro_Junin_phenotypic_stability,214,1,potato,CIP316353.148,tubers,58666.6666666667,,TRUE,55333.3333333333,,,doi_10.21223_BW8LWJ,610,FALSE,FALSE,Peru,"El Mantaro, Junin",,,FALSE,,,,,,
BW8LWJ_El_Mantaro_Junin_phenotypic_stability,215,2,potato,CIP316353.148,tubers,45481.4814814815,,TRUE,40666.6666666667,,,doi_10.21223_BW8LWJ,611,FALSE,FALSE,Peru,"El Mantaro, Junin",,,FALSE,,,,,,
BW8LWJ_El_Mantaro_Junin_phenotypic_stability,216,3,potato,CIP316353.148,tubers,42888.8888888889,,TRUE,41555.5555555556,,,doi_10.21223_BW8LWJ,612,FALSE,FALSE,Peru,"El Mantaro, Junin",,,FALSE,,,,,,
BW8LWJ_El_Mantaro_Junin_phenotypic_stability,217,1,potato,CIP316353.741,tubers,43481.4814814815,,TRUE,32592.5925925926,,,doi_10.21223_BW8LWJ,613,FALSE,FALSE,Peru,"El Mantaro, Junin",,,FALSE,,,,,,
BW8LWJ_El_Mantaro_Junin_phenotypic_stability,218,2,potato,CIP316353.741,tubers,70666.6666666667,,TRUE,45925.9259259259,,,doi_10.21223_BW8LWJ,614,FALSE,FALSE,Peru,"El Mantaro, Junin",,,FALSE,,,,,,
BW8LWJ_El_Mantaro_Junin_phenotypic_stability,219,3,potato,CIP316353.741,tubers,93185.1851851852,,TRUE,71851.8518518519,,,doi_10.21223_BW8LWJ,615,FALSE,FALSE,Peru,"El Mantaro, Junin",,,FALSE,,,,,,
BW8LWJ_El_Mantaro_Junin_phenotypic_stability,220,1,potato,CIP316354.112,tubers,53925.9259259259,,TRUE,51851.8518518519,,,doi_10.21223_BW8LWJ,616,FALSE,FALSE,Peru,"El Mantaro, Junin",,,FALSE,,,,,,
BW8LWJ_El_Mantaro_Junin_phenotypic_stability,221,2,potato,CIP316354.112,tubers,70666.6666666667,,TRUE,70666.6666666667,,,doi_10.21223_BW8LWJ,617,FALSE,FALSE,Peru,"El Mantaro, Junin",,,FALSE,,,,,,
BW8LWJ_El_Mantaro_Junin_phenotypic_stability,222,3,potato,CIP316354.112,tubers,54000,,TRUE,52666.6666666667,,,doi_10.21223_BW8LWJ,618,FALSE,FALSE,Peru,"El Mantaro, Junin",,,FALSE,,,,,,
BW8LWJ_El_Mantaro_Junin_phenotypic_stability,223,1,potato,CIP316354.169,tubers,29777.7777777778,,TRUE,26592.5925925926,,,doi_10.21223_BW8LWJ,619,FALSE,FALSE,Peru,"El Mantaro, Junin",,,FALSE,,,,,,
BW8LWJ_El_Mantaro_Junin_phenotypic_stability,224,2,potato,CIP316354.169,tubers,50851.8518518519,,TRUE,42111.1111111111,,,doi_10.21223_BW8LWJ,620,FALSE,FALSE,Peru,"El Mantaro, Junin",,,FALSE,,,,,,
BW8LWJ_El_Mantaro_Junin_phenotypic_stability,225,3,potato,CIP316354.169,tubers,44000,,TRUE,38518.5185185185,,,doi_10.21223_BW8LWJ,621,FALSE,FALSE,Peru,"El Mantaro, Junin",,,FALSE,,,,,,
BW8LWJ_El_Mantaro_Junin_phenotypic_stability,226,1,potato,CIP316355.162,tubers,49185.1851851852,,TRUE,44814.8148148148,,,doi_10.21223_BW8LWJ,622,FALSE,FALSE,Peru,"El Mantaro, Junin",,,FALSE,,,,,,
BW8LWJ_El_Mantaro_Junin_phenotypic_stability,227,2,potato,CIP316355.162,tubers,34296.2962962963,,TRUE,32370.3703703704,,,doi_10.21223_BW8LWJ,623,FALSE,FALSE,Peru,"El Mantaro, Junin",,,FALSE,,,,,,
BW8LWJ_El_Mantaro_Junin_phenotypic_stability,228,3,potato,CIP316355.162,tubers,47037.037037037,,TRUE,36518.5185185185,,,doi_10.21223_BW8LWJ,624,FALSE,FALSE,Peru,"El Mantaro, Junin",,,FALSE,,,,,,
BW8LWJ_El_Mantaro_Junin_phenotypic_stability,229,1,potato,CIP316356.149,tubers,63481.4814814815,,TRUE,58444.4444444444,,,doi_10.21223_BW8LWJ,625,FALSE,FALSE,Peru,"El Mantaro, Junin",,,FALSE,,,,,,
BW8LWJ_El_Mantaro_Junin_phenotypic_stability,230,2,potato,CIP316356.149,tubers,50629.6296296296,,TRUE,44444.4444444444,,,doi_10.21223_BW8LWJ,626,FALSE,FALSE,Peru,"El Mantaro, Junin",,,FALSE,,,,,,
BW8LWJ_El_Mantaro_Junin_phenotypic_stability,231,3,potato,CIP316356.149,tubers,67037.037037037,,TRUE,67037.037037037,,,doi_10.21223_BW8LWJ,627,FALSE,FALSE,Peru,"El Mantaro, Junin",,,FALSE,,,,,,
BW8LWJ_El_Mantaro_Junin_phenotypic_stability,232,1,potato,CIP316358.214,tubers,36666.6666666667,,TRUE,31851.8518518519,,,doi_10.21223_BW8LWJ,628,FALSE,FALSE,Peru,"El Mantaro, Junin",,,FALSE,,,,,,
BW8LWJ_El_Mantaro_Junin_phenotypic_stability,233,2,potato,CIP316358.214,tubers,55555.5555555556,,TRUE,46444.4444444444,,,doi_10.21223_BW8LWJ,629,FALSE,FALSE,Peru,"El Mantaro, Junin",,,FALSE,,,,,,
BW8LWJ_El_Mantaro_Junin_phenotypic_stability,234,3,potato,CIP316358.214,tubers,46444.4444444445,,TRUE,43037.037037037,,,doi_10.21223_BW8LWJ,630,FALSE,FALSE,Peru,"El Mantaro, Junin",,,FALSE,,,,,,
BW8LWJ_El_Mantaro_Junin_phenotypic_stability,235,1,potato,CIP316360.241,tubers,55333.3333333333,,TRUE,53037.037037037,,,doi_10.21223_BW8LWJ,631,FALSE,FALSE,Peru,"El Mantaro, Junin",,,FALSE,,,,,,
BW8LWJ_El_Mantaro_Junin_phenotypic_stability,236,2,potato,CIP316360.241,tubers,47629.6296296296,,TRUE,45407.4074074074,,,doi_10.21223_BW8LWJ,632,FALSE,FALSE,Peru,"El Mantaro, Junin",,,FALSE,,,,,,
BW8LWJ_El_Mantaro_Junin_phenotypic_stability,237,3,potato,CIP316360.241,tubers,43111.1111111111,,TRUE,41777.7777777778,,,doi_10.21223_BW8LWJ,633,FALSE,FALSE,Peru,"El Mantaro, Junin",,,FALSE,,,,,,
BW8LWJ_El_Mantaro_Junin_phenotypic_stability,238,1,potato,CIP316361.118,tubers,60444.4444444444,,TRUE,58296.2962962963,,,doi_10.21223_BW8LWJ,634,FALSE,FALSE,Peru,"El Mantaro, Junin",,,FALSE,,,,,,
BW8LWJ_El_Mantaro_Junin_phenotypic_stability,239,2,potato,CIP316361.118,tubers,62814.8148148148,,TRUE,60666.6666666667,,,doi_10.21223_BW8LWJ,635,FALSE,FALSE,Peru,"El Mantaro, Junin",,,FALSE,,,,,,
BW8LWJ_El_Mantaro_Junin_phenotypic_stability,240,3,potato,CIP316361.118,tubers,30518.5185185185,,TRUE,28666.6666666667,,,doi_10.21223_BW8LWJ,636,FALSE,FALSE,Peru,"El Mantaro, Junin",,,FALSE,,,,,,
BW8LWJ_El_Mantaro_Junin_phenotypic_stability,241,1,potato,CIP316361.121,tubers,59629.6296296296,,TRUE,48148.1481481482,,,doi_10.21223_BW8LWJ,637,FALSE,FALSE,Peru,"El Mantaro, Junin",,,FALSE,,,,,,
BW8LWJ_El_Mantaro_Junin_phenotypic_stability,242,2,potato,CIP316361.121,tubers,49629.6296296296,,TRUE,43259.2592592593,,,doi_10.21223_BW8LWJ,638,FALSE,FALSE,Peru,"El Mantaro, Junin",,,FALSE,,,,,,
BW8LWJ_El_Mantaro_Junin_phenotypic_stability,243,3,potato,CIP316361.121,tubers,50000,,TRUE,48518.5185185185,,,doi_10.21223_BW8LWJ,639,FALSE,FALSE,Peru,"El Mantaro, Junin",,,FALSE,,,,,,
BW8LWJ_El_Mantaro_Junin_phenotypic_stability,244,1,potato,CIP316361.158,tubers,71333.3333333333,,TRUE,67555.5555555556,,,doi_10.21223_BW8LWJ,640,FALSE,FALSE,Peru,"El Mantaro, Junin",,,FALSE,,,,,,
BW8LWJ_El_Mantaro_Junin_phenotypic_stability,245,2,potato,CIP316361.158,tubers,78074.0740740741,,TRUE,66296.2962962963,,,doi_10.21223_BW8LWJ,641,FALSE,FALSE,Peru,"El Mantaro, Junin",,,FALSE,,,,,,
BW8LWJ_El_Mantaro_Junin_phenotypic_stability,246,3,potato,CIP316361.158,tubers,68000,,TRUE,59259.2592592593,,,doi_10.21223_BW8LWJ,642,FALSE,FALSE,Peru,"El Mantaro, Junin",,,FALSE,,,,,,
BW8LWJ_El_Mantaro_Junin_phenotypic_stability,247,1,potato,CIP316361.187,tubers,48444.4444444445,,TRUE,41407.4074074074,,,doi_10.21223_BW8LWJ,643,FALSE,FALSE,Peru,"El Mantaro, Junin",,,FALSE,,,,,,
BW8LWJ_El_Mantaro_Junin_phenotypic_stability,248,2,potato,CIP316361.187,tubers,73111.1111111111,,TRUE,69777.7777777778,,,doi_10.21223_BW8LWJ,644,FALSE,FALSE,Peru,"El Mantaro, Junin",,,FALSE,,,,,,
BW8LWJ_El_Mantaro_Junin_phenotypic_stability,249,3,potato,CIP316361.187,tubers,55407.4074074074,,TRUE,50592.5925925926,,,doi_10.21223_BW8LWJ,645,FALSE,FALSE,Peru,"El Mantaro, Junin",,,FALSE,,,,,,
BW8LWJ_El_Mantaro_Junin_phenotypic_stability,250,1,potato,CIP316361.190,tubers,95703.7037037037,,TRUE,70962.962962963,,,doi_10.21223_BW8LWJ,646,FALSE,FALSE,Peru,"El Mantaro, Junin",,,FALSE,,,,,,
BW8LWJ_El_Mantaro_Junin_phenotypic_stability,251,2,potato,CIP316361.190,tubers,76370.3703703704,,TRUE,63703.7037037037,,,doi_10.21223_BW8LWJ,647,FALSE,FALSE,Peru,"El Mantaro, Junin",,,FALSE,,,,,,
BW8LWJ_El_Mantaro_Junin_phenotypic_stability,252,3,potato,CIP316361.190,tubers,82962.962962963,,TRUE,57851.8518518519,,,doi_10.21223_BW8LWJ,648,FALSE,FALSE,Peru,"El Mantaro, Junin",,,FALSE,,,,,,
BW8LWJ_El_Mantaro_Junin_phenotypic_stability,253,1,potato,CIP316361.191,tubers,40962.962962963,,TRUE,34370.3703703704,,,doi_10.21223_BW8LWJ,649,FALSE,FALSE,Peru,"El Mantaro, Junin",,,FALSE,,,,,,
BW8LWJ_El_Mantaro_Junin_phenotypic_stability,254,2,potato,CIP316361.191,tubers,46518.5185185185,,TRUE,44370.3703703704,,,doi_10.21223_BW8LWJ,650,FALSE,FALSE,Peru,"El Mantaro, Junin",,,FALSE,,,,,,
BW8LWJ_El_Mantaro_Junin_phenotypic_stability,255,3,potato,CIP316361.191,tubers,48444.4444444444,,TRUE,45333.3333333333,,,doi_10.21223_BW8LWJ,651,FALSE,FALSE,Peru,"El Mantaro, Junin",,,FALSE,,,,,,
BW8LWJ_El_Mantaro_Junin_phenotypic_stability,256,1,potato,CIP316361.209,tubers,64814.8148148148,,TRUE,64222.2222222222,,,doi_10.21223_BW8LWJ,652,FALSE,FALSE,Peru,"El Mantaro, Junin",,,FALSE,,,,,,
BW8LWJ_El_Mantaro_Junin_phenotypic_stability,257,2,potato,CIP316361.209,tubers,63037.037037037,,TRUE,59925.9259259259,,,doi_10.21223_BW8LWJ,653,FALSE,FALSE,Peru,"El Mantaro, Junin",,,FALSE,,,,,,
BW8LWJ_El_Mantaro_Junin_phenotypic_stability,258,3,potato,CIP316361.209,tubers,72592.5925925926,,TRUE,67925.9259259259,,,doi_10.21223_BW8LWJ,654,FALSE,FALSE,Peru,"El Mantaro, Junin",,,FALSE,,,,,,
BW8LWJ_El_Mantaro_Junin_phenotypic_stability,259,1,potato,CIP316361.244,tubers,53777.7777777778,,TRUE,49185.1851851852,,,doi_10.21223_BW8LWJ,655,FALSE,FALSE,Peru,"El Mantaro, Junin",,,FALSE,,,,,,
BW8LWJ_El_Mantaro_Junin_phenotypic_stability,260,2,potato,CIP316361.244,tubers,55037.037037037,,TRUE,48296.2962962963,,,doi_10.21223_BW8LWJ,656,FALSE,FALSE,Peru,"El Mantaro, Junin",,,FALSE,,,,,,
BW8LWJ_El_Mantaro_Junin_phenotypic_stability,261,3,potato,CIP316361.244,tubers,53111.1111111111,,TRUE,48666.6666666667,,,doi_10.21223_BW8LWJ,657,FALSE,FALSE,Peru,"El Mantaro, Junin",,,FALSE,,,,,,
BW8LWJ_El_Mantaro_Junin_phenotypic_stability,262,1,potato,CIP316365.166,tubers,52888.8888888889,,TRUE,50518.5185185185,,,doi_10.21223_BW8LWJ,658,FALSE,FALSE,Peru,"El Mantaro, Junin",,,FALSE,,,,,,
BW8LWJ_El_Mantaro_Junin_phenotypic_stability,263,2,potato,CIP316365.166,tubers,40222.2222222222,,TRUE,37407.4074074074,,,doi_10.21223_BW8LWJ,659,FALSE,FALSE,Peru,"El Mantaro, Junin",,,FALSE,,,,,,
BW8LWJ_El_Mantaro_Junin_phenotypic_stability,264,3,potato,CIP316365.166,tubers,48888.8888888889,,TRUE,44666.6666666667,,,doi_10.21223_BW8LWJ,660,FALSE,FALSE,Peru,"El Mantaro, Junin",,,FALSE,,,,,,
BW8LWJ_El_Mantaro_Junin_phenotypic_stability,265,1,potato,CIP316367.117,tubers,49333.3333333333,,TRUE,48000,,,doi_10.21223_BW8LWJ,661,FALSE,FALSE,Peru,"El Mantaro, Junin",,,FALSE,,,,,,
BW8LWJ_El_Mantaro_Junin_phenotypic_stability,266,2,potato,CIP316367.117,tubers,42740.7407407407,,TRUE,38814.8148148148,,,doi_10.21223_BW8LWJ,662,FALSE,FALSE,Peru,"El Mantaro, Junin",,,FALSE,,,,,,
BW8LWJ_El_Mantaro_Junin_phenotypic_stability,267,3,potato,CIP316367.117,tubers,59925.9259259259,,TRUE,55925.9259259259,,,doi_10.21223_BW8LWJ,663,FALSE,FALSE,Peru,"El Mantaro, Junin",,,FALSE,,,,,,
BW8LWJ_El_Mantaro_Junin_phenotypic_stability,268,1,potato,CIP316367.132,tubers,55407.4074074074,,TRUE,50518.5185185185,,,doi_10.21223_BW8LWJ,664,FALSE,FALSE,Peru,"El Mantaro, Junin",,,FALSE,,,,,,
BW8LWJ_El_Mantaro_Junin_phenotypic_stability,269,2,potato,CIP316367.132,tubers,57481.4814814815,,TRUE,52296.2962962963,,,doi_10.21223_BW8LWJ,665,FALSE,FALSE,Peru,"El Mantaro, Junin",,,FALSE,,,,,,
BW8LWJ_El_Mantaro_Junin_phenotypic_stability,270,3,potato,CIP316367.132,tubers,52814.8148148148,,TRUE,42592.5925925926,,,doi_10.21223_BW8LWJ,666,FALSE,FALSE,Peru,"El Mantaro, Junin",,,FALSE,,,,,,
BW8LWJ_El_Mantaro_Junin_phenotypic_stability,271,1,potato,CIP316367.134,tubers,70555.5555555556,,TRUE,62407.4074074074,,,doi_10.21223_BW8LWJ,667,FALSE,FALSE,Peru,"El Mantaro, Junin",,,FALSE,,,,,,
BW8LWJ_El_Mantaro_Junin_phenotypic_stability,272,2,potato,CIP316367.134,tubers,54962.962962963,,TRUE,35703.7037037037,,,doi_10.21223_BW8LWJ,668,FALSE,FALSE,Peru,"El Mantaro, Junin",,,FALSE,,,,,,
BW8LWJ_El_Mantaro_Junin_phenotypic_stability,273,3,potato,CIP316367.134,tubers,75333.3333333333,,TRUE,47481.4814814815,,,doi_10.21223_BW8LWJ,669,FALSE,FALSE,Peru,"El Mantaro, Junin",,,FALSE,,,,,,
BW8LWJ_El_Mantaro_Junin_phenotypic_stability,274,1,potato,CIP316367.147,tubers,67259.2592592593,,TRUE,59555.5555555556,,,doi_10.21223_BW8LWJ,670,FALSE,FALSE,Peru,"El Mantaro, Junin",,,FALSE,,,,,,
BW8LWJ_El_Mantaro_Junin_phenotypic_stability,275,2,potato,CIP316367.147,tubers,56000,,TRUE,51333.3333333333,,,doi_10.21223_BW8LWJ,671,FALSE,FALSE,Peru,"El Mantaro, Junin",,,FALSE,,,,,,
BW8LWJ_El_Mantaro_Junin_phenotypic_stability,276,3,potato,CIP316367.147,tubers,41185.1851851852,,TRUE,36962.962962963,,,doi_10.21223_BW8LWJ,672,FALSE,FALSE,Peru,"El Mantaro, Junin",,,FALSE,,,,,,
BW8LWJ_El_Mantaro_Junin_phenotypic_stability,277,1,potato,CIP316367.148,tubers,41259.2592592593,,TRUE,38888.8888888889,,,doi_10.21223_BW8LWJ,673,FALSE,FALSE,Peru,"El Mantaro, Junin",,,FALSE,,,,,,
BW8LWJ_El_Mantaro_Junin_phenotypic_stability,278,2,potato,CIP316367.148,tubers,37703.7037037037,,TRUE,31259.2592592593,,,doi_10.21223_BW8LWJ,674,FALSE,FALSE,Peru,"El Mantaro, Junin",,,FALSE,,,,,,
BW8LWJ_El_Mantaro_Junin_phenotypic_stability,279,3,potato,CIP316367.148,tubers,47629.6296296296,,TRUE,41629.6296296296,,,doi_10.21223_BW8LWJ,675,FALSE,FALSE,Peru,"El Mantaro, Junin",,,FALSE,,,,,,
BW8LWJ_El_Mantaro_Junin_phenotypic_stability,280,1,potato,CIP316367.177,tubers,68592.5925925926,,TRUE,66740.7407407407,,,doi_10.21223_BW8LWJ,676,FALSE,FALSE,Peru,"El Mantaro, Junin",,,FALSE,,,,,,
BW8LWJ_El_Mantaro_Junin_phenotypic_stability,281,2,potato,CIP316367.177,tubers,62444.4444444444,,TRUE,61629.6296296296,,,doi_10.21223_BW8LWJ,677,FALSE,FALSE,Peru,"El Mantaro, Junin",,,FALSE,,,,,,
BW8LWJ_El_Mantaro_Junin_phenotypic_stability,282,3,potato,CIP316367.177,tubers,35777.7777777778,,TRUE,33703.7037037037,,,doi_10.21223_BW8LWJ,678,FALSE,FALSE,Peru,"El Mantaro, Junin",,,FALSE,,,,,,
BW8LWJ_El_Mantaro_Junin_phenotypic_stability,283,1,potato,CIP316375.101,tubers,75259.2592592593,,TRUE,67333.3333333333,,,doi_10.21223_BW8LWJ,679,FALSE,FALSE,Peru,"El Mantaro, Junin",,,FALSE,,,,,,
BW8LWJ_El_Mantaro_Junin_phenotypic_stability,284,2,potato,CIP316375.101,tubers,60518.5185185185,,TRUE,45111.1111111111,,,doi_10.21223_BW8LWJ,680,FALSE,FALSE,Peru,"El Mantaro, Junin",,,FALSE,,,,,,
BW8LWJ_El_Mantaro_Junin_phenotypic_stability,285,3,potato,CIP316375.101,tubers,55851.8518518519,,TRUE,42444.4444444444,,,doi_10.21223_BW8LWJ,681,FALSE,FALSE,Peru,"El Mantaro, Junin",,,FALSE,,,,,,
BW8LWJ_El_Mantaro_Junin_phenotypic_stability,286,1,potato,CIP316375.102,tubers,66074.0740740741,,TRUE,54666.6666666667,,,doi_10.21223_BW8LWJ,682,FALSE,FALSE,Peru,"El Mantaro, Junin",,,FALSE,,,,,,
BW8LWJ_El_Mantaro_Junin_phenotypic_stability,287,2,potato,CIP316375.102,tubers,101925.925925926,,TRUE,94814.8148148148,,,doi_10.21223_BW8LWJ,683,FALSE,FALSE,Peru,"El Mantaro, Junin",,,FALSE,,,,,,
BW8LWJ_El_Mantaro_Junin_phenotypic_stability,288,3,potato,CIP316375.102,tubers,77777.7777777778,,TRUE,77777.7777777778,,,doi_10.21223_BW8LWJ,684,FALSE,FALSE,Peru,"El Mantaro, Junin",,,FALSE,,,,,,
BW8LWJ_El_Mantaro_Junin_phenotypic_stability,289,1,potato,CIP316387.156,tubers,51703.7037037037,,TRUE,46000,,,doi_10.21223_BW8LWJ,685,FALSE,FALSE,Peru,"El Mantaro, Junin",,,FALSE,,,,,,
BW8LWJ_El_Mantaro_Junin_phenotypic_stability,290,2,potato,CIP316387.156,tubers,53629.6296296296,,TRUE,40148.1481481482,,,doi_10.21223_BW8LWJ,686,FALSE,FALSE,Peru,"El Mantaro, Junin",,,FALSE,,,,,,
BW8LWJ_El_Mantaro_Junin_phenotypic_stability,291,3,potato,CIP316387.156,tubers,48370.3703703704,,TRUE,44444.4444444444,,,doi_10.21223_BW8LWJ,687,FALSE,FALSE,Peru,"El Mantaro, Junin",,,FALSE,,,,,,
BW8LWJ_El_Mantaro_Junin_phenotypic_stability,292,1,potato,Kory,tubers,67481.4814814815,,TRUE,64888.8888888889,,,doi_10.21223_BW8LWJ,688,FALSE,FALSE,Peru,"El Mantaro, Junin",,,FALSE,,,,,,
BW8LWJ_El_Mantaro_Junin_phenotypic_stability,293,2,potato,Kory,tubers,65925.9259259259,,TRUE,50444.4444444444,,,doi_10.21223_BW8LWJ,689,FALSE,FALSE,Peru,"El Mantaro, Junin",,,FALSE,,,,,,
BW8LWJ_El_Mantaro_Junin_phenotypic_stability,294,3,potato,Kory,tubers,52888.8888888889,,TRUE,50518.5185185185,,,doi_10.21223_BW8LWJ,690,FALSE,FALSE,Peru,"El Mantaro, Junin",,,FALSE,,,,,,
BW8LWJ_El_Mantaro_Junin_phenotypic_stability,295,1,potato,Yungay,tubers,71925.9259259259,,TRUE,47851.8518518519,,,doi_10.21223_BW8LWJ,691,FALSE,FALSE,Peru,"El Mantaro, Junin",,,FALSE,,,,,,
BW8LWJ_El_Mantaro_Junin_phenotypic_stability,296,2,potato,Yungay,tubers,70370.3703703704,,TRUE,55851.8518518519,,,doi_10.21223_BW8LWJ,692,FALSE,FALSE,Peru,"El Mantaro, Junin",,,FALSE,,,,,,
BW8LWJ_El_Mantaro_Junin_phenotypic_stability,297,3,potato,Yungay,tubers,65481.4814814815,,TRUE,47703.7037037037,,,doi_10.21223_BW8LWJ,693,FALSE,FALSE,Peru,"El Mantaro, Junin",,,FALSE,,,,,,
