"trial_id","plot_id","rep","crop","variety","yield_part","yield","yield_moisture","yield_isfresh","dataset_id","record_id","on_farm","is_survey","country","location","geo_from_source","latitude","longitude","planting_date","harvest_date","N_fertilizer","P_fertilizer","K_fertilizer","irrigated"
"HUANCAYO_01_2020","HUANCAYO_01_2020_P1",1,"potato","CIP316358.113","tubers",16.4814814814815,,TRUE,"doi:10.21223/B7HWWH",1,FALSE,FALSE,"Peru","Huancayo",FALSE,,,,,,,,
"HUANCAYO_01_2020","HUANCAYO_01_2020_P2",1,"potato","CIP316375.109","tubers",19.2592592592593,,TRUE,"doi:10.21223/B7HWWH",2,FALSE,FALSE,"Peru","Huancayo",FALSE,,,,,,,,
"HUANCAYO_01_2020","HUANCAYO_01_2020_P3",1,"potato","CIP316354.179","tubers",10.037037037037,,TRUE,"doi:10.21223/B7HWWH",3,FALSE,FALSE,"Peru","Huancayo",FALSE,,,,,,,,
"HUANCAYO_01_2020","HUANCAYO_01_2020_P4",1,"potato","CIP316390.167","tubers",19.2592592592593,,TRUE,"doi:10.21223/B7HWWH",4,FALSE,FALSE,"Peru","Huancayo",FALSE,,,,,,,,
"HUANCAYO_01_2020","HUANCAYO_01_2020_P5",1,"potato","Yungay","tubers",24.4444444444444,,TRUE,"doi:10.21223/B7HWWH",5,FALSE,FALSE,"Peru","Huancayo",FALSE,,,,,,,,
"HUANCAYO_01_2020","HUANCAYO_01_2020_P6",1,"potato","CIP316385.109","tubers",10.5555555555556,,TRUE,"doi:10.21223/B7HWWH",6,FALSE,FALSE,"Peru","Huancayo",FALSE,,,,,,,,
"HUANCAYO_01_2020","HUANCAYO_01_2020_P7",1,"potato","CIP316361.181","tubers",19.2592592592593,,TRUE,"doi:10.21223/B7HWWH",7,FALSE,FALSE,"Peru","Huancayo",FALSE,,,,,,,,
"HUANCAYO_01_2020","HUANCAYO_01_2020_P8",1,"potato","Amarilis","tubers",21.2962962962963,,TRUE,"doi:10.21223/B7HWWH",8,FALSE,FALSE,"Peru","Huancayo",FALSE,,,,,,,,
"HUANCAYO_01_2020","HUANCAYO_01_2020_P9",1,"potato","CIP316353.514","tubers",21.1111111111111,,TRUE,"doi:10.21223/B7HWWH",9,FALSE,FALSE,"Peru","Huancayo",FALSE,,,,,,,,
"HUANCAYO_01_2020","HUANCAYO_01_2020_P10",1,"potato","CIP316387.156","tubers",34.5185185185185,,TRUE,"doi:10.21223/B7HWWH",10,FALSE,FALSE,"Peru","Huancayo",FALSE,,,,,,,,
"HUANCAYO_01_2020","HUANCAYO_01_2020_P11",1,"potato","CIP316350.123","tubers",18.1481481481481,,TRUE,"doi:10.21223/B7HWWH",11,FALSE,FALSE,"Peru","Huancayo",FALSE,,,,,,,,
"HUANCAYO_01_2020","HUANCAYO_01_2020_P12",1,"potato","CIP316356.162","tubers",41.2962962962963,,TRUE,"doi:10.21223/B7HWWH",12,FALSE,FALSE,"Peru","Huancayo",FALSE,,,,,,,,
"HUANCAYO_01_2020","HUANCAYO_01_2020_P13",1,"potato","CIP316361.184","tubers",15.3703703703704,,TRUE,"doi:10.21223/B7HWWH",13,FALSE,FALSE,"Peru","Huancayo",FALSE,,,,,,,,
"HUANCAYO_01_2020","HUANCAYO_01_2020_P14",1,"potato","CIP316359.102","tubers",12.4814814814815,,TRUE,"doi:10.21223/B7HWWH",14,FALSE,FALSE,"Peru","Huancayo",FALSE,,,,,,,,
"HUANCAYO_01_2020","HUANCAYO_01_2020_P15",1,"potato","CIP316360.229","tubers",21.8518518518519,,TRUE,"doi:10.21223/B7HWWH",15,FALSE,FALSE,"Peru","Huancayo",FALSE,,,,,,,,
"HUANCAYO_01_2020","HUANCAYO_01_2020_P16",1,"potato","CIP316363.161","tubers",14.4444444444444,,TRUE,"doi:10.21223/B7HWWH",16,FALSE,FALSE,"Peru","Huancayo",FALSE,,,,,,,,
"HUANCAYO_01_2020","HUANCAYO_01_2020_P17",1,"potato","CIP317011.409","tubers",18.5185185185185,,TRUE,"doi:10.21223/B7HWWH",17,FALSE,FALSE,"Peru","Huancayo",FALSE,,,,,,,,
"HUANCAYO_01_2020","HUANCAYO_01_2020_P18",1,"potato","CIP316360.235","tubers",19.4444444444444,,TRUE,"doi:10.21223/B7HWWH",18,FALSE,FALSE,"Peru","Huancayo",FALSE,,,,,,,,
"HUANCAYO_01_2020","HUANCAYO_01_2020_P19",1,"potato","CIP316375.183","tubers",13.1481481481481,,TRUE,"doi:10.21223/B7HWWH",19,FALSE,FALSE,"Peru","Huancayo",FALSE,,,,,,,,
"HUANCAYO_01_2020","HUANCAYO_01_2020_P20",1,"potato","CIP316358.144","tubers",20.3703703703704,,TRUE,"doi:10.21223/B7HWWH",20,FALSE,FALSE,"Peru","Huancayo",FALSE,,,,,,,,
"HUANCAYO_01_2020","HUANCAYO_01_2020_P21",1,"potato","Amarilis","tubers",21.8518518518519,,TRUE,"doi:10.21223/B7HWWH",21,FALSE,FALSE,"Peru","Huancayo",FALSE,,,,,,,,
"HUANCAYO_01_2020","HUANCAYO_01_2020_P22",1,"potato","CIP316369.103","tubers",17.037037037037,,TRUE,"doi:10.21223/B7HWWH",22,FALSE,FALSE,"Peru","Huancayo",FALSE,,,,,,,,
"HUANCAYO_01_2020","HUANCAYO_01_2020_P23",1,"potato","Kory","tubers",30.3703703703704,,TRUE,"doi:10.21223/B7HWWH",23,FALSE,FALSE,"Peru","Huancayo",FALSE,,,,,,,,
"HUANCAYO_01_2020","HUANCAYO_01_2020_P24",1,"potato","CIP316359.168","tubers",20.9259259259259,,TRUE,"doi:10.21223/B7HWWH",24,FALSE,FALSE,"Peru","Huancayo",FALSE,,,,,,,,
"HUANCAYO_01_2020","HUANCAYO_01_2020_P25",1,"potato","CIP316361.241","tubers",19.6296296296296,,TRUE,"doi:10.21223/B7HWWH",25,FALSE,FALSE,"Peru","Huancayo",FALSE,,,,,,,,
"HUANCAYO_01_2020","HUANCAYO_01_2020_P26",1,"potato","CIP398208.33","tubers",7.59259259259259,,TRUE,"doi:10.21223/B7HWWH",26,FALSE,FALSE,"Peru","Huancayo",FALSE,,,,,,,,
"HUANCAYO_01_2020","HUANCAYO_01_2020_P27",1,"potato","CIP316360.149","tubers",22.4074074074074,,TRUE,"doi:10.21223/B7HWWH",27,FALSE,FALSE,"Peru","Huancayo",FALSE,,,,,,,,
"HUANCAYO_01_2020","HUANCAYO_01_2020_P28",1,"potato","CIP316362.134","tubers",19.0740740740741,,TRUE,"doi:10.21223/B7HWWH",28,FALSE,FALSE,"Peru","Huancayo",FALSE,,,,,,,,
"HUANCAYO_01_2020","HUANCAYO_01_2020_P29",1,"potato","CIP316365.166","tubers",26.8518518518519,,TRUE,"doi:10.21223/B7HWWH",29,FALSE,FALSE,"Peru","Huancayo",FALSE,,,,,,,,
"HUANCAYO_01_2020","HUANCAYO_01_2020_P30",1,"potato","CIP316385.138","tubers",26.1111111111111,,TRUE,"doi:10.21223/B7HWWH",30,FALSE,FALSE,"Peru","Huancayo",FALSE,,,,,,,,
"HUANCAYO_01_2020","HUANCAYO_01_2020_P31",1,"potato","CIP398203.5","tubers",34.2592592592593,,TRUE,"doi:10.21223/B7HWWH",31,FALSE,FALSE,"Peru","Huancayo",FALSE,,,,,,,,
"HUANCAYO_01_2020","HUANCAYO_01_2020_P32",1,"potato","Amarilis","tubers",22.2222222222222,,TRUE,"doi:10.21223/B7HWWH",32,FALSE,FALSE,"Peru","Huancayo",FALSE,,,,,,,,
"HUANCAYO_01_2020","HUANCAYO_01_2020_P33",1,"potato","CIP316360.240","tubers",17.037037037037,,TRUE,"doi:10.21223/B7HWWH",33,FALSE,FALSE,"Peru","Huancayo",FALSE,,,,,,,,
"HUANCAYO_01_2020","HUANCAYO_01_2020_P34",1,"potato","CIP316362.175","tubers",18.5185185185185,,TRUE,"doi:10.21223/B7HWWH",34,FALSE,FALSE,"Peru","Huancayo",FALSE,,,,,,,,
"HUANCAYO_01_2020","HUANCAYO_01_2020_P35",1,"potato","CIP316378.108","tubers",27.037037037037,,TRUE,"doi:10.21223/B7HWWH",35,FALSE,FALSE,"Peru","Huancayo",FALSE,,,,,,,,
"HUANCAYO_01_2020","HUANCAYO_01_2020_P36",1,"potato","CIP316361.132","tubers",36.4814814814815,,TRUE,"doi:10.21223/B7HWWH",36,FALSE,FALSE,"Peru","Huancayo",FALSE,,,,,,,,
"HUANCAYO_01_2020","HUANCAYO_01_2020_P37",1,"potato","CIP316358.103","tubers",26.4814814814815,,TRUE,"doi:10.21223/B7HWWH",37,FALSE,FALSE,"Peru","Huancayo",FALSE,,,,,,,,
"HUANCAYO_01_2020","HUANCAYO_01_2020_P38",1,"potato","CIP316349.166","tubers",32.7777777777778,,TRUE,"doi:10.21223/B7HWWH",38,FALSE,FALSE,"Peru","Huancayo",FALSE,,,,,,,,
"HUANCAYO_01_2020","HUANCAYO_01_2020_P39",1,"potato","CIP316376.133","tubers",18.7037037037037,,TRUE,"doi:10.21223/B7HWWH",39,FALSE,FALSE,"Peru","Huancayo",FALSE,,,,,,,,
"HUANCAYO_01_2020","HUANCAYO_01_2020_P40",1,"potato","CIP316359.115","tubers",28.8888888888889,,TRUE,"doi:10.21223/B7HWWH",40,FALSE,FALSE,"Peru","Huancayo",FALSE,,,,,,,,
"HUANCAYO_01_2020","HUANCAYO_01_2020_P41",1,"potato","CIP316357.187","tubers",15.3703703703704,,TRUE,"doi:10.21223/B7HWWH",41,FALSE,FALSE,"Peru","Huancayo",FALSE,,,,,,,,
"HUANCAYO_01_2020","HUANCAYO_01_2020_P42",1,"potato","CIP316356.158","tubers",16.8518518518519,,TRUE,"doi:10.21223/B7HWWH",42,FALSE,FALSE,"Peru","Huancayo",FALSE,,,,,,,,
"HUANCAYO_01_2020","HUANCAYO_01_2020_P43",1,"potato","CIP316360.156","tubers",27.4074074074074,,TRUE,"doi:10.21223/B7HWWH",43,FALSE,FALSE,"Peru","Huancayo",FALSE,,,,,,,,
"HUANCAYO_01_2020","HUANCAYO_01_2020_P44",1,"potato","CIP302551.26","tubers",22.7777777777778,,TRUE,"doi:10.21223/B7HWWH",44,FALSE,FALSE,"Peru","Huancayo",FALSE,,,,,,,,
"HUANCAYO_01_2020","HUANCAYO_01_2020_P45",1,"potato","CIP316362.152","tubers",23.7037037037037,,TRUE,"doi:10.21223/B7HWWH",45,FALSE,FALSE,"Peru","Huancayo",FALSE,,,,,,,,
"HUANCAYO_01_2020","HUANCAYO_01_2020_P46",1,"potato","Kory","tubers",27.4444444444444,,TRUE,"doi:10.21223/B7HWWH",46,FALSE,FALSE,"Peru","Huancayo",FALSE,,,,,,,,
"HUANCAYO_01_2020","HUANCAYO_01_2020_P47",1,"potato","CIP316359.119","tubers",13.5185185185185,,TRUE,"doi:10.21223/B7HWWH",47,FALSE,FALSE,"Peru","Huancayo",FALSE,,,,,,,,
"HUANCAYO_01_2020","HUANCAYO_01_2020_P48",1,"potato","CIP316353.128","tubers",14.0740740740741,,TRUE,"doi:10.21223/B7HWWH",48,FALSE,FALSE,"Peru","Huancayo",FALSE,,,,,,,,
"HUANCAYO_01_2020","HUANCAYO_01_2020_P49",1,"potato","CIP316371.104","tubers",19.6296296296296,,TRUE,"doi:10.21223/B7HWWH",49,FALSE,FALSE,"Peru","Huancayo",FALSE,,,,,,,,
"HUANCAYO_01_2020","HUANCAYO_01_2020_P50",1,"potato","CIP316363.127","tubers",28.8888888888889,,TRUE,"doi:10.21223/B7HWWH",50,FALSE,FALSE,"Peru","Huancayo",FALSE,,,,,,,,
"HUANCAYO_01_2020","HUANCAYO_01_2020_P51",1,"potato","CIP316358.150","tubers",27.7777777777778,,TRUE,"doi:10.21223/B7HWWH",51,FALSE,FALSE,"Peru","Huancayo",FALSE,,,,,,,,
"HUANCAYO_01_2020","HUANCAYO_01_2020_P52",1,"potato","CIP316385.164","tubers",18.1481481481481,,TRUE,"doi:10.21223/B7HWWH",52,FALSE,FALSE,"Peru","Huancayo",FALSE,,,,,,,,
"HUANCAYO_01_2020","HUANCAYO_01_2020_P53",1,"potato","CIP317015.449","tubers",29.8148148148148,,TRUE,"doi:10.21223/B7HWWH",53,FALSE,FALSE,"Peru","Huancayo",FALSE,,,,,,,,
"HUANCAYO_01_2020","HUANCAYO_01_2020_P54",1,"potato","CIP316352.113","tubers",16.8518518518519,,TRUE,"doi:10.21223/B7HWWH",54,FALSE,FALSE,"Peru","Huancayo",FALSE,,,,,,,,
"HUANCAYO_01_2020","HUANCAYO_01_2020_P55",1,"potato","CIP316344.181","tubers",8.33333333333333,,TRUE,"doi:10.21223/B7HWWH",55,FALSE,FALSE,"Peru","Huancayo",FALSE,,,,,,,,
"HUANCAYO_01_2020","HUANCAYO_01_2020_P56",1,"potato","CIP316345.741","tubers",28.8888888888889,,TRUE,"doi:10.21223/B7HWWH",56,FALSE,FALSE,"Peru","Huancayo",FALSE,,,,,,,,
"HUANCAYO_01_2020","HUANCAYO_01_2020_P57",1,"potato","CIP316358.126","tubers",15.5555555555556,,TRUE,"doi:10.21223/B7HWWH",57,FALSE,FALSE,"Peru","Huancayo",FALSE,,,,,,,,
"HUANCAYO_01_2020","HUANCAYO_01_2020_P58",1,"potato","Kory","tubers",28.3333333333333,,TRUE,"doi:10.21223/B7HWWH",58,FALSE,FALSE,"Peru","Huancayo",FALSE,,,,,,,,
"HUANCAYO_01_2020","HUANCAYO_01_2020_P59",1,"potato","CIP316354.172","tubers",10.3703703703704,,TRUE,"doi:10.21223/B7HWWH",59,FALSE,FALSE,"Peru","Huancayo",FALSE,,,,,,,,
"HUANCAYO_01_2020","HUANCAYO_01_2020_P60",1,"potato","CIP316367.132","tubers",19.6296296296296,,TRUE,"doi:10.21223/B7HWWH",60,FALSE,FALSE,"Peru","Huancayo",FALSE,,,,,,,,
"HUANCAYO_01_2020","HUANCAYO_01_2020_P61",1,"potato","Yungay","tubers",22.5925925925926,,TRUE,"doi:10.21223/B7HWWH",61,FALSE,FALSE,"Peru","Huancayo",FALSE,,,,,,,,
"HUANCAYO_01_2020","HUANCAYO_01_2020_P62",1,"potato","CIP316353.130","tubers",20.9259259259259,,TRUE,"doi:10.21223/B7HWWH",62,FALSE,FALSE,"Peru","Huancayo",FALSE,,,,,,,,
"HUANCAYO_01_2020","HUANCAYO_01_2020_P63",1,"potato","CIP316348.172","tubers",4.07407407407407,,TRUE,"doi:10.21223/B7HWWH",63,FALSE,FALSE,"Peru","Huancayo",FALSE,,,,,,,,
"HUANCAYO_01_2020","HUANCAYO_01_2020_P64",1,"potato","CIP316363.108","tubers",21.1111111111111,,TRUE,"doi:10.21223/B7HWWH",64,FALSE,FALSE,"Peru","Huancayo",FALSE,,,,,,,,
"HUANCAYO_01_2020","HUANCAYO_01_2020_P65",1,"potato","CIP316389.131","tubers",13.8888888888889,,TRUE,"doi:10.21223/B7HWWH",65,FALSE,FALSE,"Peru","Huancayo",FALSE,,,,,,,,
"HUANCAYO_01_2020","HUANCAYO_01_2020_P66",1,"potato","CIP316358.214","tubers",23.3333333333333,,TRUE,"doi:10.21223/B7HWWH",66,FALSE,FALSE,"Peru","Huancayo",FALSE,,,,,,,,
"HUANCAYO_01_2020","HUANCAYO_01_2020_P67",1,"potato","CIP316366.120","tubers",10.9259259259259,,TRUE,"doi:10.21223/B7HWWH",67,FALSE,FALSE,"Peru","Huancayo",FALSE,,,,,,,,
"HUANCAYO_01_2020","HUANCAYO_01_2020_P68",1,"potato","CIP316362.111","tubers",20,,TRUE,"doi:10.21223/B7HWWH",68,FALSE,FALSE,"Peru","Huancayo",FALSE,,,,,,,,
"HUANCAYO_01_2020","HUANCAYO_01_2020_P69",1,"potato","CIP316385.174","tubers",5.92592592592593,,TRUE,"doi:10.21223/B7HWWH",69,FALSE,FALSE,"Peru","Huancayo",FALSE,,,,,,,,
"HUANCAYO_01_2020","HUANCAYO_01_2020_P70",1,"potato","CIP304079.10","tubers",17.2222222222222,,TRUE,"doi:10.21223/B7HWWH",70,FALSE,FALSE,"Peru","Huancayo",FALSE,,,,,,,,
"HUANCAYO_01_2020","HUANCAYO_01_2020_P71",1,"potato","CIP316352.122","tubers",17.037037037037,,TRUE,"doi:10.21223/B7HWWH",71,FALSE,FALSE,"Peru","Huancayo",FALSE,,,,,,,,
"HUANCAYO_01_2020","HUANCAYO_01_2020_P72",1,"potato","CIP316367.102","tubers",14.2592592592593,,TRUE,"doi:10.21223/B7HWWH",72,FALSE,FALSE,"Peru","Huancayo",FALSE,,,,,,,,
"HUANCAYO_01_2020","HUANCAYO_01_2020_P73",1,"potato","CIP317015.460","tubers",16.1111111111111,,TRUE,"doi:10.21223/B7HWWH",73,FALSE,FALSE,"Peru","Huancayo",FALSE,,,,,,,,
"HUANCAYO_01_2020","HUANCAYO_01_2020_P74",1,"potato","CIP316362.137","tubers",16.1111111111111,,TRUE,"doi:10.21223/B7HWWH",74,FALSE,FALSE,"Peru","Huancayo",FALSE,,,,,,,,
"HUANCAYO_01_2020","HUANCAYO_01_2020_P75",1,"potato","CIP316362.158","tubers",24.8148148148148,,TRUE,"doi:10.21223/B7HWWH",75,FALSE,FALSE,"Peru","Huancayo",FALSE,,,,,,,,
"HUANCAYO_01_2020","HUANCAYO_01_2020_P76",1,"potato","CIP316385.149","tubers",24.6296296296296,,TRUE,"doi:10.21223/B7HWWH",76,FALSE,FALSE,"Peru","Huancayo",FALSE,,,,,,,,
"HUANCAYO_01_2020","HUANCAYO_01_2020_P77",1,"potato","CIP316361.227","tubers",10,,TRUE,"doi:10.21223/B7HWWH",77,FALSE,FALSE,"Peru","Huancayo",FALSE,,,,,,,,
"HUANCAYO_01_2020","HUANCAYO_01_2020_P78",1,"potato","Yungay","tubers",28.8888888888889,,TRUE,"doi:10.21223/B7HWWH",78,FALSE,FALSE,"Peru","Huancayo",FALSE,,,,,,,,
"HUANCAYO_01_2020","HUANCAYO_01_2020_P79",1,"potato","CIP316365.158","tubers",23.7037037037037,,TRUE,"doi:10.21223/B7HWWH",79,FALSE,FALSE,"Peru","Huancayo",FALSE,,,,,,,,
"HUANCAYO_01_2020","HUANCAYO_01_2020_P80",1,"potato","CIP316351.139","tubers",13.5185185185185,,TRUE,"doi:10.21223/B7HWWH",80,FALSE,FALSE,"Peru","Huancayo",FALSE,,,,,,,,
"HUANCAYO_01_2020","HUANCAYO_01_2020_P81",1,"potato","Yungay","tubers",35.3703703703704,,TRUE,"doi:10.21223/B7HWWH",81,FALSE,FALSE,"Peru","Huancayo",FALSE,,,,,,,,
"HUANCAYO_01_2020","HUANCAYO_01_2020_P82",1,"potato","CIP316390.152","tubers",15.1851851851852,,TRUE,"doi:10.21223/B7HWWH",82,FALSE,FALSE,"Peru","Huancayo",FALSE,,,,,,,,
"HUANCAYO_01_2020","HUANCAYO_01_2020_P83",1,"potato","CIP316360.116","tubers",22.4074074074074,,TRUE,"doi:10.21223/B7HWWH",83,FALSE,FALSE,"Peru","Huancayo",FALSE,,,,,,,,
"HUANCAYO_01_2020","HUANCAYO_01_2020_P84",1,"potato","CIP316357.208","tubers",15.1851851851852,,TRUE,"doi:10.21223/B7HWWH",84,FALSE,FALSE,"Peru","Huancayo",FALSE,,,,,,,,
"HUANCAYO_01_2020","HUANCAYO_01_2020_P85",1,"potato","CIP316359.124","tubers",15,,TRUE,"doi:10.21223/B7HWWH",85,FALSE,FALSE,"Peru","Huancayo",FALSE,,,,,,,,
"HUANCAYO_01_2020","HUANCAYO_01_2020_P86",1,"potato","CIP316345.726","tubers",14.4444444444444,,TRUE,"doi:10.21223/B7HWWH",86,FALSE,FALSE,"Peru","Huancayo",FALSE,,,,,,,,
"HUANCAYO_01_2020","HUANCAYO_01_2020_P87",1,"potato","Kory","tubers",40.5555555555556,,TRUE,"doi:10.21223/B7HWWH",87,FALSE,FALSE,"Peru","Huancayo",FALSE,,,,,,,,
"HUANCAYO_01_2020","HUANCAYO_01_2020_P88",1,"potato","CIP316392.137","tubers",32.5925925925926,,TRUE,"doi:10.21223/B7HWWH",88,FALSE,FALSE,"Peru","Huancayo",FALSE,,,,,,,,
"HUANCAYO_01_2020","HUANCAYO_01_2020_P89",1,"potato","CIP316359.158","tubers",33.5185185185185,,TRUE,"doi:10.21223/B7HWWH",89,FALSE,FALSE,"Peru","Huancayo",FALSE,,,,,,,,
"HUANCAYO_01_2020","HUANCAYO_01_2020_P90",1,"potato","CIP316385.222","tubers",21.1111111111111,,TRUE,"doi:10.21223/B7HWWH",90,FALSE,FALSE,"Peru","Huancayo",FALSE,,,,,,,,
"HUANCAYO_01_2020","HUANCAYO_01_2020_P91",1,"potato","CIP316352.152","tubers",18.3333333333333,,TRUE,"doi:10.21223/B7HWWH",91,FALSE,FALSE,"Peru","Huancayo",FALSE,,,,,,,,
"HUANCAYO_01_2020","HUANCAYO_01_2020_P92",1,"potato","CIP316348.239","tubers",20,,TRUE,"doi:10.21223/B7HWWH",92,FALSE,FALSE,"Peru","Huancayo",FALSE,,,,,,,,
"HUANCAYO_01_2020","HUANCAYO_01_2020_P93",1,"potato","CIP316358.189","tubers",29.3703703703704,,TRUE,"doi:10.21223/B7HWWH",93,FALSE,FALSE,"Peru","Huancayo",FALSE,,,,,,,,
"HUANCAYO_01_2020","HUANCAYO_01_2020_P94",1,"potato","CIP316371.141","tubers",20.9259259259259,,TRUE,"doi:10.21223/B7HWWH",94,FALSE,FALSE,"Peru","Huancayo",FALSE,,,,,,,,
"HUANCAYO_01_2020","HUANCAYO_01_2020_P95",1,"potato","Amarilis","tubers",30.3703703703704,,TRUE,"doi:10.21223/B7HWWH",95,FALSE,FALSE,"Peru","Huancayo",FALSE,,,,,,,,
"HUANCAYO_01_2020","HUANCAYO_01_2020_P96",1,"potato","CIP317014.230","tubers",17.962962962963,,TRUE,"doi:10.21223/B7HWWH",96,FALSE,FALSE,"Peru","Huancayo",FALSE,,,,,,,,
"HUANCAYO_01_2020","HUANCAYO_01_2020_P97",1,"potato","CIP316391.138","tubers",15.7407407407407,,TRUE,"doi:10.21223/B7HWWH",97,FALSE,FALSE,"Peru","Huancayo",FALSE,,,,,,,,
"HUANCAYO_01_2020","HUANCAYO_01_2020_P98",1,"potato","CIP316389.146","tubers",18.7037037037037,,TRUE,"doi:10.21223/B7HWWH",98,FALSE,FALSE,"Peru","Huancayo",FALSE,,,,,,,,
"HUANCAYO_01_2020","HUANCAYO_01_2020_P99",1,"potato","CIP316385.116","tubers",13.5185185185185,,TRUE,"doi:10.21223/B7HWWH",99,FALSE,FALSE,"Peru","Huancayo",FALSE,,,,,,,,
"HUANCAYO_01_2020","HUANCAYO_01_2020_P100",1,"potato","CIP398098.203","tubers",23.3333333333333,,TRUE,"doi:10.21223/B7HWWH",100,FALSE,FALSE,"Peru","Huancayo",FALSE,,,,,,,,
"HUANCAYO_01_2020","HUANCAYO_01_2020_P101",1,"potato","Yungay","tubers",28.3333333333333,,TRUE,"doi:10.21223/B7HWWH",101,FALSE,FALSE,"Peru","Huancayo",FALSE,,,,,,,,
"HUANCAYO_01_2020","HUANCAYO_01_2020_P102",1,"potato","CIP316359.227","tubers",21.4814814814815,,TRUE,"doi:10.21223/B7HWWH",102,FALSE,FALSE,"Peru","Huancayo",FALSE,,,,,,,,
"HUANCAYO_01_2020","HUANCAYO_01_2020_P103",1,"potato","Amarilis","tubers",190.740740740741,,TRUE,"doi:10.21223/B7HWWH",103,FALSE,FALSE,"Peru","Huancayo",FALSE,,,,,,,,
"HUANCAYO_01_2020","HUANCAYO_01_2020_P104",1,"potato","CIP316352.118","tubers",5.74074074074074,,TRUE,"doi:10.21223/B7HWWH",104,FALSE,FALSE,"Peru","Huancayo",FALSE,,,,,,,,
"HUANCAYO_01_2020","HUANCAYO_01_2020_P105",1,"potato","CIP316353.133","tubers",14.2592592592593,,TRUE,"doi:10.21223/B7HWWH",105,FALSE,FALSE,"Peru","Huancayo",FALSE,,,,,,,,
"HUANCAYO_01_2020","HUANCAYO_01_2020_P106",1,"potato","CIP316353.147","tubers",23.8888888888889,,TRUE,"doi:10.21223/B7HWWH",106,FALSE,FALSE,"Peru","Huancayo",FALSE,,,,,,,,
"HUANCAYO_01_2020","HUANCAYO_01_2020_P107",1,"potato","CIP316380.131","tubers",22.1481481481481,,TRUE,"doi:10.21223/B7HWWH",107,FALSE,FALSE,"Peru","Huancayo",FALSE,,,,,,,,
"HUANCAYO_01_2020","HUANCAYO_01_2020_P108",1,"potato","CIP316360.228","tubers",19.4444444444444,,TRUE,"doi:10.21223/B7HWWH",108,FALSE,FALSE,"Peru","Huancayo",FALSE,,,,,,,,
"HUANCAYO_01_2020","HUANCAYO_01_2020_P109",1,"potato","CIP316352.125","tubers",15.7407407407407,,TRUE,"doi:10.21223/B7HWWH",109,FALSE,FALSE,"Peru","Huancayo",FALSE,,,,,,,,
"HUANCAYO_01_2020","HUANCAYO_01_2020_P110",1,"potato","CIP316380.150","tubers",23.5185185185185,,TRUE,"doi:10.21223/B7HWWH",110,FALSE,FALSE,"Peru","Huancayo",FALSE,,,,,,,,
"HUANCAYO_01_2020","HUANCAYO_01_2020_P111",1,"potato","CIP317015.469","tubers",10.5555555555556,,TRUE,"doi:10.21223/B7HWWH",111,FALSE,FALSE,"Peru","Huancayo",FALSE,,,,,,,,
"HUANCAYO_01_2020","HUANCAYO_01_2020_P112",1,"potato","CIP398190.615","tubers",13.7037037037037,,TRUE,"doi:10.21223/B7HWWH",112,FALSE,FALSE,"Peru","Huancayo",FALSE,,,,,,,,
"HUANCAYO_01_2020","HUANCAYO_01_2020_P113",1,"potato","CIP317029.443","tubers",17.2222222222222,,TRUE,"doi:10.21223/B7HWWH",113,FALSE,FALSE,"Peru","Huancayo",FALSE,,,,,,,,
"HUANCAYO_01_2020","HUANCAYO_01_2020_P114",1,"potato","CIP316352.159","tubers",15.9259259259259,,TRUE,"doi:10.21223/B7HWWH",114,FALSE,FALSE,"Peru","Huancayo",FALSE,,,,,,,,
"HUANCAYO_01_2020","HUANCAYO_01_2020_P115",1,"potato","CIP316376.169","tubers",17.5925925925926,,TRUE,"doi:10.21223/B7HWWH",115,FALSE,FALSE,"Peru","Huancayo",FALSE,,,,,,,,
"HUANCAYO_01_2020","HUANCAYO_01_2020_P116",1,"potato","CIP316353.134","tubers",28.3333333333333,,TRUE,"doi:10.21223/B7HWWH",116,FALSE,FALSE,"Peru","Huancayo",FALSE,,,,,,,,
"HUANCAYO_01_2020","HUANCAYO_01_2020_P117",1,"potato","CIP316345.241","tubers",15.1851851851852,,TRUE,"doi:10.21223/B7HWWH",117,FALSE,FALSE,"Peru","Huancayo",FALSE,,,,,,,,
"HUANCAYO_01_2020","HUANCAYO_01_2020_P118",1,"potato","CIP316353.101","tubers",14.4444444444444,,TRUE,"doi:10.21223/B7HWWH",118,FALSE,FALSE,"Peru","Huancayo",FALSE,,,,,,,,
"HUANCAYO_01_2020","HUANCAYO_01_2020_P119",1,"potato","CIP316385.230","tubers",7.7037037037037,,TRUE,"doi:10.21223/B7HWWH",119,FALSE,FALSE,"Peru","Huancayo",FALSE,,,,,,,,
"HUANCAYO_01_2020","HUANCAYO_01_2020_P120",1,"potato","CIP316373.249","tubers",10.3703703703704,,TRUE,"doi:10.21223/B7HWWH",120,FALSE,FALSE,"Peru","Huancayo",FALSE,,,,,,,,
"HUANCAYO_01_2020","HUANCAYO_01_2020_P121",1,"potato","CIP316367.171","tubers",11.2962962962963,,TRUE,"doi:10.21223/B7HWWH",121,FALSE,FALSE,"Peru","Huancayo",FALSE,,,,,,,,
"HUANCAYO_01_2020","HUANCAYO_01_2020_P122",1,"potato","CIP316344.158","tubers",8.88888888888889,,TRUE,"doi:10.21223/B7HWWH",122,FALSE,FALSE,"Peru","Huancayo",FALSE,,,,,,,,
"HUANCAYO_01_2020","HUANCAYO_01_2020_P123",1,"potato","CIP304081.44","tubers",18.3333333333333,,TRUE,"doi:10.21223/B7HWWH",123,FALSE,FALSE,"Peru","Huancayo",FALSE,,,,,,,,
"HUANCAYO_01_2020","HUANCAYO_01_2020_P124",1,"potato","Amarilis","tubers",20.3703703703704,,TRUE,"doi:10.21223/B7HWWH",124,FALSE,FALSE,"Peru","Huancayo",FALSE,,,,,,,,
"HUANCAYO_01_2020","HUANCAYO_01_2020_P125",1,"potato","CIP316348.208","tubers",16.1111111111111,,TRUE,"doi:10.21223/B7HWWH",125,FALSE,FALSE,"Peru","Huancayo",FALSE,,,,,,,,
"HUANCAYO_01_2020","HUANCAYO_01_2020_P126",1,"potato","CIP317028.443","tubers",13.3333333333333,,TRUE,"doi:10.21223/B7HWWH",126,FALSE,FALSE,"Peru","Huancayo",FALSE,,,,,,,,
"HUANCAYO_01_2020","HUANCAYO_01_2020_P127",1,"potato","CIP316367.134","tubers",27.037037037037,,TRUE,"doi:10.21223/B7HWWH",127,FALSE,FALSE,"Peru","Huancayo",FALSE,,,,,,,,
"HUANCAYO_01_2020","HUANCAYO_01_2020_P128",1,"potato","CIP316382.149","tubers",16.8518518518519,,TRUE,"doi:10.21223/B7HWWH",128,FALSE,FALSE,"Peru","Huancayo",FALSE,,,,,,,,
"HUANCAYO_01_2020","HUANCAYO_01_2020_P129",1,"potato","CIP316383.108","tubers",18.7037037037037,,TRUE,"doi:10.21223/B7HWWH",129,FALSE,FALSE,"Peru","Huancayo",FALSE,,,,,,,,
"HUANCAYO_01_2020","HUANCAYO_01_2020_P130",1,"potato","CIP316393.114","tubers",27.5925925925926,,TRUE,"doi:10.21223/B7HWWH",130,FALSE,FALSE,"Peru","Huancayo",FALSE,,,,,,,,
"HUANCAYO_01_2020","HUANCAYO_01_2020_P131",1,"potato","CIP316373.238","tubers",19.6296296296296,,TRUE,"doi:10.21223/B7HWWH",131,FALSE,FALSE,"Peru","Huancayo",FALSE,,,,,,,,
"HUANCAYO_01_2020","HUANCAYO_01_2020_P132",1,"potato","CIP316386.161","tubers",16.4814814814815,,TRUE,"doi:10.21223/B7HWWH",132,FALSE,FALSE,"Peru","Huancayo",FALSE,,,,,,,,
"HUANCAYO_01_2020","HUANCAYO_01_2020_P133",1,"potato","CIP316374.208","tubers",17.037037037037,,TRUE,"doi:10.21223/B7HWWH",133,FALSE,FALSE,"Peru","Huancayo",FALSE,,,,,,,,
"HUANCAYO_01_2020","HUANCAYO_01_2020_P134",1,"potato","Kory","tubers",29.2592592592593,,TRUE,"doi:10.21223/B7HWWH",134,FALSE,FALSE,"Peru","Huancayo",FALSE,,,,,,,,
"HUANCAYO_01_2020","HUANCAYO_01_2020_P135",1,"potato","Amarilis","tubers",21.1111111111111,,TRUE,"doi:10.21223/B7HWWH",135,FALSE,FALSE,"Peru","Huancayo",FALSE,,,,,,,,
"HUANCAYO_01_2020","HUANCAYO_01_2020_P136",1,"potato","CIP316350.104","tubers",25,,TRUE,"doi:10.21223/B7HWWH",136,FALSE,FALSE,"Peru","Huancayo",FALSE,,,,,,,,
"HUANCAYO_01_2020","HUANCAYO_01_2020_P137",1,"potato","CIP316386.166","tubers",21.4814814814815,,TRUE,"doi:10.21223/B7HWWH",137,FALSE,FALSE,"Peru","Huancayo",FALSE,,,,,,,,
"HUANCAYO_01_2020","HUANCAYO_01_2020_P138",1,"potato","CIP316352.178","tubers",14.6296296296296,,TRUE,"doi:10.21223/B7HWWH",138,FALSE,FALSE,"Peru","Huancayo",FALSE,,,,,,,,
"HUANCAYO_01_2020","HUANCAYO_01_2020_P139",1,"potato","Yungay","tubers",27.5925925925926,,TRUE,"doi:10.21223/B7HWWH",139,FALSE,FALSE,"Peru","Huancayo",FALSE,,,,,,,,
"HUANCAYO_01_2020","HUANCAYO_01_2020_P140",1,"potato","CIP316366.137","tubers",14.0740740740741,,TRUE,"doi:10.21223/B7HWWH",140,FALSE,FALSE,"Peru","Huancayo",FALSE,,,,,,,,
"HUANCAYO_01_2020","HUANCAYO_01_2020_P141",1,"potato","CIP317015.408","tubers",3.33333333333333,,TRUE,"doi:10.21223/B7HWWH",141,FALSE,FALSE,"Peru","Huancayo",FALSE,,,,,,,,
"HUANCAYO_01_2020","HUANCAYO_01_2020_P142",1,"potato","CIP316360.212","tubers",22.7777777777778,,TRUE,"doi:10.21223/B7HWWH",142,FALSE,FALSE,"Peru","Huancayo",FALSE,,,,,,,,
"HUANCAYO_01_2020","HUANCAYO_01_2020_P143",1,"potato","CIP316348.223","tubers",9.33333333333333,,TRUE,"doi:10.21223/B7HWWH",143,FALSE,FALSE,"Peru","Huancayo",FALSE,,,,,,,,
"HUANCAYO_01_2020","HUANCAYO_01_2020_P144",1,"potato","CIP316367.159","tubers",10.3703703703704,,TRUE,"doi:10.21223/B7HWWH",144,FALSE,FALSE,"Peru","Huancayo",FALSE,,,,,,,,
"HUANCAYO_01_2020","HUANCAYO_01_2020_P145",1,"potato","CIP316361.152","tubers",6.66666666666667,,TRUE,"doi:10.21223/B7HWWH",145,FALSE,FALSE,"Peru","Huancayo",FALSE,,,,,,,,
"HUANCAYO_01_2020","HUANCAYO_01_2020_P146",1,"potato","CIP317015.434","tubers",32.037037037037,,TRUE,"doi:10.21223/B7HWWH",146,FALSE,FALSE,"Peru","Huancayo",FALSE,,,,,,,,
"HUANCAYO_01_2020","HUANCAYO_01_2020_P147",1,"potato","CIP316363.103","tubers",18.3333333333333,,TRUE,"doi:10.21223/B7HWWH",147,FALSE,FALSE,"Peru","Huancayo",FALSE,,,,,,,,
"HUANCAYO_01_2020","HUANCAYO_01_2020_P148",1,"potato","CIP317016.471","tubers",16.4814814814815,,TRUE,"doi:10.21223/B7HWWH",148,FALSE,FALSE,"Peru","Huancayo",FALSE,,,,,,,,
"HUANCAYO_01_2020","HUANCAYO_01_2020_P149",1,"potato","CIP316385.146","tubers",18.1481481481481,,TRUE,"doi:10.21223/B7HWWH",149,FALSE,FALSE,"Peru","Huancayo",FALSE,,,,,,,,
"HUANCAYO_01_2020","HUANCAYO_01_2020_P150",1,"potato","CIP316365.140","tubers",25.1851851851852,,TRUE,"doi:10.21223/B7HWWH",150,FALSE,FALSE,"Peru","Huancayo",FALSE,,,,,,,,
"HUANCAYO_01_2020","HUANCAYO_01_2020_P151",1,"potato","CIP317011.121","tubers",37.2222222222222,,TRUE,"doi:10.21223/B7HWWH",151,FALSE,FALSE,"Peru","Huancayo",FALSE,,,,,,,,
"HUANCAYO_01_2020","HUANCAYO_01_2020_P152",1,"potato","Amarilis","tubers",17.5925925925926,,TRUE,"doi:10.21223/B7HWWH",152,FALSE,FALSE,"Peru","Huancayo",FALSE,,,,,,,,
"HUANCAYO_01_2020","HUANCAYO_01_2020_P153",1,"potato","CIP317008.407","tubers",10.9259259259259,,TRUE,"doi:10.21223/B7HWWH",153,FALSE,FALSE,"Peru","Huancayo",FALSE,,,,,,,,
"HUANCAYO_01_2020","HUANCAYO_01_2020_P154",1,"potato","CIP316363.119","tubers",20.3703703703704,,TRUE,"doi:10.21223/B7HWWH",154,FALSE,FALSE,"Peru","Huancayo",FALSE,,,,,,,,
"HUANCAYO_01_2020","HUANCAYO_01_2020_P155",1,"potato","CIP317015.435","tubers",17.962962962963,,TRUE,"doi:10.21223/B7HWWH",155,FALSE,FALSE,"Peru","Huancayo",FALSE,,,,,,,,
"HUANCAYO_01_2020","HUANCAYO_01_2020_P156",1,"potato","CIP316349.116","tubers",3.7037037037037,,TRUE,"doi:10.21223/B7HWWH",156,FALSE,FALSE,"Peru","Huancayo",FALSE,,,,,,,,
"HUANCAYO_01_2020","HUANCAYO_01_2020_P157",1,"potato","CIP316350.145","tubers",9.62962962962963,,TRUE,"doi:10.21223/B7HWWH",157,FALSE,FALSE,"Peru","Huancayo",FALSE,,,,,,,,
"HUANCAYO_01_2020","HUANCAYO_01_2020_P158",1,"potato","Yungay","tubers",22.5925925925926,,TRUE,"doi:10.21223/B7HWWH",158,FALSE,FALSE,"Peru","Huancayo",FALSE,,,,,,,,
"HUANCAYO_01_2020","HUANCAYO_01_2020_P159",1,"potato","CIP316363.134","tubers",20.5185185185185,,TRUE,"doi:10.21223/B7HWWH",159,FALSE,FALSE,"Peru","Huancayo",FALSE,,,,,,,,
"HUANCAYO_01_2020","HUANCAYO_01_2020_P160",1,"potato","CIP316367.139","tubers",16.6666666666667,,TRUE,"doi:10.21223/B7HWWH",160,FALSE,FALSE,"Peru","Huancayo",FALSE,,,,,,,,
"HUANCAYO_01_2020","HUANCAYO_01_2020_P161",1,"potato","CIP316384.116","tubers",7.59259259259259,,TRUE,"doi:10.21223/B7HWWH",161,FALSE,FALSE,"Peru","Huancayo",FALSE,,,,,,,,
"HUANCAYO_01_2020","HUANCAYO_01_2020_P162",1,"potato","CIP316376.120","tubers",22.037037037037,,TRUE,"doi:10.21223/B7HWWH",162,FALSE,FALSE,"Peru","Huancayo",FALSE,,,,,,,,
"HUANCAYO_01_2020","HUANCAYO_01_2020_P163",1,"potato","CIP316375.101","tubers",27.7777777777778,,TRUE,"doi:10.21223/B7HWWH",163,FALSE,FALSE,"Peru","Huancayo",FALSE,,,,,,,,
"HUANCAYO_01_2020","HUANCAYO_01_2020_P164",1,"potato","CIP316360.200","tubers",20.1851851851852,,TRUE,"doi:10.21223/B7HWWH",164,FALSE,FALSE,"Peru","Huancayo",FALSE,,,,,,,,
"HUANCAYO_01_2020","HUANCAYO_01_2020_P165",1,"potato","CIP316361.158","tubers",24.8148148148148,,TRUE,"doi:10.21223/B7HWWH",165,FALSE,FALSE,"Peru","Huancayo",FALSE,,,,,,,,
"HUANCAYO_01_2020","HUANCAYO_01_2020_P166",1,"potato","CIP316365.120","tubers",15.3703703703704,,TRUE,"doi:10.21223/B7HWWH",166,FALSE,FALSE,"Peru","Huancayo",FALSE,,,,,,,,
"HUANCAYO_01_2020","HUANCAYO_01_2020_P167",1,"potato","CIP317016.450","tubers",14.8148148148148,,TRUE,"doi:10.21223/B7HWWH",167,FALSE,FALSE,"Peru","Huancayo",FALSE,,,,,,,,
"HUANCAYO_01_2020","HUANCAYO_01_2020_P168",1,"potato","CIP316353.120","tubers",12.7777777777778,,TRUE,"doi:10.21223/B7HWWH",168,FALSE,FALSE,"Peru","Huancayo",FALSE,,,,,,,,
"HUANCAYO_01_2020","HUANCAYO_01_2020_P169",1,"potato","CIP316361.244","tubers",15,,TRUE,"doi:10.21223/B7HWWH",169,FALSE,FALSE,"Peru","Huancayo",FALSE,,,,,,,,
"HUANCAYO_01_2020","HUANCAYO_01_2020_P170",1,"potato","CIP316364.154","tubers",12.037037037037,,TRUE,"doi:10.21223/B7HWWH",170,FALSE,FALSE,"Peru","Huancayo",FALSE,,,,,,,,
"HUANCAYO_01_2020","HUANCAYO_01_2020_P171",1,"potato","Yungay","tubers",25.7407407407407,,TRUE,"doi:10.21223/B7HWWH",171,FALSE,FALSE,"Peru","Huancayo",FALSE,,,,,,,,
"HUANCAYO_01_2020","HUANCAYO_01_2020_P172",1,"potato","CIP316364.151","tubers",16.2962962962963,,TRUE,"doi:10.21223/B7HWWH",172,FALSE,FALSE,"Peru","Huancayo",FALSE,,,,,,,,
"HUANCAYO_01_2020","HUANCAYO_01_2020_P173",1,"potato","CIP316384.215","tubers",18.1481481481481,,TRUE,"doi:10.21223/B7HWWH",173,FALSE,FALSE,"Peru","Huancayo",FALSE,,,,,,,,
"HUANCAYO_01_2020","HUANCAYO_01_2020_P174",1,"potato","CIP316359.216","tubers",15.9259259259259,,TRUE,"doi:10.21223/B7HWWH",174,FALSE,FALSE,"Peru","Huancayo",FALSE,,,,,,,,
"HUANCAYO_01_2020","HUANCAYO_01_2020_P175",1,"potato","CIP398180.289","tubers",13.5185185185185,,TRUE,"doi:10.21223/B7HWWH",175,FALSE,FALSE,"Peru","Huancayo",FALSE,,,,,,,,
"HUANCAYO_01_2020","HUANCAYO_01_2020_P176",1,"potato","CIP316344.146","tubers",13.7037037037037,,TRUE,"doi:10.21223/B7HWWH",176,FALSE,FALSE,"Peru","Huancayo",FALSE,,,,,,,,
"HUANCAYO_01_2020","HUANCAYO_01_2020_P177",1,"potato","CIP316390.130","tubers",7.77777777777778,,TRUE,"doi:10.21223/B7HWWH",177,FALSE,FALSE,"Peru","Huancayo",FALSE,,,,,,,,
"HUANCAYO_01_2020","HUANCAYO_01_2020_P178",1,"potato","CIP316353.161","tubers",9.25925925925926,,TRUE,"doi:10.21223/B7HWWH",178,FALSE,FALSE,"Peru","Huancayo",FALSE,,,,,,,,
"HUANCAYO_01_2020","HUANCAYO_01_2020_P179",1,"potato","CIP316356.142","tubers",8.7037037037037,,TRUE,"doi:10.21223/B7HWWH",179,FALSE,FALSE,"Peru","Huancayo",FALSE,,,,,,,,
"HUANCAYO_01_2020","HUANCAYO_01_2020_P180",1,"potato","CIP302531.43","tubers",11.2962962962963,,TRUE,"doi:10.21223/B7HWWH",180,FALSE,FALSE,"Peru","Huancayo",FALSE,,,,,,,,
"HUANCAYO_01_2020","HUANCAYO_01_2020_P181",1,"potato","CIP316364.143","tubers",12.2222222222222,,TRUE,"doi:10.21223/B7HWWH",181,FALSE,FALSE,"Peru","Huancayo",FALSE,,,,,,,,
"HUANCAYO_01_2020","HUANCAYO_01_2020_P182",1,"potato","CIP317029.434","tubers",11.1111111111111,,TRUE,"doi:10.21223/B7HWWH",182,FALSE,FALSE,"Peru","Huancayo",FALSE,,,,,,,,
"HUANCAYO_01_2020","HUANCAYO_01_2020_P183",1,"potato","CIP316345.228","tubers",3.33333333333333,,TRUE,"doi:10.21223/B7HWWH",183,FALSE,FALSE,"Peru","Huancayo",FALSE,,,,,,,,
"HUANCAYO_01_2020","HUANCAYO_01_2020_P184",1,"potato","CIP316385.178","tubers",20.3703703703704,,TRUE,"doi:10.21223/B7HWWH",184,FALSE,FALSE,"Peru","Huancayo",FALSE,,,,,,,,
"HUANCAYO_01_2020","HUANCAYO_01_2020_P185",1,"potato","CIP316367.151","tubers",13.7037037037037,,TRUE,"doi:10.21223/B7HWWH",185,FALSE,FALSE,"Peru","Huancayo",FALSE,,,,,,,,
"HUANCAYO_01_2020","HUANCAYO_01_2020_P186",1,"potato","CIP316355.162","tubers",14.8148148148148,,TRUE,"doi:10.21223/B7HWWH",186,FALSE,FALSE,"Peru","Huancayo",FALSE,,,,,,,,
"HUANCAYO_01_2020","HUANCAYO_01_2020_P187",1,"potato","CIP316360.101","tubers",29.0740740740741,,TRUE,"doi:10.21223/B7HWWH",187,FALSE,FALSE,"Peru","Huancayo",FALSE,,,,,,,,
"HUANCAYO_01_2020","HUANCAYO_01_2020_P188",1,"potato","Yungay","tubers",34.8148148148148,,TRUE,"doi:10.21223/B7HWWH",188,FALSE,FALSE,"Peru","Huancayo",FALSE,,,,,,,,
"HUANCAYO_01_2020","HUANCAYO_01_2020_P189",1,"potato","CIP316392.111","tubers",19.4444444444444,,TRUE,"doi:10.21223/B7HWWH",189,FALSE,FALSE,"Peru","Huancayo",FALSE,,,,,,,,
"HUANCAYO_01_2020","HUANCAYO_01_2020_P190",1,"potato","CIP317017.40","tubers",13.3333333333333,,TRUE,"doi:10.21223/B7HWWH",190,FALSE,FALSE,"Peru","Huancayo",FALSE,,,,,,,,
"HUANCAYO_01_2020","HUANCAYO_01_2020_P191",1,"potato","Yungay","tubers",33.8888888888889,,TRUE,"doi:10.21223/B7HWWH",191,FALSE,FALSE,"Peru","Huancayo",FALSE,,,,,,,,
"HUANCAYO_01_2020","HUANCAYO_01_2020_P192",1,"potato","CIP316359.165","tubers",14.2592592592593,,TRUE,"doi:10.21223/B7HWWH",192,FALSE,FALSE,"Peru","Huancayo",FALSE,,,,,,,,
"HUANCAYO_01_2020","HUANCAYO_01_2020_P193",1,"potato","Kory","tubers",27.2222222222222,,TRUE,"doi:10.21223/B7HWWH",193,FALSE,FALSE,"Peru","Huancayo",FALSE,,,,,,,,
"HUANCAYO_01_2020","HUANCAYO_01_2020_P194",1,"potato","CIP316353.499","tubers",17.7777777777778,,TRUE,"doi:10.21223/B7HWWH",194,FALSE,FALSE,"Peru","Huancayo",FALSE,,,,,,,,
"HUANCAYO_01_2020","HUANCAYO_01_2020_P195",1,"potato","CIP316352.166","tubers",7.03703703703704,,TRUE,"doi:10.21223/B7HWWH",195,FALSE,FALSE,"Peru","Huancayo",FALSE,,,,,,,,
"HUANCAYO_01_2020","HUANCAYO_01_2020_P196",1,"potato","CIP316360.187","tubers",20.9259259259259,,TRUE,"doi:10.21223/B7HWWH",196,FALSE,FALSE,"Peru","Huancayo",FALSE,,,,,,,,
"HUANCAYO_01_2020","HUANCAYO_01_2020_P197",1,"potato","CIP316386.141","tubers",16.4814814814815,,TRUE,"doi:10.21223/B7HWWH",197,FALSE,FALSE,"Peru","Huancayo",FALSE,,,,,,,,
"HUANCAYO_01_2020","HUANCAYO_01_2020_P198",1,"potato","CIP316360.177","tubers",16.2962962962963,,TRUE,"doi:10.21223/B7HWWH",198,FALSE,FALSE,"Peru","Huancayo",FALSE,,,,,,,,
"HUANCAYO_01_2020","HUANCAYO_01_2020_P199",1,"potato","CIP316355.161","tubers",9.44444444444444,,TRUE,"doi:10.21223/B7HWWH",199,FALSE,FALSE,"Peru","Huancayo",FALSE,,,,,,,,
"HUANCAYO_01_2020","HUANCAYO_01_2020_P200",1,"potato","CIP316359.107","tubers",8.51851851851852,,TRUE,"doi:10.21223/B7HWWH",200,FALSE,FALSE,"Peru","Huancayo",FALSE,,,,,,,,
"HUANCAYO_01_2020","HUANCAYO_01_2020_P201",1,"potato","CIP316367.194","tubers",14.8148148148148,,TRUE,"doi:10.21223/B7HWWH",201,FALSE,FALSE,"Peru","Huancayo",FALSE,,,,,,,,
"HUANCAYO_01_2020","HUANCAYO_01_2020_P202",1,"potato","CIP316365.165","tubers",9.25925925925926,,TRUE,"doi:10.21223/B7HWWH",202,FALSE,FALSE,"Peru","Huancayo",FALSE,,,,,,,,
"HUANCAYO_01_2020","HUANCAYO_01_2020_P203",1,"potato","CIP316371.125","tubers",33.8888888888889,,TRUE,"doi:10.21223/B7HWWH",203,FALSE,FALSE,"Peru","Huancayo",FALSE,,,,,,,,
"HUANCAYO_01_2020","HUANCAYO_01_2020_P204",1,"potato","CIP398208.620","tubers",16.6666666666667,,TRUE,"doi:10.21223/B7HWWH",204,FALSE,FALSE,"Peru","Huancayo",FALSE,,,,,,,,
"HUANCAYO_01_2020","HUANCAYO_01_2020_P205",1,"potato","CIP316361.153","tubers",15.7407407407407,,TRUE,"doi:10.21223/B7HWWH",205,FALSE,FALSE,"Peru","Huancayo",FALSE,,,,,,,,
"HUANCAYO_01_2020","HUANCAYO_01_2020_P206",1,"potato","CIP316361.211","tubers",15,,TRUE,"doi:10.21223/B7HWWH",206,FALSE,FALSE,"Peru","Huancayo",FALSE,,,,,,,,
"HUANCAYO_01_2020","HUANCAYO_01_2020_P207",1,"potato","CIP316363.183","tubers",17.037037037037,,TRUE,"doi:10.21223/B7HWWH",207,FALSE,FALSE,"Peru","Huancayo",FALSE,,,,,,,,
"HUANCAYO_01_2020","HUANCAYO_01_2020_P208",1,"potato","CIP316360.195","tubers",18.5185185185185,,TRUE,"doi:10.21223/B7HWWH",208,FALSE,FALSE,"Peru","Huancayo",FALSE,,,,,,,,
"HUANCAYO_01_2020","HUANCAYO_01_2020_P209",1,"potato","CIP398192.213","tubers",12.5925925925926,,TRUE,"doi:10.21223/B7HWWH",209,FALSE,FALSE,"Peru","Huancayo",FALSE,,,,,,,,
"HUANCAYO_01_2020","HUANCAYO_01_2020_P210",1,"potato","CIP316353.501","tubers",24.0740740740741,,TRUE,"doi:10.21223/B7HWWH",210,FALSE,FALSE,"Peru","Huancayo",FALSE,,,,,,,,
"HUANCAYO_01_2020","HUANCAYO_01_2020_P211",1,"potato","Kory","tubers",28.8888888888889,,TRUE,"doi:10.21223/B7HWWH",211,FALSE,FALSE,"Peru","Huancayo",FALSE,,,,,,,,
"HUANCAYO_01_2020","HUANCAYO_01_2020_P212",1,"potato","CIP316362.121","tubers",19.0740740740741,,TRUE,"doi:10.21223/B7HWWH",212,FALSE,FALSE,"Peru","Huancayo",FALSE,,,,,,,,
"HUANCAYO_01_2020","HUANCAYO_01_2020_P213",1,"potato","CIP316358.136","tubers",17.962962962963,,TRUE,"doi:10.21223/B7HWWH",213,FALSE,FALSE,"Peru","Huancayo",FALSE,,,,,,,,
"HUANCAYO_01_2020","HUANCAYO_01_2020_P214",1,"potato","CIP316363.157","tubers",18.3333333333333,,TRUE,"doi:10.21223/B7HWWH",214,FALSE,FALSE,"Peru","Huancayo",FALSE,,,,,,,,
"HUANCAYO_01_2020","HUANCAYO_01_2020_P215",1,"potato","CIP316359.159","tubers",19.8148148148148,,TRUE,"doi:10.21223/B7HWWH",215,FALSE,FALSE,"Peru","Huancayo",FALSE,,,,,,,,
"HUANCAYO_01_2020","HUANCAYO_01_2020_P216",1,"potato","CIP316383.140","tubers",18.3333333333333,,TRUE,"doi:10.21223/B7HWWH",216,FALSE,FALSE,"Peru","Huancayo",FALSE,,,,,,,,
"HUANCAYO_01_2020","HUANCAYO_01_2020_P217",1,"potato","CIP316358.154","tubers",20.5555555555556,,TRUE,"doi:10.21223/B7HWWH",217,FALSE,FALSE,"Peru","Huancayo",FALSE,,,,,,,,
"HUANCAYO_01_2020","HUANCAYO_01_2020_P218",1,"potato","CIP316357.146","tubers",31.2962962962963,,TRUE,"doi:10.21223/B7HWWH",218,FALSE,FALSE,"Peru","Huancayo",FALSE,,,,,,,,
"HUANCAYO_01_2020","HUANCAYO_01_2020_P219",1,"potato","CIP317029.432","tubers",6.85185185185185,,TRUE,"doi:10.21223/B7HWWH",219,FALSE,FALSE,"Peru","Huancayo",FALSE,,,,,,,,
"HUANCAYO_01_2020","HUANCAYO_01_2020_P220",1,"potato","CIP316344.165","tubers",11.4814814814815,,TRUE,"doi:10.21223/B7HWWH",220,FALSE,FALSE,"Peru","Huancayo",FALSE,,,,,,,,
"HUANCAYO_01_2020","HUANCAYO_01_2020_P221",1,"potato","Kory","tubers",27.7777777777778,,TRUE,"doi:10.21223/B7HWWH",221,FALSE,FALSE,"Peru","Huancayo",FALSE,,,,,,,,
"HUANCAYO_01_2020","HUANCAYO_01_2020_P222",1,"potato","CIP316354.137","tubers",17.6296296296296,,TRUE,"doi:10.21223/B7HWWH",222,FALSE,FALSE,"Peru","Huancayo",FALSE,,,,,,,,
"HUANCAYO_01_2020","HUANCAYO_01_2020_P223",1,"potato","CIP316382.118","tubers",12.962962962963,,TRUE,"doi:10.21223/B7HWWH",223,FALSE,FALSE,"Peru","Huancayo",FALSE,,,,,,,,
"HUANCAYO_01_2020","HUANCAYO_01_2020_P224",1,"potato","CIP316345.714","tubers",21.2962962962963,,TRUE,"doi:10.21223/B7HWWH",224,FALSE,FALSE,"Peru","Huancayo",FALSE,,,,,,,,
"HUANCAYO_01_2020","HUANCAYO_01_2020_P225",1,"potato","CIP316365.133","tubers",31.8518518518518,,TRUE,"doi:10.21223/B7HWWH",225,FALSE,FALSE,"Peru","Huancayo",FALSE,,,,,,,,
"HUANCAYO_01_2020","HUANCAYO_01_2020_P226",1,"potato","CIP316345.168","tubers",23.5185185185185,,TRUE,"doi:10.21223/B7HWWH",226,FALSE,FALSE,"Peru","Huancayo",FALSE,,,,,,,,
"HUANCAYO_01_2020","HUANCAYO_01_2020_P227",1,"potato","CIP316367.147","tubers",28.7037037037037,,TRUE,"doi:10.21223/B7HWWH",227,FALSE,FALSE,"Peru","Huancayo",FALSE,,,,,,,,
"HUANCAYO_01_2020","HUANCAYO_01_2020_P228",1,"potato","Kory","tubers",27.037037037037,,TRUE,"doi:10.21223/B7HWWH",228,FALSE,FALSE,"Peru","Huancayo",FALSE,,,,,,,,
"HUANCAYO_01_2020","HUANCAYO_01_2020_P229",1,"potato","CIP316367.124","tubers",18.1481481481481,,TRUE,"doi:10.21223/B7HWWH",229,FALSE,FALSE,"Peru","Huancayo",FALSE,,,,,,,,
"HUANCAYO_01_2020","HUANCAYO_01_2020_P230",1,"potato","CIP317028.494","tubers",7.03703703703704,,TRUE,"doi:10.21223/B7HWWH",230,FALSE,FALSE,"Peru","Huancayo",FALSE,,,,,,,,
"HUANCAYO_01_2020","HUANCAYO_01_2020_P231",1,"potato","CIP316373.198","tubers",15.1851851851852,,TRUE,"doi:10.21223/B7HWWH",231,FALSE,FALSE,"Peru","Huancayo",FALSE,,,,,,,,
"HUANCAYO_01_2020","HUANCAYO_01_2020_P232",1,"potato","CIP316385.144","tubers",18.3333333333333,,TRUE,"doi:10.21223/B7HWWH",232,FALSE,FALSE,"Peru","Huancayo",FALSE,,,,,,,,
"HUANCAYO_01_2020","HUANCAYO_01_2020_P233",1,"potato","CIP316352.182","tubers",11.4814814814815,,TRUE,"doi:10.21223/B7HWWH",233,FALSE,FALSE,"Peru","Huancayo",FALSE,,,,,,,,
"HUANCAYO_01_2020","HUANCAYO_01_2020_P234",1,"potato","CIP316361.246","tubers",12.5925925925926,,TRUE,"doi:10.21223/B7HWWH",234,FALSE,FALSE,"Peru","Huancayo",FALSE,,,,,,,,
"HUANCAYO_01_2020","HUANCAYO_01_2020_P235",1,"potato","Yungay","tubers",25,,TRUE,"doi:10.21223/B7HWWH",235,FALSE,FALSE,"Peru","Huancayo",FALSE,,,,,,,,
"HUANCAYO_01_2020","HUANCAYO_01_2020_P236",1,"potato","CIP316363.176","tubers",7.22222222222222,,TRUE,"doi:10.21223/B7HWWH",236,FALSE,FALSE,"Peru","Huancayo",FALSE,,,,,,,,
"HUANCAYO_01_2020","HUANCAYO_01_2020_P237",1,"potato","CIP398208.219","tubers",20.7407407407407,,TRUE,"doi:10.21223/B7HWWH",237,FALSE,FALSE,"Peru","Huancayo",FALSE,,,,,,,,
"HUANCAYO_01_2020","HUANCAYO_01_2020_P238",1,"potato","CIP316356.117","tubers",13.5185185185185,,TRUE,"doi:10.21223/B7HWWH",238,FALSE,FALSE,"Peru","Huancayo",FALSE,,,,,,,,
"HUANCAYO_01_2020","HUANCAYO_01_2020_P239",1,"potato","CIP316361.196","tubers",19.4444444444444,,TRUE,"doi:10.21223/B7HWWH",239,FALSE,FALSE,"Peru","Huancayo",FALSE,,,,,,,,
"HUANCAYO_01_2020","HUANCAYO_01_2020_P240",1,"potato","CIP316384.110","tubers",20.5555555555556,,TRUE,"doi:10.21223/B7HWWH",240,FALSE,FALSE,"Peru","Huancayo",FALSE,,,,,,,,
"HUANCAYO_01_2020","HUANCAYO_01_2020_P241",1,"potato","CIP316370.116","tubers",25.7407407407407,,TRUE,"doi:10.21223/B7HWWH",241,FALSE,FALSE,"Peru","Huancayo",FALSE,,,,,,,,
"HUANCAYO_01_2020","HUANCAYO_01_2020_P242",1,"potato","CIP316353.719","tubers",27.4074074074074,,TRUE,"doi:10.21223/B7HWWH",242,FALSE,FALSE,"Peru","Huancayo",FALSE,,,,,,,,
"HUANCAYO_01_2020","HUANCAYO_01_2020_P243",1,"potato","Yungay","tubers",19.2592592592593,,TRUE,"doi:10.21223/B7HWWH",243,FALSE,FALSE,"Peru","Huancayo",FALSE,,,,,,,,
"HUANCAYO_01_2020","HUANCAYO_01_2020_P244",1,"potato","Kory","tubers",19.6296296296296,,TRUE,"doi:10.21223/B7HWWH",244,FALSE,FALSE,"Peru","Huancayo",FALSE,,,,,,,,
"HUANCAYO_01_2020","HUANCAYO_01_2020_P245",1,"potato","CIP302534.1","tubers",8.51851851851852,,TRUE,"doi:10.21223/B7HWWH",245,FALSE,FALSE,"Peru","Huancayo",FALSE,,,,,,,,
"HUANCAYO_01_2020","HUANCAYO_01_2020_P246",1,"potato","CIP316344.106","tubers",11.8518518518519,,TRUE,"doi:10.21223/B7HWWH",246,FALSE,FALSE,"Peru","Huancayo",FALSE,,,,,,,,
"HUANCAYO_01_2020","HUANCAYO_01_2020_P247",1,"potato","Amarilis","tubers",26.6666666666667,,TRUE,"doi:10.21223/B7HWWH",247,FALSE,FALSE,"Peru","Huancayo",FALSE,,,,,,,,
"HUANCAYO_01_2020","HUANCAYO_01_2020_P248",1,"potato","CIP316360.168","tubers",18.8888888888889,,TRUE,"doi:10.21223/B7HWWH",248,FALSE,FALSE,"Peru","Huancayo",FALSE,,,,,,,,
"HUANCAYO_01_2020","HUANCAYO_01_2020_P249",1,"potato","CIP316366.101","tubers",10.3703703703704,,TRUE,"doi:10.21223/B7HWWH",249,FALSE,FALSE,"Peru","Huancayo",FALSE,,,,,,,,
"HUANCAYO_01_2020","HUANCAYO_01_2020_P250",1,"potato","CIP316376.153","tubers",9.25925925925926,,TRUE,"doi:10.21223/B7HWWH",250,FALSE,FALSE,"Peru","Huancayo",FALSE,,,,,,,,
"HUANCAYO_01_2020","HUANCAYO_01_2020_P251",1,"potato","CIP316367.137","tubers",8.51851851851852,,TRUE,"doi:10.21223/B7HWWH",251,FALSE,FALSE,"Peru","Huancayo",FALSE,,,,,,,,
"HUANCAYO_01_2020","HUANCAYO_01_2020_P252",1,"potato","CIP316387.132","tubers",4.62962962962963,,TRUE,"doi:10.21223/B7HWWH",252,FALSE,FALSE,"Peru","Huancayo",FALSE,,,,,,,,
"HUANCAYO_01_2020","HUANCAYO_01_2020_P253",1,"potato","CIP316344.154","tubers",12.4074074074074,,TRUE,"doi:10.21223/B7HWWH",253,FALSE,FALSE,"Peru","Huancayo",FALSE,,,,,,,,
"HUANCAYO_01_2020","HUANCAYO_01_2020_P254",1,"potato","CIP316363.102","tubers",10,,TRUE,"doi:10.21223/B7HWWH",254,FALSE,FALSE,"Peru","Huancayo",FALSE,,,,,,,,
"HUANCAYO_01_2020","HUANCAYO_01_2020_P255",1,"potato","CIP316348.151","tubers",12.962962962963,,TRUE,"doi:10.21223/B7HWWH",255,FALSE,FALSE,"Peru","Huancayo",FALSE,,,,,,,,
"HUANCAYO_01_2020","HUANCAYO_01_2020_P256",1,"potato","CIP316362.155","tubers",18.5185185185185,,TRUE,"doi:10.21223/B7HWWH",256,FALSE,FALSE,"Peru","Huancayo",FALSE,,,,,,,,
"HUANCAYO_01_2020","HUANCAYO_01_2020_P257",1,"potato","CIP316378.167","tubers",40,,TRUE,"doi:10.21223/B7HWWH",257,FALSE,FALSE,"Peru","Huancayo",FALSE,,,,,,,,
"HUANCAYO_01_2020","HUANCAYO_01_2020_P258",1,"potato","CIP316379.155","tubers",27.7777777777778,,TRUE,"doi:10.21223/B7HWWH",258,FALSE,FALSE,"Peru","Huancayo",FALSE,,,,,,,,
"HUANCAYO_01_2020","HUANCAYO_01_2020_P259",1,"potato","CIP316361.209","tubers",27.037037037037,,TRUE,"doi:10.21223/B7HWWH",259,FALSE,FALSE,"Peru","Huancayo",FALSE,,,,,,,,
"HUANCAYO_01_2020","HUANCAYO_01_2020_P260",1,"potato","CIP316367.174","tubers",32.2222222222222,,TRUE,"doi:10.21223/B7HWWH",260,FALSE,FALSE,"Peru","Huancayo",FALSE,,,,,,,,
"HUANCAYO_01_2020","HUANCAYO_01_2020_P261",1,"potato","CIP316378.153","tubers",15.7407407407407,,TRUE,"doi:10.21223/B7HWWH",261,FALSE,FALSE,"Peru","Huancayo",FALSE,,,,,,,,
"HUANCAYO_01_2020","HUANCAYO_01_2020_P262",1,"potato","CIP316359.249","tubers",17.962962962963,,TRUE,"doi:10.21223/B7HWWH",262,FALSE,FALSE,"Peru","Huancayo",FALSE,,,,,,,,
"HUANCAYO_01_2020","HUANCAYO_01_2020_P263",1,"potato","Amarilis","tubers",18.1481481481481,,TRUE,"doi:10.21223/B7HWWH",263,FALSE,FALSE,"Peru","Huancayo",FALSE,,,,,,,,
"HUANCAYO_01_2020","HUANCAYO_01_2020_P264",1,"potato","CIP316366.126","tubers",10,,TRUE,"doi:10.21223/B7HWWH",264,FALSE,FALSE,"Peru","Huancayo",FALSE,,,,,,,,
"HUANCAYO_01_2020","HUANCAYO_01_2020_P265",1,"potato","CIP316386.134","tubers",20.5555555555556,,TRUE,"doi:10.21223/B7HWWH",265,FALSE,FALSE,"Peru","Huancayo",FALSE,,,,,,,,
"HUANCAYO_01_2020","HUANCAYO_01_2020_P266",1,"potato","CIP316353.144","tubers",19.2592592592593,,TRUE,"doi:10.21223/B7HWWH",266,FALSE,FALSE,"Peru","Huancayo",FALSE,,,,,,,,
"HUANCAYO_01_2020","HUANCAYO_01_2020_P267",1,"potato","CIP316356.135","tubers",26.4814814814815,,TRUE,"doi:10.21223/B7HWWH",267,FALSE,FALSE,"Peru","Huancayo",FALSE,,,,,,,,
"HUANCAYO_01_2020","HUANCAYO_01_2020_P268",1,"potato","CIP316353.411","tubers",18.3333333333333,,TRUE,"doi:10.21223/B7HWWH",268,FALSE,FALSE,"Peru","Huancayo",FALSE,,,,,,,,
"HUANCAYO_01_2020","HUANCAYO_01_2020_P269",1,"potato","CIP316371.183","tubers",21.8518518518518,,TRUE,"doi:10.21223/B7HWWH",269,FALSE,FALSE,"Peru","Huancayo",FALSE,,,,,,,,
"HUANCAYO_01_2020","HUANCAYO_01_2020_P270",1,"potato","CIP316362.180","tubers",14.2592592592593,,TRUE,"doi:10.21223/B7HWWH",270,FALSE,FALSE,"Peru","Huancayo",FALSE,,,,,,,,
"HUANCAYO_01_2020","HUANCAYO_01_2020_P271",1,"potato","CIP316375.103","tubers",5.92592592592593,,TRUE,"doi:10.21223/B7HWWH",271,FALSE,FALSE,"Peru","Huancayo",FALSE,,,,,,,,
"HUANCAYO_01_2020","HUANCAYO_01_2020_P272",1,"potato","CIP316389.108","tubers",33.5185185185185,,TRUE,"doi:10.21223/B7HWWH",272,FALSE,FALSE,"Peru","Huancayo",FALSE,,,,,,,,
"HUANCAYO_01_2020","HUANCAYO_01_2020_P273",1,"potato","CIP316367.128","tubers",15.3703703703704,,TRUE,"doi:10.21223/B7HWWH",273,FALSE,FALSE,"Peru","Huancayo",FALSE,,,,,,,,
"HUANCAYO_01_2020","HUANCAYO_01_2020_P274",1,"potato","Amarilis","tubers",27.7777777777778,,TRUE,"doi:10.21223/B7HWWH",274,FALSE,FALSE,"Peru","Huancayo",FALSE,,,,,,,,
"HUANCAYO_01_2020","HUANCAYO_01_2020_P275",1,"potato","CIP316377.168","tubers",22.962962962963,,TRUE,"doi:10.21223/B7HWWH",275,FALSE,FALSE,"Peru","Huancayo",FALSE,,,,,,,,
"HUANCAYO_01_2020","HUANCAYO_01_2020_P276",1,"potato","CIP316376.106","tubers",20.5555555555556,,TRUE,"doi:10.21223/B7HWWH",276,FALSE,FALSE,"Peru","Huancayo",FALSE,,,,,,,,
"HUANCAYO_01_2020","HUANCAYO_01_2020_P277",1,"potato","CIP316384.153","tubers",10.7407407407407,,TRUE,"doi:10.21223/B7HWWH",277,FALSE,FALSE,"Peru","Huancayo",FALSE,,,,,,,,
"HUANCAYO_01_2020","HUANCAYO_01_2020_P278",1,"potato","CIP316382.153","tubers",17.962962962963,,TRUE,"doi:10.21223/B7HWWH",278,FALSE,FALSE,"Peru","Huancayo",FALSE,,,,,,,,
"HUANCAYO_01_2020","HUANCAYO_01_2020_P279",1,"potato","Kory","tubers",24.6296296296296,,TRUE,"doi:10.21223/B7HWWH",279,FALSE,FALSE,"Peru","Huancayo",FALSE,,,,,,,,
"HUANCAYO_01_2020","HUANCAYO_01_2020_P280",1,"potato","CIP316354.169","tubers",16.6666666666667,,TRUE,"doi:10.21223/B7HWWH",280,FALSE,FALSE,"Peru","Huancayo",FALSE,,,,,,,,
"HUANCAYO_01_2020","HUANCAYO_01_2020_P281",1,"potato","CIP316385.141","tubers",7.96296296296296,,TRUE,"doi:10.21223/B7HWWH",281,FALSE,FALSE,"Peru","Huancayo",FALSE,,,,,,,,
"HUANCAYO_01_2020","HUANCAYO_01_2020_P282",1,"potato","CIP316391.136","tubers",19.8148148148148,,TRUE,"doi:10.21223/B7HWWH",282,FALSE,FALSE,"Peru","Huancayo",FALSE,,,,,,,,
"HUANCAYO_01_2020","HUANCAYO_01_2020_P283",1,"potato","CIP316361.110","tubers",11.4814814814815,,TRUE,"doi:10.21223/B7HWWH",283,FALSE,FALSE,"Peru","Huancayo",FALSE,,,,,,,,
"HUANCAYO_01_2020","HUANCAYO_01_2020_P284",1,"potato","CIP316384.142","tubers",16.8518518518519,,TRUE,"doi:10.21223/B7HWWH",284,FALSE,FALSE,"Peru","Huancayo",FALSE,,,,,,,,
"HUANCAYO_01_2020","HUANCAYO_01_2020_P285",1,"potato","CIP316358.174","tubers",22.4074074074074,,TRUE,"doi:10.21223/B7HWWH",285,FALSE,FALSE,"Peru","Huancayo",FALSE,,,,,,,,
"HUANCAYO_01_2020","HUANCAYO_01_2020_P286",1,"potato","CIP316386.106","tubers",6.85185185185185,,TRUE,"doi:10.21223/B7HWWH",286,FALSE,FALSE,"Peru","Huancayo",FALSE,,,,,,,,
"HUANCAYO_01_2020","HUANCAYO_01_2020_P287",1,"potato","Yungay","tubers",38.5185185185185,,TRUE,"doi:10.21223/B7HWWH",287,FALSE,FALSE,"Peru","Huancayo",FALSE,,,,,,,,
"HUANCAYO_01_2020","HUANCAYO_01_2020_P288",1,"potato","CIP316367.160","tubers",31.8518518518518,,TRUE,"doi:10.21223/B7HWWH",288,FALSE,FALSE,"Peru","Huancayo",FALSE,,,,,,,,
"HUANCAYO_01_2020","HUANCAYO_01_2020_P289",1,"potato","CIP316351.134","tubers",10.3703703703704,,TRUE,"doi:10.21223/B7HWWH",289,FALSE,FALSE,"Peru","Huancayo",FALSE,,,,,,,,
"HUANCAYO_01_2020","HUANCAYO_01_2020_P290",1,"potato","CIP398208.505","tubers",13.1481481481481,,TRUE,"doi:10.21223/B7HWWH",290,FALSE,FALSE,"Peru","Huancayo",FALSE,,,,,,,,
"HUANCAYO_01_2020","HUANCAYO_01_2020_P291",1,"potato","CIP316363.104","tubers",15.1851851851852,,TRUE,"doi:10.21223/B7HWWH",291,FALSE,FALSE,"Peru","Huancayo",FALSE,,,,,,,,
"HUANCAYO_01_2020","HUANCAYO_01_2020_P292",1,"potato","CIP316384.146","tubers",20.1851851851852,,TRUE,"doi:10.21223/B7HWWH",292,FALSE,FALSE,"Peru","Huancayo",FALSE,,,,,,,,
"HUANCAYO_01_2020","HUANCAYO_01_2020_P293",1,"potato","CIP316361.163","tubers",22.037037037037,,TRUE,"doi:10.21223/B7HWWH",293,FALSE,FALSE,"Peru","Huancayo",FALSE,,,,,,,,
"HUANCAYO_01_2020","HUANCAYO_01_2020_P294",1,"potato","Kory","tubers",33.3333333333333,,TRUE,"doi:10.21223/B7HWWH",294,FALSE,FALSE,"Peru","Huancayo",FALSE,,,,,,,,
"HUANCAYO_01_2020","HUANCAYO_01_2020_P295",1,"potato","CIP316360.215","tubers",24.6296296296296,,TRUE,"doi:10.21223/B7HWWH",295,FALSE,FALSE,"Peru","Huancayo",FALSE,,,,,,,,
"HUANCAYO_01_2020","HUANCAYO_01_2020_P296",1,"potato","CIP316385.104","tubers",32.4074074074074,,TRUE,"doi:10.21223/B7HWWH",296,FALSE,FALSE,"Peru","Huancayo",FALSE,,,,,,,,
"HUANCAYO_01_2020","HUANCAYO_01_2020_P297",1,"potato","CIP316348.170","tubers",8.7037037037037,,TRUE,"doi:10.21223/B7HWWH",297,FALSE,FALSE,"Peru","Huancayo",FALSE,,,,,,,,
"HUANCAYO_01_2020","HUANCAYO_01_2020_P298",1,"potato","CIP316361.121","tubers",17.7777777777778,,TRUE,"doi:10.21223/B7HWWH",298,FALSE,FALSE,"Peru","Huancayo",FALSE,,,,,,,,
"HUANCAYO_01_2020","HUANCAYO_01_2020_P299",1,"potato","CIP316351.140","tubers",16.8518518518519,,TRUE,"doi:10.21223/B7HWWH",299,FALSE,FALSE,"Peru","Huancayo",FALSE,,,,,,,,
"HUANCAYO_01_2020","HUANCAYO_01_2020_P300",1,"potato","CIP316363.155","tubers",15.7777777777778,,TRUE,"doi:10.21223/B7HWWH",300,FALSE,FALSE,"Peru","Huancayo",FALSE,,,,,,,,
"HUANCAYO_01_2020","HUANCAYO_01_2020_P301",1,"potato","Amarilis","tubers",17.2222222222222,,TRUE,"doi:10.21223/B7HWWH",301,FALSE,FALSE,"Peru","Huancayo",FALSE,,,,,,,,
"HUANCAYO_01_2020","HUANCAYO_01_2020_P302",1,"potato","CIP316371.139","tubers",17.4074074074074,,TRUE,"doi:10.21223/B7HWWH",302,FALSE,FALSE,"Peru","Huancayo",FALSE,,,,,,,,
"HUANCAYO_01_2020","HUANCAYO_01_2020_P303",1,"potato","Yungay","tubers",16.4814814814815,,TRUE,"doi:10.21223/B7HWWH",303,FALSE,FALSE,"Peru","Huancayo",FALSE,,,,,,,,
"HUANCAYO_01_2020","HUANCAYO_01_2020_P304",1,"potato","CIP316361.231","tubers",15.9259259259259,,TRUE,"doi:10.21223/B7HWWH",304,FALSE,FALSE,"Peru","Huancayo",FALSE,,,,,,,,
"HUANCAYO_01_2020","HUANCAYO_01_2020_P305",1,"potato","CIP316353.139","tubers",7.59259259259259,,TRUE,"doi:10.21223/B7HWWH",305,FALSE,FALSE,"Peru","Huancayo",FALSE,,,,,,,,
"HUANCAYO_01_2020","HUANCAYO_01_2020_P306",1,"potato","CIP317016.492","tubers",20.7407407407407,,TRUE,"doi:10.21223/B7HWWH",306,FALSE,FALSE,"Peru","Huancayo",FALSE,,,,,,,,
"HUANCAYO_01_2020","HUANCAYO_01_2020_P307",1,"potato","CIP316357.216","tubers",7.77777777777778,,TRUE,"doi:10.21223/B7HWWH",307,FALSE,FALSE,"Peru","Huancayo",FALSE,,,,,,,,
"HUANCAYO_01_2020","HUANCAYO_01_2020_P308",1,"potato","CIP316359.144","tubers",10.7407407407407,,TRUE,"doi:10.21223/B7HWWH",308,FALSE,FALSE,"Peru","Huancayo",FALSE,,,,,,,,
"HUANCAYO_01_2020","HUANCAYO_01_2020_P309",1,"potato","CIP316359.242","tubers",17.7777777777778,,TRUE,"doi:10.21223/B7HWWH",309,FALSE,FALSE,"Peru","Huancayo",FALSE,,,,,,,,
"HUANCAYO_01_2020","HUANCAYO_01_2020_P310",1,"potato","Amarilis","tubers",23.5185185185185,,TRUE,"doi:10.21223/B7HWWH",310,FALSE,FALSE,"Peru","Huancayo",FALSE,,,,,,,,
"HUANCAYO_01_2020","HUANCAYO_01_2020_P311",1,"potato","CIP316361.222","tubers",30.5555555555556,,TRUE,"doi:10.21223/B7HWWH",311,FALSE,FALSE,"Peru","Huancayo",FALSE,,,,,,,,
"HUANCAYO_01_2020","HUANCAYO_01_2020_P312",1,"potato","CIP316367.191","tubers",18.8888888888889,,TRUE,"doi:10.21223/B7HWWH",312,FALSE,FALSE,"Peru","Huancayo",FALSE,,,,,,,,
"HUANCAYO_01_2020","HUANCAYO_01_2020_P313",1,"potato","CIP316348.238","tubers",12.5925925925926,,TRUE,"doi:10.21223/B7HWWH",313,FALSE,FALSE,"Peru","Huancayo",FALSE,,,,,,,,
"HUANCAYO_01_2020","HUANCAYO_01_2020_P314",1,"potato","Amarilis","tubers",29.8148148148148,,TRUE,"doi:10.21223/B7HWWH",314,FALSE,FALSE,"Peru","Huancayo",FALSE,,,,,,,,
"HUANCAYO_01_2020","HUANCAYO_01_2020_P315",1,"potato","CIP302533.74","tubers",19.0740740740741,,TRUE,"doi:10.21223/B7HWWH",315,FALSE,FALSE,"Peru","Huancayo",FALSE,,,,,,,,
"HUANCAYO_01_2020","HUANCAYO_01_2020_P316",1,"potato","CIP316363.167","tubers",16.8518518518519,,TRUE,"doi:10.21223/B7HWWH",316,FALSE,FALSE,"Peru","Huancayo",FALSE,,,,,,,,
"HUANCAYO_01_2020","HUANCAYO_01_2020_P317",1,"potato","CIP316348.179","tubers",22.4074074074074,,TRUE,"doi:10.21223/B7HWWH",317,FALSE,FALSE,"Peru","Huancayo",FALSE,,,,,,,,
"HUANCAYO_01_2020","HUANCAYO_01_2020_P318",1,"potato","CIP316349.117","tubers",25.7407407407407,,TRUE,"doi:10.21223/B7HWWH",318,FALSE,FALSE,"Peru","Huancayo",FALSE,,,,,,,,
"HUANCAYO_01_2020","HUANCAYO_01_2020_P319",1,"potato","CIP316357.184","tubers",19.8148148148148,,TRUE,"doi:10.21223/B7HWWH",319,FALSE,FALSE,"Peru","Huancayo",FALSE,,,,,,,,
"HUANCAYO_01_2020","HUANCAYO_01_2020_P320",1,"potato","CIP316360.139","tubers",27.5925925925926,,TRUE,"doi:10.21223/B7HWWH",320,FALSE,FALSE,"Peru","Huancayo",FALSE,,,,,,,,
"HUANCAYO_01_2020","HUANCAYO_01_2020_P321",1,"potato","CIP316377.127","tubers",18.3333333333333,,TRUE,"doi:10.21223/B7HWWH",321,FALSE,FALSE,"Peru","Huancayo",FALSE,,,,,,,,
"HUANCAYO_01_2020","HUANCAYO_01_2020_P322",1,"potato","CIP317029.430","tubers",26.4814814814815,,TRUE,"doi:10.21223/B7HWWH",322,FALSE,FALSE,"Peru","Huancayo",FALSE,,,,,,,,
"HUANCAYO_01_2020","HUANCAYO_01_2020_P323",1,"potato","CIP316359.199","tubers",23.3333333333333,,TRUE,"doi:10.21223/B7HWWH",323,FALSE,FALSE,"Peru","Huancayo",FALSE,,,,,,,,
"HUANCAYO_01_2020","HUANCAYO_01_2020_P324",1,"potato","CIP316350.125","tubers",638.333333333333,,TRUE,"doi:10.21223/B7HWWH",324,FALSE,FALSE,"Peru","Huancayo",FALSE,,,,,,,,
"HUANCAYO_01_2020","HUANCAYO_01_2020_P325",1,"potato","CIP316353.173","tubers",19.8148148148148,,TRUE,"doi:10.21223/B7HWWH",325,FALSE,FALSE,"Peru","Huancayo",FALSE,,,,,,,,
"HUANCAYO_01_2020","HUANCAYO_01_2020_P326",1,"potato","CIP316387.236","tubers",13.7037037037037,,TRUE,"doi:10.21223/B7HWWH",326,FALSE,FALSE,"Peru","Huancayo",FALSE,,,,,,,,
"HUANCAYO_01_2020","HUANCAYO_01_2020_P327",1,"potato","CIP316367.125","tubers",8.51851851851852,,TRUE,"doi:10.21223/B7HWWH",327,FALSE,FALSE,"Peru","Huancayo",FALSE,,,,,,,,
"HUANCAYO_01_2020","HUANCAYO_01_2020_P328",1,"potato","CIP316379.114","tubers",13.1481481481481,,TRUE,"doi:10.21223/B7HWWH",328,FALSE,FALSE,"Peru","Huancayo",FALSE,,,,,,,,
"HUANCAYO_01_2020","HUANCAYO_01_2020_P329",1,"potato","CIP316363.110","tubers",12.7777777777778,,TRUE,"doi:10.21223/B7HWWH",329,FALSE,FALSE,"Peru","Huancayo",FALSE,,,,,,,,
"HUANCAYO_01_2020","HUANCAYO_01_2020_P330",1,"potato","CIP316377.152","tubers",31.6666666666667,,TRUE,"doi:10.21223/B7HWWH",330,FALSE,FALSE,"Peru","Huancayo",FALSE,,,,,,,,
"HUANCAYO_01_2020","HUANCAYO_01_2020_P331",1,"potato","CIP316354.153","tubers",3.14814814814815,,TRUE,"doi:10.21223/B7HWWH",331,FALSE,FALSE,"Peru","Huancayo",FALSE,,,,,,,,
"HUANCAYO_01_2020","HUANCAYO_01_2020_P332",1,"potato","CIP316353.145","tubers",9.81481481481481,,TRUE,"doi:10.21223/B7HWWH",332,FALSE,FALSE,"Peru","Huancayo",FALSE,,,,,,,,
"HUANCAYO_01_2020","HUANCAYO_01_2020_P333",1,"potato","CIP316358.223","tubers",23.3333333333333,,TRUE,"doi:10.21223/B7HWWH",333,FALSE,FALSE,"Peru","Huancayo",FALSE,,,,,,,,
"HUANCAYO_01_2020","HUANCAYO_01_2020_P334",1,"potato","CIP316358.179","tubers",13.3333333333333,,TRUE,"doi:10.21223/B7HWWH",334,FALSE,FALSE,"Peru","Huancayo",FALSE,,,,,,,,
"HUANCAYO_01_2020","HUANCAYO_01_2020_P335",1,"potato","CIP316363.111","tubers",24.6296296296296,,TRUE,"doi:10.21223/B7HWWH",335,FALSE,FALSE,"Peru","Huancayo",FALSE,,,,,,,,
"HUANCAYO_01_2020","HUANCAYO_01_2020_P336",1,"potato","CIP316360.213","tubers",11.8518518518519,,TRUE,"doi:10.21223/B7HWWH",336,FALSE,FALSE,"Peru","Huancayo",FALSE,,,,,,,,
"HUANCAYO_01_2020","HUANCAYO_01_2020_P337",1,"potato","Amarilis","tubers",21.4814814814815,,TRUE,"doi:10.21223/B7HWWH",337,FALSE,FALSE,"Peru","Huancayo",FALSE,,,,,,,,
"HUANCAYO_01_2020","HUANCAYO_01_2020_P338",1,"potato","CIP316361.102","tubers",17.7777777777778,,TRUE,"doi:10.21223/B7HWWH",338,FALSE,FALSE,"Peru","Huancayo",FALSE,,,,,,,,
"HUANCAYO_01_2020","HUANCAYO_01_2020_P339",1,"potato","CIP316359.169","tubers",22.962962962963,,TRUE,"doi:10.21223/B7HWWH",339,FALSE,FALSE,"Peru","Huancayo",FALSE,,,,,,,,
"HUANCAYO_01_2020","HUANCAYO_01_2020_P340",1,"potato","CIP316359.234","tubers",21.2962962962963,,TRUE,"doi:10.21223/B7HWWH",340,FALSE,FALSE,"Peru","Huancayo",FALSE,,,,,,,,
"HUANCAYO_01_2020","HUANCAYO_01_2020_P341",1,"potato","CIP316348.244","tubers",15.3703703703704,,TRUE,"doi:10.21223/B7HWWH",341,FALSE,FALSE,"Peru","Huancayo",FALSE,,,,,,,,
"HUANCAYO_01_2020","HUANCAYO_01_2020_P342",1,"potato","CIP316359.134","tubers",32.4074074074074,,TRUE,"doi:10.21223/B7HWWH",342,FALSE,FALSE,"Peru","Huancayo",FALSE,,,,,,,,
"HUANCAYO_01_2020","HUANCAYO_01_2020_P343",1,"potato","CIP302533.49","tubers",20.5555555555556,,TRUE,"doi:10.21223/B7HWWH",343,FALSE,FALSE,"Peru","Huancayo",FALSE,,,,,,,,
"HUANCAYO_01_2020","HUANCAYO_01_2020_P344",1,"potato","CIP316367.117","tubers",28.8888888888889,,TRUE,"doi:10.21223/B7HWWH",344,FALSE,FALSE,"Peru","Huancayo",FALSE,,,,,,,,
"HUANCAYO_01_2020","HUANCAYO_01_2020_P345",1,"potato","CIP316384.170","tubers",10.7407407407407,,TRUE,"doi:10.21223/B7HWWH",345,FALSE,FALSE,"Peru","Huancayo",FALSE,,,,,,,,
"HUANCAYO_01_2020","HUANCAYO_01_2020_P346",1,"potato","CIP316359.171","tubers",26.2962962962963,,TRUE,"doi:10.21223/B7HWWH",346,FALSE,FALSE,"Peru","Huancayo",FALSE,,,,,,,,
"HUANCAYO_01_2020","HUANCAYO_01_2020_P347",1,"potato","CIP316385.118","tubers",25.5555555555556,,TRUE,"doi:10.21223/B7HWWH",347,FALSE,FALSE,"Peru","Huancayo",FALSE,,,,,,,,
"HUANCAYO_01_2020","HUANCAYO_01_2020_P348",1,"potato","CIP316385.125","tubers",5.74074074074074,,TRUE,"doi:10.21223/B7HWWH",348,FALSE,FALSE,"Peru","Huancayo",FALSE,,,,,,,,
"HUANCAYO_01_2020","HUANCAYO_01_2020_P349",1,"potato","Kory","tubers",34.2592592592593,,TRUE,"doi:10.21223/B7HWWH",349,FALSE,FALSE,"Peru","Huancayo",FALSE,,,,,,,,
"HUANCAYO_01_2020","HUANCAYO_01_2020_P350",1,"potato","CIP316362.179","tubers",10,,TRUE,"doi:10.21223/B7HWWH",350,FALSE,FALSE,"Peru","Huancayo",FALSE,,,,,,,,
"HUANCAYO_01_2020","HUANCAYO_01_2020_P351",1,"potato","CIP316349.174","tubers",11.6666666666667,,TRUE,"doi:10.21223/B7HWWH",351,FALSE,FALSE,"Peru","Huancayo",FALSE,,,,,,,,
"HUANCAYO_01_2020","HUANCAYO_01_2020_P352",1,"potato","CIP316345.237","tubers",5.74074074074074,,TRUE,"doi:10.21223/B7HWWH",352,FALSE,FALSE,"Peru","Huancayo",FALSE,,,,,,,,
"HUANCAYO_01_2020","HUANCAYO_01_2020_P353",1,"potato","CIP316368.159","tubers",22.962962962963,,TRUE,"doi:10.21223/B7HWWH",353,FALSE,FALSE,"Peru","Huancayo",FALSE,,,,,,,,
"HUANCAYO_01_2020","HUANCAYO_01_2020_P354",1,"potato","CIP316360.180","tubers",20.7407407407407,,TRUE,"doi:10.21223/B7HWWH",354,FALSE,FALSE,"Peru","Huancayo",FALSE,,,,,,,,
"HUANCAYO_01_2020","HUANCAYO_01_2020_P355",1,"potato","CIP316382.109","tubers",10.5555555555556,,TRUE,"doi:10.21223/B7HWWH",355,FALSE,FALSE,"Peru","Huancayo",FALSE,,,,,,,,
"HUANCAYO_01_2020","HUANCAYO_01_2020_P356",1,"potato","CIP316390.126","tubers",5.92592592592593,,TRUE,"doi:10.21223/B7HWWH",356,FALSE,FALSE,"Peru","Huancayo",FALSE,,,,,,,,
"HUANCAYO_01_2020","HUANCAYO_01_2020_P357",1,"potato","CIP316356.145","tubers",15.5555555555556,,TRUE,"doi:10.21223/B7HWWH",357,FALSE,FALSE,"Peru","Huancayo",FALSE,,,,,,,,
"HUANCAYO_01_2020","HUANCAYO_01_2020_P358",1,"potato","CIP316391.146","tubers",2.59259259259259,,TRUE,"doi:10.21223/B7HWWH",358,FALSE,FALSE,"Peru","Huancayo",FALSE,,,,,,,,
"HUANCAYO_01_2020","HUANCAYO_01_2020_P359",1,"potato","Yungay","tubers",29.0740740740741,,TRUE,"doi:10.21223/B7HWWH",359,FALSE,FALSE,"Peru","Huancayo",FALSE,,,,,,,,
"HUANCAYO_01_2020","HUANCAYO_01_2020_P360",1,"potato","Amarilis","tubers",20,,TRUE,"doi:10.21223/B7HWWH",360,FALSE,FALSE,"Peru","Huancayo",FALSE,,,,,,,,
"HUANCAYO_01_2020","HUANCAYO_01_2020_P361",1,"potato","CIP316363.166","tubers",10.1851851851852,,TRUE,"doi:10.21223/B7HWWH",361,FALSE,FALSE,"Peru","Huancayo",FALSE,,,,,,,,
"HUANCAYO_01_2020","HUANCAYO_01_2020_P362",1,"potato","CIP316359.133","tubers",18.8888888888889,,TRUE,"doi:10.21223/B7HWWH",362,FALSE,FALSE,"Peru","Huancayo",FALSE,,,,,,,,
"HUANCAYO_01_2020","HUANCAYO_01_2020_P363",1,"potato","CIP317017.65","tubers",16.1111111111111,,TRUE,"doi:10.21223/B7HWWH",363,FALSE,FALSE,"Peru","Huancayo",FALSE,,,,,,,,
"HUANCAYO_01_2020","HUANCAYO_01_2020_P364",1,"potato","CIP316389.142","tubers",14.2592592592593,,TRUE,"doi:10.21223/B7HWWH",364,FALSE,FALSE,"Peru","Huancayo",FALSE,,,,,,,,
"HUANCAYO_01_2020","HUANCAYO_01_2020_P365",1,"potato","Amarilis","tubers",23.7037037037037,,TRUE,"doi:10.21223/B7HWWH",365,FALSE,FALSE,"Peru","Huancayo",FALSE,,,,,,,,
"HUANCAYO_01_2020","HUANCAYO_01_2020_P366",1,"potato","CIP316389.111","tubers",12.037037037037,,TRUE,"doi:10.21223/B7HWWH",366,FALSE,FALSE,"Peru","Huancayo",FALSE,,,,,,,,
"HUANCAYO_01_2020","HUANCAYO_01_2020_P367",1,"potato","CIP316359.173","tubers",22.037037037037,,TRUE,"doi:10.21223/B7HWWH",367,FALSE,FALSE,"Peru","Huancayo",FALSE,,,,,,,,
"HUANCAYO_01_2020","HUANCAYO_01_2020_P368",1,"potato","CIP316358.114","tubers",24.2592592592593,,TRUE,"doi:10.21223/B7HWWH",368,FALSE,FALSE,"Peru","Huancayo",FALSE,,,,,,,,
"HUANCAYO_01_2020","HUANCAYO_01_2020_P369",1,"potato","Kory","tubers",30.3703703703704,,TRUE,"doi:10.21223/B7HWWH",369,FALSE,FALSE,"Peru","Huancayo",FALSE,,,,,,,,
"HUANCAYO_01_2020","HUANCAYO_01_2020_P370",1,"potato","CIP316359.167","tubers",22.7777777777778,,TRUE,"doi:10.21223/B7HWWH",370,FALSE,FALSE,"Peru","Huancayo",FALSE,,,,,,,,
"HUANCAYO_01_2020","HUANCAYO_01_2020_P371",1,"potato","CIP316353.152","tubers",5.55555555555555,,TRUE,"doi:10.21223/B7HWWH",371,FALSE,FALSE,"Peru","Huancayo",FALSE,,,,,,,,
"HUANCAYO_01_2020","HUANCAYO_01_2020_P372",1,"potato","CIP316345.247","tubers",15.3703703703704,,TRUE,"doi:10.21223/B7HWWH",372,FALSE,FALSE,"Peru","Huancayo",FALSE,,,,,,,,
"HUANCAYO_01_2020","HUANCAYO_01_2020_P373",1,"potato","Kory","tubers",32.037037037037,,TRUE,"doi:10.21223/B7HWWH",373,FALSE,FALSE,"Peru","Huancayo",FALSE,,,,,,,,
"HUANCAYO_01_2020","HUANCAYO_01_2020_P374",1,"potato","CIP316378.162","tubers",18.7037037037037,,TRUE,"doi:10.21223/B7HWWH",374,FALSE,FALSE,"Peru","Huancayo",FALSE,,,,,,,,
"HUANCAYO_01_2020","HUANCAYO_01_2020_P375",1,"potato","CIP316361.118","tubers",20,,TRUE,"doi:10.21223/B7HWWH",375,FALSE,FALSE,"Peru","Huancayo",FALSE,,,,,,,,
"HUANCAYO_01_2020","HUANCAYO_01_2020_P376",1,"potato","CIP316345.245","tubers",15,,TRUE,"doi:10.21223/B7HWWH",376,FALSE,FALSE,"Peru","Huancayo",FALSE,,,,,,,,
"HUANCAYO_01_2020","HUANCAYO_01_2020_P377",1,"potato","CIP316378.183","tubers",27.4074074074074,,TRUE,"doi:10.21223/B7HWWH",377,FALSE,FALSE,"Peru","Huancayo",FALSE,,,,,,,,
"HUANCAYO_01_2020","HUANCAYO_01_2020_P378",1,"potato","CIP316349.189","tubers",21.6666666666667,,TRUE,"doi:10.21223/B7HWWH",378,FALSE,FALSE,"Peru","Huancayo",FALSE,,,,,,,,
"HUANCAYO_01_2020","HUANCAYO_01_2020_P379",1,"potato","CIP316390.107","tubers",11.1111111111111,,TRUE,"doi:10.21223/B7HWWH",379,FALSE,FALSE,"Peru","Huancayo",FALSE,,,,,,,,
"HUANCAYO_01_2020","HUANCAYO_01_2020_P380",1,"potato","CIP316358.232","tubers",17.4074074074074,,TRUE,"doi:10.21223/B7HWWH",380,FALSE,FALSE,"Peru","Huancayo",FALSE,,,,,,,,
"HUANCAYO_01_2020","HUANCAYO_01_2020_P381",1,"potato","CIP316379.149","tubers",4.81481481481481,,TRUE,"doi:10.21223/B7HWWH",381,FALSE,FALSE,"Peru","Huancayo",FALSE,,,,,,,,
"HUANCAYO_01_2020","HUANCAYO_01_2020_P382",1,"potato","CIP317017.81","tubers",12.037037037037,,TRUE,"doi:10.21223/B7HWWH",382,FALSE,FALSE,"Peru","Huancayo",FALSE,,,,,,,,
"HUANCAYO_01_2020","HUANCAYO_01_2020_P383",1,"potato","CIP398192.553","tubers",14.2592592592593,,TRUE,"doi:10.21223/B7HWWH",383,FALSE,FALSE,"Peru","Huancayo",FALSE,,,,,,,,
"HUANCAYO_01_2020","HUANCAYO_01_2020_P384",1,"potato","CIP316370.137","tubers",7.77777777777778,,TRUE,"doi:10.21223/B7HWWH",384,FALSE,FALSE,"Peru","Huancayo",FALSE,,,,,,,,
"HUANCAYO_01_2020","HUANCAYO_01_2020_P385",1,"potato","Kory","tubers",30.1851851851852,,TRUE,"doi:10.21223/B7HWWH",385,FALSE,FALSE,"Peru","Huancayo",FALSE,,,,,,,,
"HUANCAYO_01_2020","HUANCAYO_01_2020_P386",1,"potato","CIP316345.154","tubers",18.2592592592593,,TRUE,"doi:10.21223/B7HWWH",386,FALSE,FALSE,"Peru","Huancayo",FALSE,,,,,,,,
"HUANCAYO_01_2020","HUANCAYO_01_2020_P387",1,"potato","CIP316358.182","tubers",27.5925925925926,,TRUE,"doi:10.21223/B7HWWH",387,FALSE,FALSE,"Peru","Huancayo",FALSE,,,,,,,,
"HUANCAYO_01_2020","HUANCAYO_01_2020_P388",1,"potato","CIP316372.133","tubers",10,,TRUE,"doi:10.21223/B7HWWH",388,FALSE,FALSE,"Peru","Huancayo",FALSE,,,,,,,,
"HUANCAYO_01_2020","HUANCAYO_01_2020_P389",1,"potato","CIP316366.136","tubers",16.4814814814815,,TRUE,"doi:10.21223/B7HWWH",389,FALSE,FALSE,"Peru","Huancayo",FALSE,,,,,,,,
"HUANCAYO_01_2020","HUANCAYO_01_2020_P390",1,"potato","CIP316361.202","tubers",16.1111111111111,,TRUE,"doi:10.21223/B7HWWH",390,FALSE,FALSE,"Peru","Huancayo",FALSE,,,,,,,,
"HUANCAYO_01_2020","HUANCAYO_01_2020_P391",1,"potato","CIP316390.121","tubers",27.962962962963,,TRUE,"doi:10.21223/B7HWWH",391,FALSE,FALSE,"Peru","Huancayo",FALSE,,,,,,,,
"HUANCAYO_01_2020","HUANCAYO_01_2020_P392",1,"potato","CIP316360.118","tubers",22.5925925925926,,TRUE,"doi:10.21223/B7HWWH",392,FALSE,FALSE,"Peru","Huancayo",FALSE,,,,,,,,
"HUANCAYO_01_2020","HUANCAYO_01_2020_P393",1,"potato","CIP316390.124","tubers",28.3333333333333,,TRUE,"doi:10.21223/B7HWWH",393,FALSE,FALSE,"Peru","Huancayo",FALSE,,,,,,,,
"HUANCAYO_01_2020","HUANCAYO_01_2020_P394",1,"potato","CIP316367.183","tubers",24.4444444444444,,TRUE,"doi:10.21223/B7HWWH",394,FALSE,FALSE,"Peru","Huancayo",FALSE,,,,,,,,
"HUANCAYO_01_2020","HUANCAYO_01_2020_P395",1,"potato","CIP317017.85","tubers",6.48148148148148,,TRUE,"doi:10.21223/B7HWWH",395,FALSE,FALSE,"Peru","Huancayo",FALSE,,,,,,,,
"HUANCAYO_01_2020","HUANCAYO_01_2020_P396",1,"potato","CIP316353.169","tubers",14.2592592592593,,TRUE,"doi:10.21223/B7HWWH",396,FALSE,FALSE,"Peru","Huancayo",FALSE,,,,,,,,
"HUANCAYO_01_2020","HUANCAYO_01_2020_P397",1,"potato","CIP316367.193","tubers",24.0740740740741,,TRUE,"doi:10.21223/B7HWWH",397,FALSE,FALSE,"Peru","Huancayo",FALSE,,,,,,,,
"HUANCAYO_01_2020","HUANCAYO_01_2020_P398",1,"potato","CIP316359.122","tubers",15.9259259259259,,TRUE,"doi:10.21223/B7HWWH",398,FALSE,FALSE,"Peru","Huancayo",FALSE,,,,,,,,
"HUANCAYO_01_2020","HUANCAYO_01_2020_P399",1,"potato","Amarilis","tubers",11.4814814814815,,TRUE,"doi:10.21223/B7HWWH",399,FALSE,FALSE,"Peru","Huancayo",FALSE,,,,,,,,
"HUANCAYO_01_2020","HUANCAYO_01_2020_P400",1,"potato","CIP316353.143","tubers",14.6296296296296,,TRUE,"doi:10.21223/B7HWWH",400,FALSE,FALSE,"Peru","Huancayo",FALSE,,,,,,,,
"HUANCAYO_01_2020","HUANCAYO_01_2020_P401",1,"potato","CIP316364.140","tubers",20.3703703703704,,TRUE,"doi:10.21223/B7HWWH",401,FALSE,FALSE,"Peru","Huancayo",FALSE,,,,,,,,
"HUANCAYO_01_2020","HUANCAYO_01_2020_P402",1,"potato","CIP398208.670","tubers",21.2962962962963,,TRUE,"doi:10.21223/B7HWWH",402,FALSE,FALSE,"Peru","Huancayo",FALSE,,,,,,,,
"HUANCAYO_01_2020","HUANCAYO_01_2020_P403",1,"potato","CIP316348.246","tubers",5.55555555555555,,TRUE,"doi:10.21223/B7HWWH",403,FALSE,FALSE,"Peru","Huancayo",FALSE,,,,,,,,
"HUANCAYO_01_2020","HUANCAYO_01_2020_P404",1,"potato","CIP316352.184","tubers",8.33333333333333,,TRUE,"doi:10.21223/B7HWWH",404,FALSE,FALSE,"Peru","Huancayo",FALSE,,,,,,,,
"HUANCAYO_01_2020","HUANCAYO_01_2020_P405",1,"potato","CIP316359.215","tubers",21.8518518518518,,TRUE,"doi:10.21223/B7HWWH",405,FALSE,FALSE,"Peru","Huancayo",FALSE,,,,,,,,
"HUANCAYO_01_2020","HUANCAYO_01_2020_P406",1,"potato","CIP316353.166","tubers",15.9259259259259,,TRUE,"doi:10.21223/B7HWWH",406,FALSE,FALSE,"Peru","Huancayo",FALSE,,,,,,,,
"HUANCAYO_01_2020","HUANCAYO_01_2020_P407",1,"potato","CIP316382.179","tubers",15.7407407407407,,TRUE,"doi:10.21223/B7HWWH",407,FALSE,FALSE,"Peru","Huancayo",FALSE,,,,,,,,
"HUANCAYO_01_2020","HUANCAYO_01_2020_P408",1,"potato","CIP316361.185","tubers",18.8888888888889,,TRUE,"doi:10.21223/B7HWWH",408,FALSE,FALSE,"Peru","Huancayo",FALSE,,,,,,,,
"HUANCAYO_01_2020","HUANCAYO_01_2020_P409",1,"potato","Amarilis","tubers",26.8518518518519,,TRUE,"doi:10.21223/B7HWWH",409,FALSE,FALSE,"Peru","Huancayo",FALSE,,,,,,,,
"HUANCAYO_01_2020","HUANCAYO_01_2020_P410",1,"potato","CIP316359.218","tubers",26.8518518518519,,TRUE,"doi:10.21223/B7HWWH",410,FALSE,FALSE,"Peru","Huancayo",FALSE,,,,,,,,
"HUANCAYO_01_2020","HUANCAYO_01_2020_P411",1,"potato","CIP316370.130","tubers",35,,TRUE,"doi:10.21223/B7HWWH",411,FALSE,FALSE,"Peru","Huancayo",FALSE,,,,,,,,
"HUANCAYO_01_2020","HUANCAYO_01_2020_P412",1,"potato","CIP317015.424","tubers",26.8518518518519,,TRUE,"doi:10.21223/B7HWWH",412,FALSE,FALSE,"Peru","Huancayo",FALSE,,,,,,,,
"HUANCAYO_01_2020","HUANCAYO_01_2020_P413",1,"potato","CIP316367.104","tubers",23.3333333333333,,TRUE,"doi:10.21223/B7HWWH",413,FALSE,FALSE,"Peru","Huancayo",FALSE,,,,,,,,
"HUANCAYO_01_2020","HUANCAYO_01_2020_P414",1,"potato","Yungay","tubers",28.1481481481481,,TRUE,"doi:10.21223/B7HWWH",414,FALSE,FALSE,"Peru","Huancayo",FALSE,,,,,,,,
"HUANCAYO_01_2020","HUANCAYO_01_2020_P415",1,"potato","Kory","tubers",25.3703703703704,,TRUE,"doi:10.21223/B7HWWH",415,FALSE,FALSE,"Peru","Huancayo",FALSE,,,,,,,,
"HUANCAYO_01_2020","HUANCAYO_01_2020_P416",1,"potato","CIP316357.119","tubers",13.5185185185185,,TRUE,"doi:10.21223/B7HWWH",416,FALSE,FALSE,"Peru","Huancayo",FALSE,,,,,,,,
"HUANCAYO_01_2020","HUANCAYO_01_2020_P417",1,"potato","CIP316361.117","tubers",10.1851851851852,,TRUE,"doi:10.21223/B7HWWH",417,FALSE,FALSE,"Peru","Huancayo",FALSE,,,,,,,,
"HUANCAYO_01_2020","HUANCAYO_01_2020_P418",1,"potato","CIP316348.174","tubers",6.03703703703704,,TRUE,"doi:10.21223/B7HWWH",418,FALSE,FALSE,"Peru","Huancayo",FALSE,,,,,,,,
"HUANCAYO_01_2020","HUANCAYO_01_2020_P419",1,"potato","CIP316358.184","tubers",7.22222222222222,,TRUE,"doi:10.21223/B7HWWH",419,FALSE,FALSE,"Peru","Huancayo",FALSE,,,,,,,,
"HUANCAYO_01_2020","HUANCAYO_01_2020_P420",1,"potato","CIP316382.151","tubers",7.59259259259259,,TRUE,"doi:10.21223/B7HWWH",420,FALSE,FALSE,"Peru","Huancayo",FALSE,,,,,,,,
"HUANCAYO_01_2020","HUANCAYO_01_2020_P421",1,"potato","CIP316360.211","tubers",13.8888888888889,,TRUE,"doi:10.21223/B7HWWH",421,FALSE,FALSE,"Peru","Huancayo",FALSE,,,,,,,,
"HUANCAYO_01_2020","HUANCAYO_01_2020_P422",1,"potato","CIP317015.457","tubers",16.8518518518519,,TRUE,"doi:10.21223/B7HWWH",422,FALSE,FALSE,"Peru","Huancayo",FALSE,,,,,,,,
"HUANCAYO_01_2020","HUANCAYO_01_2020_P423",1,"potato","CIP316358.230","tubers",34.6296296296296,,TRUE,"doi:10.21223/B7HWWH",423,FALSE,FALSE,"Peru","Huancayo",FALSE,,,,,,,,
"HUANCAYO_01_2020","HUANCAYO_01_2020_P424",1,"potato","CIP316386.121","tubers",21.8518518518519,,TRUE,"doi:10.21223/B7HWWH",424,FALSE,FALSE,"Peru","Huancayo",FALSE,,,,,,,,
"HUANCAYO_01_2020","HUANCAYO_01_2020_P425",1,"potato","CIP316354.123","tubers",9.81481481481481,,TRUE,"doi:10.21223/B7HWWH",425,FALSE,FALSE,"Peru","Huancayo",FALSE,,,,,,,,
"HUANCAYO_01_2020","HUANCAYO_01_2020_P426",1,"potato","CIP316386.168","tubers",42.037037037037,,TRUE,"doi:10.21223/B7HWWH",426,FALSE,FALSE,"Peru","Huancayo",FALSE,,,,,,,,
"HUANCAYO_01_2020","HUANCAYO_01_2020_P427",1,"potato","CIP316361.190","tubers",21.2962962962963,,TRUE,"doi:10.21223/B7HWWH",427,FALSE,FALSE,"Peru","Huancayo",FALSE,,,,,,,,
"HUANCAYO_01_2020","HUANCAYO_01_2020_P428",1,"potato","CIP398208.704","tubers",25,,TRUE,"doi:10.21223/B7HWWH",428,FALSE,FALSE,"Peru","Huancayo",FALSE,,,,,,,,
"HUANCAYO_01_2020","HUANCAYO_01_2020_P429",1,"potato","CIP316357.136","tubers",22.2222222222222,,TRUE,"doi:10.21223/B7HWWH",429,FALSE,FALSE,"Peru","Huancayo",FALSE,,,,,,,,
"HUANCAYO_01_2020","HUANCAYO_01_2020_P430",1,"potato","CIP317016.438","tubers",7.77777777777778,,TRUE,"doi:10.21223/B7HWWH",430,FALSE,FALSE,"Peru","Huancayo",FALSE,,,,,,,,
"HUANCAYO_01_2020","HUANCAYO_01_2020_P431",1,"potato","CIP316356.149","tubers",8.14814814814815,,TRUE,"doi:10.21223/B7HWWH",431,FALSE,FALSE,"Peru","Huancayo",FALSE,,,,,,,,
"HUANCAYO_01_2020","HUANCAYO_01_2020_P432",1,"potato","CIP316360.220","tubers",13.8888888888889,,TRUE,"doi:10.21223/B7HWWH",432,FALSE,FALSE,"Peru","Huancayo",FALSE,,,,,,,,
"HUANCAYO_01_2020","HUANCAYO_01_2020_P433",1,"potato","CIP316358.177","tubers",18.5185185185185,,TRUE,"doi:10.21223/B7HWWH",433,FALSE,FALSE,"Peru","Huancayo",FALSE,,,,,,,,
"HUANCAYO_01_2020","HUANCAYO_01_2020_P434",1,"potato","CIP316357.226","tubers",8.14814814814815,,TRUE,"doi:10.21223/B7HWWH",434,FALSE,FALSE,"Peru","Huancayo",FALSE,,,,,,,,
"HUANCAYO_01_2020","HUANCAYO_01_2020_P435",1,"potato","Yungay","tubers",33.5185185185185,,TRUE,"doi:10.21223/B7HWWH",435,FALSE,FALSE,"Peru","Huancayo",FALSE,,,,,,,,
"HUANCAYO_01_2020","HUANCAYO_01_2020_P436",1,"potato","CIP316360.169","tubers",13.5185185185185,,TRUE,"doi:10.21223/B7HWWH",436,FALSE,FALSE,"Peru","Huancayo",FALSE,,,,,,,,
"HUANCAYO_01_2020","HUANCAYO_01_2020_P437",1,"potato","CIP316362.101","tubers",8.88888888888889,,TRUE,"doi:10.21223/B7HWWH",437,FALSE,FALSE,"Peru","Huancayo",FALSE,,,,,,,,
"HUANCAYO_01_2020","HUANCAYO_01_2020_P438",1,"potato","CIP316386.142","tubers",21.6666666666667,,TRUE,"doi:10.21223/B7HWWH",438,FALSE,FALSE,"Peru","Huancayo",FALSE,,,,,,,,
"HUANCAYO_01_2020","HUANCAYO_01_2020_P439",1,"potato","Kory","tubers",21.4814814814815,,TRUE,"doi:10.21223/B7HWWH",439,FALSE,FALSE,"Peru","Huancayo",FALSE,,,,,,,,
"HUANCAYO_01_2020","HUANCAYO_01_2020_P440",1,"potato","CIP316360.188","tubers",10.7407407407407,,TRUE,"doi:10.21223/B7HWWH",440,FALSE,FALSE,"Peru","Huancayo",FALSE,,,,,,,,
"HUANCAYO_01_2020","HUANCAYO_01_2020_P441",1,"potato","CIP316364.136","tubers",37.037037037037,,TRUE,"doi:10.21223/B7HWWH",441,FALSE,FALSE,"Peru","Huancayo",FALSE,,,,,,,,
"HUANCAYO_01_2020","HUANCAYO_01_2020_P442",1,"potato","CIP316357.160","tubers",17.7777777777778,,TRUE,"doi:10.21223/B7HWWH",442,FALSE,FALSE,"Peru","Huancayo",FALSE,,,,,,,,
"HUANCAYO_01_2020","HUANCAYO_01_2020_P443",1,"potato","CIP316371.198","tubers",20.7407407407407,,TRUE,"doi:10.21223/B7HWWH",443,FALSE,FALSE,"Peru","Huancayo",FALSE,,,,,,,,
"HUANCAYO_01_2020","HUANCAYO_01_2020_P444",1,"potato","Kory","tubers",31.6666666666667,,TRUE,"doi:10.21223/B7HWWH",444,FALSE,FALSE,"Peru","Huancayo",FALSE,,,,,,,,
"HUANCAYO_01_2020","HUANCAYO_01_2020_P445",1,"potato","CIP316360.227","tubers",18.3703703703704,,TRUE,"doi:10.21223/B7HWWH",445,FALSE,FALSE,"Peru","Huancayo",FALSE,,,,,,,,
"HUANCAYO_01_2020","HUANCAYO_01_2020_P446",1,"potato","CIP316367.144","tubers",15.7407407407407,,TRUE,"doi:10.21223/B7HWWH",446,FALSE,FALSE,"Peru","Huancayo",FALSE,,,,,,,,
"HUANCAYO_01_2020","HUANCAYO_01_2020_P447",1,"potato","Yungay","tubers",39.6296296296296,,TRUE,"doi:10.21223/B7HWWH",447,FALSE,FALSE,"Peru","Huancayo",FALSE,,,,,,,,
"HUANCAYO_01_2020","HUANCAYO_01_2020_P448",1,"potato","CIP316376.174","tubers",18.3333333333333,,TRUE,"doi:10.21223/B7HWWH",448,FALSE,FALSE,"Peru","Huancayo",FALSE,,,,,,,,
"HUANCAYO_01_2020","HUANCAYO_01_2020_P449",1,"potato","CIP316356.116","tubers",17.7777777777778,,TRUE,"doi:10.21223/B7HWWH",449,FALSE,FALSE,"Peru","Huancayo",FALSE,,,,,,,,
"HUANCAYO_01_2020","HUANCAYO_01_2020_P450",1,"potato","CIP316367.177","tubers",20.9259259259259,,TRUE,"doi:10.21223/B7HWWH",450,FALSE,FALSE,"Peru","Huancayo",FALSE,,,,,,,,
"HUANCAYO_01_2020","HUANCAYO_01_2020_P451",1,"potato","CIP316387.223","tubers",22.5925925925926,,TRUE,"doi:10.21223/B7HWWH",451,FALSE,FALSE,"Peru","Huancayo",FALSE,,,,,,,,
"HUANCAYO_01_2020","HUANCAYO_01_2020_P452",1,"potato","CIP316346.204","tubers",29.2592592592593,,TRUE,"doi:10.21223/B7HWWH",452,FALSE,FALSE,"Peru","Huancayo",FALSE,,,,,,,,
"HUANCAYO_01_2020","HUANCAYO_01_2020_P453",1,"potato","CIP316355.170","tubers",12.962962962963,,TRUE,"doi:10.21223/B7HWWH",453,FALSE,FALSE,"Peru","Huancayo",FALSE,,,,,,,,
"HUANCAYO_01_2020","HUANCAYO_01_2020_P454",1,"potato","CIP398190.200","tubers",23.7037037037037,,TRUE,"doi:10.21223/B7HWWH",454,FALSE,FALSE,"Peru","Huancayo",FALSE,,,,,,,,
"HUANCAYO_01_2020","HUANCAYO_01_2020_P455",1,"potato","CIP316352.160","tubers",6.85185185185185,,TRUE,"doi:10.21223/B7HWWH",455,FALSE,FALSE,"Peru","Huancayo",FALSE,,,,,,,,
"HUANCAYO_01_2020","HUANCAYO_01_2020_P456",1,"potato","CIP316353.432","tubers",19.2592592592593,,TRUE,"doi:10.21223/B7HWWH",456,FALSE,FALSE,"Peru","Huancayo",FALSE,,,,,,,,
"HUANCAYO_01_2020","HUANCAYO_01_2020_P457",1,"potato","CIP316360.152","tubers",10.1851851851852,,TRUE,"doi:10.21223/B7HWWH",457,FALSE,FALSE,"Peru","Huancayo",FALSE,,,,,,,,
"HUANCAYO_01_2020","HUANCAYO_01_2020_P458",1,"potato","CIP316386.104","tubers",7.59259259259259,,TRUE,"doi:10.21223/B7HWWH",458,FALSE,FALSE,"Peru","Huancayo",FALSE,,,,,,,,
"HUANCAYO_01_2020","HUANCAYO_01_2020_P459",1,"potato","CIP316352.110","tubers",12.7777777777778,,TRUE,"doi:10.21223/B7HWWH",459,FALSE,FALSE,"Peru","Huancayo",FALSE,,,,,,,,
"HUANCAYO_01_2020","HUANCAYO_01_2020_P460",1,"potato","CIP316353.109","tubers",15.1851851851852,,TRUE,"doi:10.21223/B7HWWH",460,FALSE,FALSE,"Peru","Huancayo",FALSE,,,,,,,,
"HUANCAYO_01_2020","HUANCAYO_01_2020_P461",1,"potato","CIP316361.250","tubers",9.44444444444444,,TRUE,"doi:10.21223/B7HWWH",461,FALSE,FALSE,"Peru","Huancayo",FALSE,,,,,,,,
"HUANCAYO_01_2020","HUANCAYO_01_2020_P462",1,"potato","CIP316357.196","tubers",13.7037037037037,,TRUE,"doi:10.21223/B7HWWH",462,FALSE,FALSE,"Peru","Huancayo",FALSE,,,,,,,,
"HUANCAYO_01_2020","HUANCAYO_01_2020_P463",1,"potato","CIP316358.173","tubers",14.0740740740741,,TRUE,"doi:10.21223/B7HWWH",463,FALSE,FALSE,"Peru","Huancayo",FALSE,,,,,,,,
"HUANCAYO_01_2020","HUANCAYO_01_2020_P464",1,"potato","Yungay","tubers",34.0740740740741,,TRUE,"doi:10.21223/B7HWWH",464,FALSE,FALSE,"Peru","Huancayo",FALSE,,,,,,,,
"HUANCAYO_01_2020","HUANCAYO_01_2020_P465",1,"potato","Kory","tubers",29.4444444444444,,TRUE,"doi:10.21223/B7HWWH",465,FALSE,FALSE,"Peru","Huancayo",FALSE,,,,,,,,
"HUANCAYO_01_2020","HUANCAYO_01_2020_P466",1,"potato","CIP316360.117","tubers",26.2962962962963,,TRUE,"doi:10.21223/B7HWWH",466,FALSE,FALSE,"Peru","Huancayo",FALSE,,,,,,,,
"HUANCAYO_01_2020","HUANCAYO_01_2020_P467",1,"potato","CIP316354.112","tubers",11.8518518518519,,TRUE,"doi:10.21223/B7HWWH",467,FALSE,FALSE,"Peru","Huancayo",FALSE,,,,,,,,
"HUANCAYO_01_2020","HUANCAYO_01_2020_P468",1,"potato","CIP316360.159","tubers",16.8518518518519,,TRUE,"doi:10.21223/B7HWWH",468,FALSE,FALSE,"Peru","Huancayo",FALSE,,,,,,,,
"HUANCAYO_01_2020","HUANCAYO_01_2020_P469",1,"potato","CIP316378.134","tubers",28.7037037037037,,TRUE,"doi:10.21223/B7HWWH",469,FALSE,FALSE,"Peru","Huancayo",FALSE,,,,,,,,
"HUANCAYO_01_2020","HUANCAYO_01_2020_P470",1,"potato","Amarilis","tubers",5.37037037037037,,TRUE,"doi:10.21223/B7HWWH",470,FALSE,FALSE,"Peru","Huancayo",FALSE,,,,,,,,
"HUANCAYO_01_2020","HUANCAYO_01_2020_P471",1,"potato","CIP316353.149","tubers",11.4814814814815,,TRUE,"doi:10.21223/B7HWWH",471,FALSE,FALSE,"Peru","Huancayo",FALSE,,,,,,,,
"HUANCAYO_01_2020","HUANCAYO_01_2020_P472",1,"potato","CIP316390.138","tubers",13.7037037037037,,TRUE,"doi:10.21223/B7HWWH",472,FALSE,FALSE,"Peru","Huancayo",FALSE,,,,,,,,
"HUANCAYO_01_2020","HUANCAYO_01_2020_P473",1,"potato","Kory","tubers",35.7407407407407,,TRUE,"doi:10.21223/B7HWWH",473,FALSE,FALSE,"Peru","Huancayo",FALSE,,,,,,,,
"HUANCAYO_01_2020","HUANCAYO_01_2020_P474",1,"potato","CIP316377.115","tubers",13.8888888888889,,TRUE,"doi:10.21223/B7HWWH",474,FALSE,FALSE,"Peru","Huancayo",FALSE,,,,,,,,
"HUANCAYO_01_2020","HUANCAYO_01_2020_P475",1,"potato","CIP316353.141","tubers",4.62962962962963,,TRUE,"doi:10.21223/B7HWWH",475,FALSE,FALSE,"Peru","Huancayo",FALSE,,,,,,,,
"HUANCAYO_01_2020","HUANCAYO_01_2020_P476",1,"potato","CIP316364.130","tubers",27.7777777777778,,TRUE,"doi:10.21223/B7HWWH",476,FALSE,FALSE,"Peru","Huancayo",FALSE,,,,,,,,
"HUANCAYO_01_2020","HUANCAYO_01_2020_P477",1,"potato","CIP316367.181","tubers",22.037037037037,,TRUE,"doi:10.21223/B7HWWH",477,FALSE,FALSE,"Peru","Huancayo",FALSE,,,,,,,,
"HUANCAYO_01_2020","HUANCAYO_01_2020_P478",1,"potato","CIP316360.158","tubers",9.25925925925926,,TRUE,"doi:10.21223/B7HWWH",478,FALSE,FALSE,"Peru","Huancayo",FALSE,,,,,,,,
"HUANCAYO_01_2020","HUANCAYO_01_2020_P479",1,"potato","CIP316359.213","tubers",9.25925925925926,,TRUE,"doi:10.21223/B7HWWH",479,FALSE,FALSE,"Peru","Huancayo",FALSE,,,,,,,,
"HUANCAYO_01_2020","HUANCAYO_01_2020_P480",1,"potato","CIP316348.165","tubers",5.18518518518519,,TRUE,"doi:10.21223/B7HWWH",480,FALSE,FALSE,"Peru","Huancayo",FALSE,,,,,,,,
"HUANCAYO_01_2020","HUANCAYO_01_2020_P481",1,"potato","CIP316365.127","tubers",36.2962962962963,,TRUE,"doi:10.21223/B7HWWH",481,FALSE,FALSE,"Peru","Huancayo",FALSE,,,,,,,,
"HUANCAYO_01_2020","HUANCAYO_01_2020_P482",1,"potato","CIP316360.248","tubers",16.2962962962963,,TRUE,"doi:10.21223/B7HWWH",482,FALSE,FALSE,"Peru","Huancayo",FALSE,,,,,,,,
"HUANCAYO_01_2020","HUANCAYO_01_2020_P483",1,"potato","CIP316362.115","tubers",16.1111111111111,,TRUE,"doi:10.21223/B7HWWH",483,FALSE,FALSE,"Peru","Huancayo",FALSE,,,,,,,,
"HUANCAYO_01_2020","HUANCAYO_01_2020_P484",1,"potato","CIP316367.180","tubers",20.1851851851852,,TRUE,"doi:10.21223/B7HWWH",484,FALSE,FALSE,"Peru","Huancayo",FALSE,,,,,,,,
"HUANCAYO_01_2020","HUANCAYO_01_2020_P485",1,"potato","CIP316355.157","tubers",16.6666666666667,,TRUE,"doi:10.21223/B7HWWH",485,FALSE,FALSE,"Peru","Huancayo",FALSE,,,,,,,,
"HUANCAYO_01_2020","HUANCAYO_01_2020_P486",1,"potato","CIP316353.111","tubers",15.9259259259259,,TRUE,"doi:10.21223/B7HWWH",486,FALSE,FALSE,"Peru","Huancayo",FALSE,,,,,,,,
"HUANCAYO_01_2020","HUANCAYO_01_2020_P487",1,"potato","CIP316357.206","tubers",21.2962962962963,,TRUE,"doi:10.21223/B7HWWH",487,FALSE,FALSE,"Peru","Huancayo",FALSE,,,,,,,,
"HUANCAYO_01_2020","HUANCAYO_01_2020_P488",1,"potato","CIP316351.142","tubers",28.5185185185185,,TRUE,"doi:10.21223/B7HWWH",488,FALSE,FALSE,"Peru","Huancayo",FALSE,,,,,,,,
"HUANCAYO_01_2020","HUANCAYO_01_2020_P489",1,"potato","CIP316359.247","tubers",20.7407407407407,,TRUE,"doi:10.21223/B7HWWH",489,FALSE,FALSE,"Peru","Huancayo",FALSE,,,,,,,,
"HUANCAYO_01_2020","HUANCAYO_01_2020_P490",1,"potato","CIP316350.173","tubers",18.8888888888889,,TRUE,"doi:10.21223/B7HWWH",490,FALSE,FALSE,"Peru","Huancayo",FALSE,,,,,,,,
"HUANCAYO_01_2020","HUANCAYO_01_2020_P491",1,"potato","CIP316360.185","tubers",25.7407407407407,,TRUE,"doi:10.21223/B7HWWH",491,FALSE,FALSE,"Peru","Huancayo",FALSE,,,,,,,,
"HUANCAYO_01_2020","HUANCAYO_01_2020_P492",1,"potato","CIP316371.166","tubers",15.5555555555556,,TRUE,"doi:10.21223/B7HWWH",492,FALSE,FALSE,"Peru","Huancayo",FALSE,,,,,,,,
"HUANCAYO_01_2020","HUANCAYO_01_2020_P493",1,"potato","CIP316362.167","tubers",17.2222222222222,,TRUE,"doi:10.21223/B7HWWH",493,FALSE,FALSE,"Peru","Huancayo",FALSE,,,,,,,,
"HUANCAYO_01_2020","HUANCAYO_01_2020_P494",1,"potato","CIP316354.145","tubers",24.0740740740741,,TRUE,"doi:10.21223/B7HWWH",494,FALSE,FALSE,"Peru","Huancayo",FALSE,,,,,,,,
"HUANCAYO_01_2020","HUANCAYO_01_2020_P495",1,"potato","CIP316354.154","tubers",25.9259259259259,,TRUE,"doi:10.21223/B7HWWH",495,FALSE,FALSE,"Peru","Huancayo",FALSE,,,,,,,,
"HUANCAYO_01_2020","HUANCAYO_01_2020_P496",1,"potato","CIP316387.198","tubers",30.3703703703704,,TRUE,"doi:10.21223/B7HWWH",496,FALSE,FALSE,"Peru","Huancayo",FALSE,,,,,,,,
"HUANCAYO_01_2020","HUANCAYO_01_2020_P497",1,"potato","CIP316390.109","tubers",21.6666666666667,,TRUE,"doi:10.21223/B7HWWH",497,FALSE,FALSE,"Peru","Huancayo",FALSE,,,,,,,,
"HUANCAYO_01_2020","HUANCAYO_01_2020_P498",1,"potato","CIP316367.140","tubers",29.4444444444444,,TRUE,"doi:10.21223/B7HWWH",498,FALSE,FALSE,"Peru","Huancayo",FALSE,,,,,,,,
"HUANCAYO_01_2020","HUANCAYO_01_2020_P499",1,"potato","CIP316361.191","tubers",19.0740740740741,,TRUE,"doi:10.21223/B7HWWH",499,FALSE,FALSE,"Peru","Huancayo",FALSE,,,,,,,,
"HUANCAYO_01_2020","HUANCAYO_01_2020_P500",1,"potato","CIP302533.48","tubers",19.4444444444444,,TRUE,"doi:10.21223/B7HWWH",500,FALSE,FALSE,"Peru","Huancayo",FALSE,,,,,,,,
"HUANCAYO_01_2020","HUANCAYO_01_2020_P501",1,"potato","CIP316358.145","tubers",29.8148148148148,,TRUE,"doi:10.21223/B7HWWH",501,FALSE,FALSE,"Peru","Huancayo",FALSE,,,,,,,,
"HUANCAYO_01_2020","HUANCAYO_01_2020_P502",1,"potato","Kory","tubers",31.7037037037037,,TRUE,"doi:10.21223/B7HWWH",502,FALSE,FALSE,"Peru","Huancayo",FALSE,,,,,,,,
"HUANCAYO_01_2020","HUANCAYO_01_2020_P503",1,"potato","CIP316368.145","tubers",24.0740740740741,,TRUE,"doi:10.21223/B7HWWH",503,FALSE,FALSE,"Peru","Huancayo",FALSE,,,,,,,,
"HUANCAYO_01_2020","HUANCAYO_01_2020_P504",1,"potato","CIP316365.146","tubers",25.7407407407407,,TRUE,"doi:10.21223/B7HWWH",504,FALSE,FALSE,"Peru","Huancayo",FALSE,,,,,,,,
"HUANCAYO_01_2020","HUANCAYO_01_2020_P505",1,"potato","Amarilis","tubers",27.4074074074074,,TRUE,"doi:10.21223/B7HWWH",505,FALSE,FALSE,"Peru","Huancayo",FALSE,,,,,,,,
"HUANCAYO_01_2020","HUANCAYO_01_2020_P506",1,"potato","Yungay","tubers",35.3703703703704,,TRUE,"doi:10.21223/B7HWWH",506,FALSE,FALSE,"Peru","Huancayo",FALSE,,,,,,,,
"HUANCAYO_01_2020","HUANCAYO_01_2020_P507",1,"potato","CIP316360.199","tubers",25,,TRUE,"doi:10.21223/B7HWWH",507,FALSE,FALSE,"Peru","Huancayo",FALSE,,,,,,,,
"HUANCAYO_01_2020","HUANCAYO_01_2020_P508",1,"potato","Kory","tubers",37.4074074074074,,TRUE,"doi:10.21223/B7HWWH",508,FALSE,FALSE,"Peru","Huancayo",FALSE,,,,,,,,
"HUANCAYO_01_2020","HUANCAYO_01_2020_P509",1,"potato","CIP316357.156","tubers",22.2222222222222,,TRUE,"doi:10.21223/B7HWWH",509,FALSE,FALSE,"Peru","Huancayo",FALSE,,,,,,,,
"HUANCAYO_01_2020","HUANCAYO_01_2020_P510",1,"potato","CIP317028.499","tubers",13.7037037037037,,TRUE,"doi:10.21223/B7HWWH",510,FALSE,FALSE,"Peru","Huancayo",FALSE,,,,,,,,
"HUANCAYO_01_2020","HUANCAYO_01_2020_P511",1,"potato","Yungay","tubers",23.3333333333333,,TRUE,"doi:10.21223/B7HWWH",511,FALSE,FALSE,"Peru","Huancayo",FALSE,,,,,,,,
"HUANCAYO_01_2020","HUANCAYO_01_2020_P512",1,"potato","CIP316353.733","tubers",25.5555555555556,,TRUE,"doi:10.21223/B7HWWH",512,FALSE,FALSE,"Peru","Huancayo",FALSE,,,,,,,,
"HUANCAYO_01_2020","HUANCAYO_01_2020_P513",1,"potato","CIP398098.65","tubers",14.8148148148148,,TRUE,"doi:10.21223/B7HWWH",513,FALSE,FALSE,"Peru","Huancayo",FALSE,,,,,,,,
"HUANCAYO_01_2020","HUANCAYO_01_2020_P514",1,"potato","CIP316365.125","tubers",15.9259259259259,,TRUE,"doi:10.21223/B7HWWH",514,FALSE,FALSE,"Peru","Huancayo",FALSE,,,,,,,,
"HUANCAYO_01_2020","HUANCAYO_01_2020_P515",1,"potato","CIP316370.143","tubers",30.5555555555556,,TRUE,"doi:10.21223/B7HWWH",515,FALSE,FALSE,"Peru","Huancayo",FALSE,,,,,,,,
"HUANCAYO_01_2020","HUANCAYO_01_2020_P516",1,"potato","CIP316359.228","tubers",26.3333333333333,,TRUE,"doi:10.21223/B7HWWH",516,FALSE,FALSE,"Peru","Huancayo",FALSE,,,,,,,,
"HUANCAYO_01_2020","HUANCAYO_01_2020_P517",1,"potato","CIP316353.165","tubers",31.8518518518518,,TRUE,"doi:10.21223/B7HWWH",517,FALSE,FALSE,"Peru","Huancayo",FALSE,,,,,,,,
"HUANCAYO_01_2020","HUANCAYO_01_2020_P518",1,"potato","CIP317017.26","tubers",11.8518518518519,,TRUE,"doi:10.21223/B7HWWH",518,FALSE,FALSE,"Peru","Huancayo",FALSE,,,,,,,,
"HUANCAYO_01_2020","HUANCAYO_01_2020_P519",1,"potato","CIP316350.120","tubers",48.7037037037037,,TRUE,"doi:10.21223/B7HWWH",519,FALSE,FALSE,"Peru","Huancayo",FALSE,,,,,,,,
"HUANCAYO_01_2020","HUANCAYO_01_2020_P520",1,"potato","CIP316367.148","tubers",29.8148148148148,,TRUE,"doi:10.21223/B7HWWH",520,FALSE,FALSE,"Peru","Huancayo",FALSE,,,,,,,,
"HUANCAYO_01_2020","HUANCAYO_01_2020_P521",1,"potato","CIP317016.431","tubers",16.2962962962963,,TRUE,"doi:10.21223/B7HWWH",521,FALSE,FALSE,"Peru","Huancayo",FALSE,,,,,,,,
"HUANCAYO_01_2020","HUANCAYO_01_2020_P522",1,"potato","CIP316363.165","tubers",7.22222222222222,,TRUE,"doi:10.21223/B7HWWH",522,FALSE,FALSE,"Peru","Huancayo",FALSE,,,,,,,,
"HUANCAYO_01_2020","HUANCAYO_01_2020_P523",1,"potato","CIP316373.137","tubers",23.5185185185185,,TRUE,"doi:10.21223/B7HWWH",523,FALSE,FALSE,"Peru","Huancayo",FALSE,,,,,,,,
"HUANCAYO_01_2020","HUANCAYO_01_2020_P524",1,"potato","Amarilis","tubers",17.962962962963,,TRUE,"doi:10.21223/B7HWWH",524,FALSE,FALSE,"Peru","Huancayo",FALSE,,,,,,,,
"HUANCAYO_01_2020","HUANCAYO_01_2020_P525",1,"potato","Amarilis","tubers",22.037037037037,,TRUE,"doi:10.21223/B7HWWH",525,FALSE,FALSE,"Peru","Huancayo",FALSE,,,,,,,,
"HUANCAYO_01_2020","HUANCAYO_01_2020_P526",1,"potato","CIP316355.137","tubers",11.8518518518519,,TRUE,"doi:10.21223/B7HWWH",526,FALSE,FALSE,"Peru","Huancayo",FALSE,,,,,,,,
"HUANCAYO_01_2020","HUANCAYO_01_2020_P527",1,"potato","CIP316363.174","tubers",22.962962962963,,TRUE,"doi:10.21223/B7HWWH",527,FALSE,FALSE,"Peru","Huancayo",FALSE,,,,,,,,
"HUANCAYO_01_2020","HUANCAYO_01_2020_P528",1,"potato","CIP316350.108","tubers",15,,TRUE,"doi:10.21223/B7HWWH",528,FALSE,FALSE,"Peru","Huancayo",FALSE,,,,,,,,
"HUANCAYO_01_2020","HUANCAYO_01_2020_P529",1,"potato","CIP316360.182","tubers",15.3703703703704,,TRUE,"doi:10.21223/B7HWWH",529,FALSE,FALSE,"Peru","Huancayo",FALSE,,,,,,,,
"HUANCAYO_01_2020","HUANCAYO_01_2020_P530",1,"potato","CIP316350.136","tubers",14.8148148148148,,TRUE,"doi:10.21223/B7HWWH",530,FALSE,FALSE,"Peru","Huancayo",FALSE,,,,,,,,
"HUANCAYO_01_2020","HUANCAYO_01_2020_P531",1,"potato","CIP316354.149","tubers",5.92592592592593,,TRUE,"doi:10.21223/B7HWWH",531,FALSE,FALSE,"Peru","Huancayo",FALSE,,,,,,,,
"HUANCAYO_01_2020","HUANCAYO_01_2020_P532",1,"potato","CIP316353.136","tubers",23.5185185185185,,TRUE,"doi:10.21223/B7HWWH",532,FALSE,FALSE,"Peru","Huancayo",FALSE,,,,,,,,
"HUANCAYO_01_2020","HUANCAYO_01_2020_P533",1,"potato","CIP317017.59","tubers",0.555555555555556,,TRUE,"doi:10.21223/B7HWWH",533,FALSE,FALSE,"Peru","Huancayo",FALSE,,,,,,,,
"HUANCAYO_01_2020","HUANCAYO_01_2020_P534",1,"potato","CIP316366.148","tubers",25,,TRUE,"doi:10.21223/B7HWWH",534,FALSE,FALSE,"Peru","Huancayo",FALSE,,,,,,,,
"HUANCAYO_01_2020","HUANCAYO_01_2020_P535",1,"potato","Kory","tubers",29.8148148148148,,TRUE,"doi:10.21223/B7HWWH",535,FALSE,FALSE,"Peru","Huancayo",FALSE,,,,,,,,
"HUANCAYO_01_2020","HUANCAYO_01_2020_P536",1,"potato","CIP316387.153","tubers",18.3333333333333,,TRUE,"doi:10.21223/B7HWWH",536,FALSE,FALSE,"Peru","Huancayo",FALSE,,,,,,,,
"HUANCAYO_01_2020","HUANCAYO_01_2020_P537",1,"potato","CIP316375.102","tubers",23.5185185185185,,TRUE,"doi:10.21223/B7HWWH",537,FALSE,FALSE,"Peru","Huancayo",FALSE,,,,,,,,
"HUANCAYO_01_2020","HUANCAYO_01_2020_P538",1,"potato","CIP316384.152","tubers",9.44444444444444,,TRUE,"doi:10.21223/B7HWWH",538,FALSE,FALSE,"Peru","Huancayo",FALSE,,,,,,,,
"HUANCAYO_01_2020","HUANCAYO_01_2020_P539",1,"potato","CIP316384.227","tubers",7.59259259259259,,TRUE,"doi:10.21223/B7HWWH",539,FALSE,FALSE,"Peru","Huancayo",FALSE,,,,,,,,
"HUANCAYO_01_2020","HUANCAYO_01_2020_P540",1,"potato","CIP316363.115","tubers",12.2222222222222,,TRUE,"doi:10.21223/B7HWWH",540,FALSE,FALSE,"Peru","Huancayo",FALSE,,,,,,,,
"HUANCAYO_01_2020","HUANCAYO_01_2020_P541",1,"potato","CIP316357.111","tubers",10.9259259259259,,TRUE,"doi:10.21223/B7HWWH",541,FALSE,FALSE,"Peru","Huancayo",FALSE,,,,,,,,
"HUANCAYO_01_2020","HUANCAYO_01_2020_P542",1,"potato","Amarilis","tubers",17.037037037037,,TRUE,"doi:10.21223/B7HWWH",542,FALSE,FALSE,"Peru","Huancayo",FALSE,,,,,,,,
"HUANCAYO_01_2020","HUANCAYO_01_2020_P543",1,"potato","CIP316360.241","tubers",27.7777777777778,,TRUE,"doi:10.21223/B7HWWH",543,FALSE,FALSE,"Peru","Huancayo",FALSE,,,,,,,,
"HUANCAYO_01_2020","HUANCAYO_01_2020_P544",1,"potato","CIP317015.436","tubers",17.4074074074074,,TRUE,"doi:10.21223/B7HWWH",544,FALSE,FALSE,"Peru","Huancayo",FALSE,,,,,,,,
"HUANCAYO_01_2020","HUANCAYO_01_2020_P545",1,"potato","CIP316353.158","tubers",16.8518518518519,,TRUE,"doi:10.21223/B7HWWH",545,FALSE,FALSE,"Peru","Huancayo",FALSE,,,,,,,,
"HUANCAYO_01_2020","HUANCAYO_01_2020_P546",1,"potato","CIP316344.189","tubers",28.1481481481481,,TRUE,"doi:10.21223/B7HWWH",546,FALSE,FALSE,"Peru","Huancayo",FALSE,,,,,,,,
"HUANCAYO_01_2020","HUANCAYO_01_2020_P547",1,"potato","CIP316367.164","tubers",28.8888888888889,,TRUE,"doi:10.21223/B7HWWH",547,FALSE,FALSE,"Peru","Huancayo",FALSE,,,,,,,,
"HUANCAYO_01_2020","HUANCAYO_01_2020_P548",1,"potato","CIP316384.143","tubers",35.9259259259259,,TRUE,"doi:10.21223/B7HWWH",548,FALSE,FALSE,"Peru","Huancayo",FALSE,,,,,,,,
"HUANCAYO_01_2020","HUANCAYO_01_2020_P549",1,"potato","CIP316367.173","tubers",30.1851851851852,,TRUE,"doi:10.21223/B7HWWH",549,FALSE,FALSE,"Peru","Huancayo",FALSE,,,,,,,,
"HUANCAYO_01_2020","HUANCAYO_01_2020_P550",1,"potato","CIP316363.123","tubers",19.8148148148148,,TRUE,"doi:10.21223/B7HWWH",550,FALSE,FALSE,"Peru","Huancayo",FALSE,,,,,,,,
"HUANCAYO_01_2020","HUANCAYO_01_2020_P551",1,"potato","CIP316361.173","tubers",16.1111111111111,,TRUE,"doi:10.21223/B7HWWH",551,FALSE,FALSE,"Peru","Huancayo",FALSE,,,,,,,,
"HUANCAYO_01_2020","HUANCAYO_01_2020_P552",1,"potato","CIP316348.178","tubers",16.1111111111111,,TRUE,"doi:10.21223/B7HWWH",552,FALSE,FALSE,"Peru","Huancayo",FALSE,,,,,,,,
"HUANCAYO_01_2020","HUANCAYO_01_2020_P553",1,"potato","CIP316361.156","tubers",24.0740740740741,,TRUE,"doi:10.21223/B7HWWH",553,FALSE,FALSE,"Peru","Huancayo",FALSE,,,,,,,,
"HUANCAYO_01_2020","HUANCAYO_01_2020_P554",1,"potato","CIP317015.472","tubers",13.1481481481481,,TRUE,"doi:10.21223/B7HWWH",554,FALSE,FALSE,"Peru","Huancayo",FALSE,,,,,,,,
"HUANCAYO_01_2020","HUANCAYO_01_2020_P555",1,"potato","CIP316361.236","tubers",22.5925925925926,,TRUE,"doi:10.21223/B7HWWH",555,FALSE,FALSE,"Peru","Huancayo",FALSE,,,,,,,,
"HUANCAYO_01_2020","HUANCAYO_01_2020_P556",1,"potato","CIP398098.570","tubers",12.962962962963,,TRUE,"doi:10.21223/B7HWWH",556,FALSE,FALSE,"Peru","Huancayo",FALSE,,,,,,,,
"HUANCAYO_01_2020","HUANCAYO_01_2020_P557",1,"potato","Yungay","tubers",37.5925925925926,,TRUE,"doi:10.21223/B7HWWH",557,FALSE,FALSE,"Peru","Huancayo",FALSE,,,,,,,,
"HUANCAYO_01_2020","HUANCAYO_01_2020_P558",1,"potato","CIP316353.125","tubers",17.5925925925926,,TRUE,"doi:10.21223/B7HWWH",558,FALSE,FALSE,"Peru","Huancayo",FALSE,,,,,,,,
"HUANCAYO_01_2020","HUANCAYO_01_2020_P559",1,"potato","CIP316361.187","tubers",16.1111111111111,,TRUE,"doi:10.21223/B7HWWH",559,FALSE,FALSE,"Peru","Huancayo",FALSE,,,,,,,,
"HUANCAYO_01_2020","HUANCAYO_01_2020_P560",1,"potato","CIP317016.478","tubers",8.14814814814815,,TRUE,"doi:10.21223/B7HWWH",560,FALSE,FALSE,"Peru","Huancayo",FALSE,,,,,,,,
"HUANCAYO_01_2020","HUANCAYO_01_2020_P561",1,"potato","Yungay","tubers",28.462962962963,,TRUE,"doi:10.21223/B7HWWH",561,FALSE,FALSE,"Peru","Huancayo",FALSE,,,,,,,,
"HUANCAYO_01_2020","HUANCAYO_01_2020_P562",1,"potato","CIP316360.110","tubers",15.7407407407407,,TRUE,"doi:10.21223/B7HWWH",562,FALSE,FALSE,"Peru","Huancayo",FALSE,,,,,,,,
"HUANCAYO_01_2020","HUANCAYO_01_2020_P563",1,"potato","CIP316357.110","tubers",17.962962962963,,TRUE,"doi:10.21223/B7HWWH",563,FALSE,FALSE,"Peru","Huancayo",FALSE,,,,,,,,
"HUANCAYO_01_2020","HUANCAYO_01_2020_P564",1,"potato","CIP316359.238","tubers",28.7037037037037,,TRUE,"doi:10.21223/B7HWWH",564,FALSE,FALSE,"Peru","Huancayo",FALSE,,,,,,,,
"HUANCAYO_01_2020","HUANCAYO_01_2020_P565",1,"potato","CIP316387.187","tubers",17.2222222222222,,TRUE,"doi:10.21223/B7HWWH",565,FALSE,FALSE,"Peru","Huancayo",FALSE,,,,,,,,
"HUANCAYO_01_2020","HUANCAYO_01_2020_P566",1,"potato","CIP316373.149","tubers",26.2962962962963,,TRUE,"doi:10.21223/B7HWWH",566,FALSE,FALSE,"Peru","Huancayo",FALSE,,,,,,,,
"HUANCAYO_01_2020","HUANCAYO_01_2020_P567",1,"potato","CIP316360.230","tubers",21.2962962962963,,TRUE,"doi:10.21223/B7HWWH",567,FALSE,FALSE,"Peru","Huancayo",FALSE,,,,,,,,
"HUANCAYO_01_2020","HUANCAYO_01_2020_P568",1,"potato","Yungay","tubers",29.0740740740741,,TRUE,"doi:10.21223/B7HWWH",568,FALSE,FALSE,"Peru","Huancayo",FALSE,,,,,,,,
"HUANCAYO_01_2020","HUANCAYO_01_2020_P569",1,"potato","CIP316361.235","tubers",28.7037037037037,,TRUE,"doi:10.21223/B7HWWH",569,FALSE,FALSE,"Peru","Huancayo",FALSE,,,,,,,,
"HUANCAYO_01_2020","HUANCAYO_01_2020_P570",1,"potato","CIP316361.101","tubers",12.4074074074074,,TRUE,"doi:10.21223/B7HWWH",570,FALSE,FALSE,"Peru","Huancayo",FALSE,,,,,,,,
"HUANCAYO_01_2020","HUANCAYO_01_2020_P571",1,"potato","CIP316371.133","tubers",12.962962962963,,TRUE,"doi:10.21223/B7HWWH",571,FALSE,FALSE,"Peru","Huancayo",FALSE,,,,,,,,
"HUANCAYO_01_2020","HUANCAYO_01_2020_P572",1,"potato","CIP316391.105","tubers",16.8518518518519,,TRUE,"doi:10.21223/B7HWWH",572,FALSE,FALSE,"Peru","Huancayo",FALSE,,,,,,,,
"HUANCAYO_01_2020","HUANCAYO_01_2020_P573",1,"potato","CIP316387.104","tubers",18.8888888888889,,TRUE,"doi:10.21223/B7HWWH",573,FALSE,FALSE,"Peru","Huancayo",FALSE,,,,,,,,
"HUANCAYO_01_2020","HUANCAYO_01_2020_P574",1,"potato","CIP316360.155","tubers",25,,TRUE,"doi:10.21223/B7HWWH",574,FALSE,FALSE,"Peru","Huancayo",FALSE,,,,,,,,
"HUANCAYO_01_2020","HUANCAYO_01_2020_P575",1,"potato","CIP316344.162","tubers",18.7037037037037,,TRUE,"doi:10.21223/B7HWWH",575,FALSE,FALSE,"Peru","Huancayo",FALSE,,,,,,,,
"HUANCAYO_01_2020","HUANCAYO_01_2020_P576",1,"potato","Yungay","tubers",24.8148148148148,,TRUE,"doi:10.21223/B7HWWH",576,FALSE,FALSE,"Peru","Huancayo",FALSE,,,,,,,,
"HUANCAYO_01_2020","HUANCAYO_01_2020_P577",1,"potato","CIP316385.237","tubers",4.62962962962963,,TRUE,"doi:10.21223/B7HWWH",577,FALSE,FALSE,"Peru","Huancayo",FALSE,,,,,,,,
"HUANCAYO_01_2020","HUANCAYO_01_2020_P578",1,"potato","CIP316363.175","tubers",9.44444444444444,,TRUE,"doi:10.21223/B7HWWH",578,FALSE,FALSE,"Peru","Huancayo",FALSE,,,,,,,,
"HUANCAYO_01_2020","HUANCAYO_01_2020_P579",1,"potato","CIP317017.17","tubers",25.3703703703704,,TRUE,"doi:10.21223/B7HWWH",579,FALSE,FALSE,"Peru","Huancayo",FALSE,,,,,,,,
"HUANCAYO_01_2020","HUANCAYO_01_2020_P580",1,"potato","CIP316377.169","tubers",17.4074074074074,,TRUE,"doi:10.21223/B7HWWH",580,FALSE,FALSE,"Peru","Huancayo",FALSE,,,,,,,,
"HUANCAYO_01_2020","HUANCAYO_01_2020_P581",1,"potato","Kory","tubers",24.2592592592593,,TRUE,"doi:10.21223/B7HWWH",581,FALSE,FALSE,"Peru","Huancayo",FALSE,,,,,,,,
"HUANCAYO_01_2020","HUANCAYO_01_2020_P582",1,"potato","CIP316360.145","tubers",22.2222222222222,,TRUE,"doi:10.21223/B7HWWH",582,FALSE,FALSE,"Peru","Huancayo",FALSE,,,,,,,,
"HUANCAYO_01_2020","HUANCAYO_01_2020_P583",1,"potato","CIP316353.148","tubers",26.4814814814815,,TRUE,"doi:10.21223/B7HWWH",583,FALSE,FALSE,"Peru","Huancayo",FALSE,,,,,,,,
"HUANCAYO_01_2020","HUANCAYO_01_2020_P584",1,"potato","CIP316358.109","tubers",27.7777777777778,,TRUE,"doi:10.21223/B7HWWH",584,FALSE,FALSE,"Peru","Huancayo",FALSE,,,,,,,,
"HUANCAYO_01_2020","HUANCAYO_01_2020_P585",1,"potato","CIP316356.123","tubers",16.8518518518519,,TRUE,"doi:10.21223/B7HWWH",585,FALSE,FALSE,"Peru","Huancayo",FALSE,,,,,,,,
"HUANCAYO_01_2020","HUANCAYO_01_2020_P586",1,"potato","CIP316353.741","tubers",29.8148148148148,,TRUE,"doi:10.21223/B7HWWH",586,FALSE,FALSE,"Peru","Huancayo",FALSE,,,,,,,,
"HUANCAYO_01_2020","HUANCAYO_01_2020_P587",1,"potato","CIP316361.203","tubers",18.7037037037037,,TRUE,"doi:10.21223/B7HWWH",587,FALSE,FALSE,"Peru","Huancayo",FALSE,,,,,,,,
"HUANCAYO_01_2020","HUANCAYO_01_2020_P588",1,"potato","CIP316387.145","tubers",14.0740740740741,,TRUE,"doi:10.21223/B7HWWH",588,FALSE,FALSE,"Peru","Huancayo",FALSE,,,,,,,,
"HUANCAYO_01_2020","HUANCAYO_01_2020_P589",1,"potato","CIP398201.510","tubers",9.81481481481481,,TRUE,"doi:10.21223/B7HWWH",589,FALSE,FALSE,"Peru","Huancayo",FALSE,,,,,,,,
"HUANCAYO_01_2020","HUANCAYO_01_2020_P590",1,"potato","CIP316349.160","tubers",26.2962962962963,,TRUE,"doi:10.21223/B7HWWH",590,FALSE,FALSE,"Peru","Huancayo",FALSE,,,,,,,,
"HUANCAYO_01_2020","HUANCAYO_01_2020_P591",1,"potato","CIP316348.186","tubers",22.7777777777778,,TRUE,"doi:10.21223/B7HWWH",591,FALSE,FALSE,"Peru","Huancayo",FALSE,,,,,,,,
"HUANCAYO_01_2020","HUANCAYO_01_2020_P592",1,"potato","Yungay","tubers",34.4444444444444,,TRUE,"doi:10.21223/B7HWWH",592,FALSE,FALSE,"Peru","Huancayo",FALSE,,,,,,,,
"HUANCAYO_01_2020","HUANCAYO_01_2020_P593",1,"potato","CIP316348.171","tubers",12.4074074074074,,TRUE,"doi:10.21223/B7HWWH",593,FALSE,FALSE,"Peru","Huancayo",FALSE,,,,,,,,
"HUANCAYO_01_2020","HUANCAYO_01_2020_P594",1,"potato","CIP316357.207","tubers",38.3333333333333,,TRUE,"doi:10.21223/B7HWWH",594,FALSE,FALSE,"Peru","Huancayo",FALSE,,,,,,,,
"HUANCAYO_01_2020","HUANCAYO_01_2020_P595",1,"potato","CIP316361.108","tubers",18.7037037037037,,TRUE,"doi:10.21223/B7HWWH",595,FALSE,FALSE,"Peru","Huancayo",FALSE,,,,,,,,
"HUANCAYO_01_2020","HUANCAYO_01_2020_P596",1,"potato","CIP316385.111","tubers",26.4814814814815,,TRUE,"doi:10.21223/B7HWWH",596,FALSE,FALSE,"Peru","Huancayo",FALSE,,,,,,,,
"HUANCAYO_01_2020","HUANCAYO_01_2020_P597",1,"potato","CIP316361.126","tubers",13.8888888888889,,TRUE,"doi:10.21223/B7HWWH",597,FALSE,FALSE,"Peru","Huancayo",FALSE,,,,,,,,
"HUANCAYO_01_2020","HUANCAYO_01_2020_P598",1,"potato","CIP316388.194","tubers",16.1111111111111,,TRUE,"doi:10.21223/B7HWWH",598,FALSE,FALSE,"Peru","Huancayo",FALSE,,,,,,,,
"HUANCAYO_01_2020","HUANCAYO_01_2020_P599",1,"potato","Amarilis","tubers",18.7037037037037,,TRUE,"doi:10.21223/B7HWWH",599,FALSE,FALSE,"Peru","Huancayo",FALSE,,,,,,,,
"HUANCAYO_01_2020","HUANCAYO_01_2020_P600",1,"potato","CIP316363.140","tubers",11.8518518518519,,TRUE,"doi:10.21223/B7HWWH",600,FALSE,FALSE,"Peru","Huancayo",FALSE,,,,,,,,
"HUANCAYO_01_2020","HUANCAYO_01_2020_P601",2,"potato","CIP316348.170","tubers",9.81481481481481,,TRUE,"doi:10.21223/B7HWWH",601,FALSE,FALSE,"Peru","Huancayo",FALSE,,,,,,,,
"HUANCAYO_01_2020","HUANCAYO_01_2020_P602",2,"potato","CIP398098.570","tubers",12.2222222222222,,TRUE,"doi:10.21223/B7HWWH",602,FALSE,FALSE,"Peru","Huancayo",FALSE,,,,,,,,
"HUANCAYO_01_2020","HUANCAYO_01_2020_P603",2,"potato","CIP317029.443","tubers",11.4814814814815,,TRUE,"doi:10.21223/B7HWWH",603,FALSE,FALSE,"Peru","Huancayo",FALSE,,,,,,,,
"HUANCAYO_01_2020","HUANCAYO_01_2020_P604",2,"potato","CIP316376.174","tubers",19.6296296296296,,TRUE,"doi:10.21223/B7HWWH",604,FALSE,FALSE,"Peru","Huancayo",FALSE,,,,,,,,
"HUANCAYO_01_2020","HUANCAYO_01_2020_P605",2,"potato","CIP316376.133","tubers",15.9259259259259,,TRUE,"doi:10.21223/B7HWWH",605,FALSE,FALSE,"Peru","Huancayo",FALSE,,,,,,,,
"HUANCAYO_01_2020","HUANCAYO_01_2020_P606",2,"potato","CIP316389.111","tubers",4.44444444444444,,TRUE,"doi:10.21223/B7HWWH",606,FALSE,FALSE,"Peru","Huancayo",FALSE,,,,,,,,
"HUANCAYO_01_2020","HUANCAYO_01_2020_P607",2,"potato","CIP316353.169","tubers",9.07407407407407,,TRUE,"doi:10.21223/B7HWWH",607,FALSE,FALSE,"Peru","Huancayo",FALSE,,,,,,,,
"HUANCAYO_01_2020","HUANCAYO_01_2020_P608",2,"potato","CIP316348.239","tubers",13.8888888888889,,TRUE,"doi:10.21223/B7HWWH",608,FALSE,FALSE,"Peru","Huancayo",FALSE,,,,,,,,
"HUANCAYO_01_2020","HUANCAYO_01_2020_P609",2,"potato","CIP316354.179","tubers",15.7407407407407,,TRUE,"doi:10.21223/B7HWWH",609,FALSE,FALSE,"Peru","Huancayo",FALSE,,,,,,,,
"HUANCAYO_01_2020","HUANCAYO_01_2020_P610",2,"potato","CIP316349.117","tubers",14.4444444444444,,TRUE,"doi:10.21223/B7HWWH",610,FALSE,FALSE,"Peru","Huancayo",FALSE,,,,,,,,
"HUANCAYO_01_2020","HUANCAYO_01_2020_P611",2,"potato","CIP316354.169","tubers",19.0740740740741,,TRUE,"doi:10.21223/B7HWWH",611,FALSE,FALSE,"Peru","Huancayo",FALSE,,,,,,,,
"HUANCAYO_01_2020","HUANCAYO_01_2020_P612",2,"potato","CIP316359.134","tubers",23.3333333333333,,TRUE,"doi:10.21223/B7HWWH",612,FALSE,FALSE,"Peru","Huancayo",FALSE,,,,,,,,
"HUANCAYO_01_2020","HUANCAYO_01_2020_P613",2,"potato","CIP316353.136","tubers",23.7037037037037,,TRUE,"doi:10.21223/B7HWWH",613,FALSE,FALSE,"Peru","Huancayo",FALSE,,,,,,,,
"HUANCAYO_01_2020","HUANCAYO_01_2020_P614",2,"potato","CIP316367.147","tubers",28.1481481481481,,TRUE,"doi:10.21223/B7HWWH",614,FALSE,FALSE,"Peru","Huancayo",FALSE,,,,,,,,
"HUANCAYO_01_2020","HUANCAYO_01_2020_P615",2,"potato","CIP316378.183","tubers",30,,TRUE,"doi:10.21223/B7HWWH",615,FALSE,FALSE,"Peru","Huancayo",FALSE,,,,,,,,
"HUANCAYO_01_2020","HUANCAYO_01_2020_P616",2,"potato","Yungay","tubers",36.6666666666667,,TRUE,"doi:10.21223/B7HWWH",616,FALSE,FALSE,"Peru","Huancayo",FALSE,,,,,,,,
"HUANCAYO_01_2020","HUANCAYO_01_2020_P617",2,"potato","CIP316371.125","tubers",31.1111111111111,,TRUE,"doi:10.21223/B7HWWH",617,FALSE,FALSE,"Peru","Huancayo",FALSE,,,,,,,,
"HUANCAYO_01_2020","HUANCAYO_01_2020_P618",2,"potato","CIP316364.140","tubers",31.4814814814815,,TRUE,"doi:10.21223/B7HWWH",618,FALSE,FALSE,"Peru","Huancayo",FALSE,,,,,,,,
"HUANCAYO_01_2020","HUANCAYO_01_2020_P619",2,"potato","Kory","tubers",29.0740740740741,,TRUE,"doi:10.21223/B7HWWH",619,FALSE,FALSE,"Peru","Huancayo",FALSE,,,,,,,,
"HUANCAYO_01_2020","HUANCAYO_01_2020_P620",2,"potato","CIP316365.127","tubers",30.9259259259259,,TRUE,"doi:10.21223/B7HWWH",620,FALSE,FALSE,"Peru","Huancayo",FALSE,,,,,,,,
"HUANCAYO_01_2020","HUANCAYO_01_2020_P621",2,"potato","Kory","tubers",32.4074074074074,,TRUE,"doi:10.21223/B7HWWH",621,FALSE,FALSE,"Peru","Huancayo",FALSE,,,,,,,,
"HUANCAYO_01_2020","HUANCAYO_01_2020_P622",2,"potato","CIP316344.146","tubers",23.7037037037037,,TRUE,"doi:10.21223/B7HWWH",622,FALSE,FALSE,"Peru","Huancayo",FALSE,,,,,,,,
"HUANCAYO_01_2020","HUANCAYO_01_2020_P623",2,"potato","CIP316367.137","tubers",20.3703703703704,,TRUE,"doi:10.21223/B7HWWH",623,FALSE,FALSE,"Peru","Huancayo",FALSE,,,,,,,,
"HUANCAYO_01_2020","HUANCAYO_01_2020_P624",2,"potato","CIP398190.200","tubers",22.7777777777778,,TRUE,"doi:10.21223/B7HWWH",624,FALSE,FALSE,"Peru","Huancayo",FALSE,,,,,,,,
"HUANCAYO_01_2020","HUANCAYO_01_2020_P625",2,"potato","CIP316357.207","tubers",36.1111111111111,,TRUE,"doi:10.21223/B7HWWH",625,FALSE,FALSE,"Peru","Huancayo",FALSE,,,,,,,,
"HUANCAYO_01_2020","HUANCAYO_01_2020_P626",2,"potato","CIP316374.208","tubers",21.1111111111111,,TRUE,"doi:10.21223/B7HWWH",626,FALSE,FALSE,"Peru","Huancayo",FALSE,,,,,,,,
"HUANCAYO_01_2020","HUANCAYO_01_2020_P627",2,"potato","CIP316385.138","tubers",31.1111111111111,,TRUE,"doi:10.21223/B7HWWH",627,FALSE,FALSE,"Peru","Huancayo",FALSE,,,,,,,,
"HUANCAYO_01_2020","HUANCAYO_01_2020_P628",2,"potato","CIP316348.186","tubers",20.1851851851852,,TRUE,"doi:10.21223/B7HWWH",628,FALSE,FALSE,"Peru","Huancayo",FALSE,,,,,,,,
"HUANCAYO_01_2020","HUANCAYO_01_2020_P629",2,"potato","CIP316353.130","tubers",19.6296296296296,,TRUE,"doi:10.21223/B7HWWH",629,FALSE,FALSE,"Peru","Huancayo",FALSE,,,,,,,,
"HUANCAYO_01_2020","HUANCAYO_01_2020_P630",2,"potato","CIP316355.137","tubers",14.2592592592593,,TRUE,"doi:10.21223/B7HWWH",630,FALSE,FALSE,"Peru","Huancayo",FALSE,,,,,,,,
"HUANCAYO_01_2020","HUANCAYO_01_2020_P631",2,"potato","CIP316357.226","tubers",11.6666666666667,,TRUE,"doi:10.21223/B7HWWH",631,FALSE,FALSE,"Peru","Huancayo",FALSE,,,,,,,,
"HUANCAYO_01_2020","HUANCAYO_01_2020_P632",2,"potato","CIP316371.133","tubers",11.1111111111111,,TRUE,"doi:10.21223/B7HWWH",632,FALSE,FALSE,"Peru","Huancayo",FALSE,,,,,,,,
"HUANCAYO_01_2020","HUANCAYO_01_2020_P633",2,"potato","CIP316354.172","tubers",6.85185185185185,,TRUE,"doi:10.21223/B7HWWH",633,FALSE,FALSE,"Peru","Huancayo",FALSE,,,,,,,,
"HUANCAYO_01_2020","HUANCAYO_01_2020_P634",2,"potato","CIP316360.228","tubers",25.1851851851852,,TRUE,"doi:10.21223/B7HWWH",634,FALSE,FALSE,"Peru","Huancayo",FALSE,,,,,,,,
"HUANCAYO_01_2020","HUANCAYO_01_2020_P635",2,"potato","CIP316353.145","tubers",17.4074074074074,,TRUE,"doi:10.21223/B7HWWH",635,FALSE,FALSE,"Peru","Huancayo",FALSE,,,,,,,,
"HUANCAYO_01_2020","HUANCAYO_01_2020_P636",2,"potato","CIP316358.136","tubers",22.7777777777778,,TRUE,"doi:10.21223/B7HWWH",636,FALSE,FALSE,"Peru","Huancayo",FALSE,,,,,,,,
"HUANCAYO_01_2020","HUANCAYO_01_2020_P637",2,"potato","CIP316363.108","tubers",17.5925925925926,,TRUE,"doi:10.21223/B7HWWH",637,FALSE,FALSE,"Peru","Huancayo",FALSE,,,,,,,,
"HUANCAYO_01_2020","HUANCAYO_01_2020_P638",2,"potato","CIP316383.140","tubers",12.7777777777778,,TRUE,"doi:10.21223/B7HWWH",638,FALSE,FALSE,"Peru","Huancayo",FALSE,,,,,,,,
"HUANCAYO_01_2020","HUANCAYO_01_2020_P639",2,"potato","CIP317028.443","tubers",12.4074074074074,,TRUE,"doi:10.21223/B7HWWH",639,FALSE,FALSE,"Peru","Huancayo",FALSE,,,,,,,,
"HUANCAYO_01_2020","HUANCAYO_01_2020_P640",2,"potato","CIP316360.185","tubers",18.3333333333333,,TRUE,"doi:10.21223/B7HWWH",640,FALSE,FALSE,"Peru","Huancayo",FALSE,,,,,,,,
"HUANCAYO_01_2020","HUANCAYO_01_2020_P641",2,"potato","CIP316345.245","tubers",12.5925925925926,,TRUE,"doi:10.21223/B7HWWH",641,FALSE,FALSE,"Peru","Huancayo",FALSE,,,,,,,,
"HUANCAYO_01_2020","HUANCAYO_01_2020_P642",2,"potato","CIP316351.134","tubers",9.62962962962963,,TRUE,"doi:10.21223/B7HWWH",642,FALSE,FALSE,"Peru","Huancayo",FALSE,,,,,,,,
"HUANCAYO_01_2020","HUANCAYO_01_2020_P643",2,"potato","Yungay","tubers",30.5555555555556,,TRUE,"doi:10.21223/B7HWWH",643,FALSE,FALSE,"Peru","Huancayo",FALSE,,,,,,,,
"HUANCAYO_01_2020","HUANCAYO_01_2020_P644",2,"potato","CIP316370.143","tubers",24.2592592592593,,TRUE,"doi:10.21223/B7HWWH",644,FALSE,FALSE,"Peru","Huancayo",FALSE,,,,,,,,
"HUANCAYO_01_2020","HUANCAYO_01_2020_P645",2,"potato","CIP316360.212","tubers",18.3333333333333,,TRUE,"doi:10.21223/B7HWWH",645,FALSE,FALSE,"Peru","Huancayo",FALSE,,,,,,,,
"HUANCAYO_01_2020","HUANCAYO_01_2020_P646",2,"potato","Amarilis","tubers",20,,TRUE,"doi:10.21223/B7HWWH",646,FALSE,FALSE,"Peru","Huancayo",FALSE,,,,,,,,
"HUANCAYO_01_2020","HUANCAYO_01_2020_P647",2,"potato","CIP316367.117","tubers",21.2962962962963,,TRUE,"doi:10.21223/B7HWWH",647,FALSE,FALSE,"Peru","Huancayo",FALSE,,,,,,,,
"HUANCAYO_01_2020","HUANCAYO_01_2020_P648",2,"potato","CIP316360.235","tubers",16.4814814814815,,TRUE,"doi:10.21223/B7HWWH",648,FALSE,FALSE,"Peru","Huancayo",FALSE,,,,,,,,
"HUANCAYO_01_2020","HUANCAYO_01_2020_P649",2,"potato","CIP316345.228","tubers",3.51851851851852,,TRUE,"doi:10.21223/B7HWWH",649,FALSE,FALSE,"Peru","Huancayo",FALSE,,,,,,,,
"HUANCAYO_01_2020","HUANCAYO_01_2020_P650",2,"potato","CIP316365.146","tubers",21.8518518518519,,TRUE,"doi:10.21223/B7HWWH",650,FALSE,FALSE,"Peru","Huancayo",FALSE,,,,,,,,
"HUANCAYO_01_2020","HUANCAYO_01_2020_P651",2,"potato","CIP316360.145","tubers",10.9259259259259,,TRUE,"doi:10.21223/B7HWWH",651,FALSE,FALSE,"Peru","Huancayo",FALSE,,,,,,,,
"HUANCAYO_01_2020","HUANCAYO_01_2020_P652",2,"potato","CIP316357.111","tubers",16.2962962962963,,TRUE,"doi:10.21223/B7HWWH",652,FALSE,FALSE,"Peru","Huancayo",FALSE,,,,,,,,
"HUANCAYO_01_2020","HUANCAYO_01_2020_P653",2,"potato","CIP316354.123","tubers",7.96296296296296,,TRUE,"doi:10.21223/B7HWWH",653,FALSE,FALSE,"Peru","Huancayo",FALSE,,,,,,,,
"HUANCAYO_01_2020","HUANCAYO_01_2020_P654",2,"potato","CIP316359.242","tubers",22.962962962963,,TRUE,"doi:10.21223/B7HWWH",654,FALSE,FALSE,"Peru","Huancayo",FALSE,,,,,,,,
"HUANCAYO_01_2020","HUANCAYO_01_2020_P655",2,"potato","Amarilis","tubers",14.8148148148148,,TRUE,"doi:10.21223/B7HWWH",655,FALSE,FALSE,"Peru","Huancayo",FALSE,,,,,,,,
"HUANCAYO_01_2020","HUANCAYO_01_2020_P656",2,"potato","CIP316360.139","tubers",17.037037037037,,TRUE,"doi:10.21223/B7HWWH",656,FALSE,FALSE,"Peru","Huancayo",FALSE,,,,,,,,
"HUANCAYO_01_2020","HUANCAYO_01_2020_P657",2,"potato","Kory","tubers",26.8518518518519,,TRUE,"doi:10.21223/B7HWWH",657,FALSE,FALSE,"Peru","Huancayo",FALSE,,,,,,,,
"HUANCAYO_01_2020","HUANCAYO_01_2020_P658",2,"potato","CIP316359.122","tubers",22.4074074074074,,TRUE,"doi:10.21223/B7HWWH",658,FALSE,FALSE,"Peru","Huancayo",FALSE,,,,,,,,
"HUANCAYO_01_2020","HUANCAYO_01_2020_P659",2,"potato","CIP316348.151","tubers",10.9259259259259,,TRUE,"doi:10.21223/B7HWWH",659,FALSE,FALSE,"Peru","Huancayo",FALSE,,,,,,,,
"HUANCAYO_01_2020","HUANCAYO_01_2020_P660",2,"potato","CIP398098.203","tubers",25.7407407407407,,TRUE,"doi:10.21223/B7HWWH",660,FALSE,FALSE,"Peru","Huancayo",FALSE,,,,,,,,
"HUANCAYO_01_2020","HUANCAYO_01_2020_P661",2,"potato","CIP316363.157","tubers",21.1111111111111,,TRUE,"doi:10.21223/B7HWWH",661,FALSE,FALSE,"Peru","Huancayo",FALSE,,,,,,,,
"HUANCAYO_01_2020","HUANCAYO_01_2020_P662",2,"potato","CIP316371.104","tubers",17.2222222222222,,TRUE,"doi:10.21223/B7HWWH",662,FALSE,FALSE,"Peru","Huancayo",FALSE,,,,,,,,
"HUANCAYO_01_2020","HUANCAYO_01_2020_P663",2,"potato","CIP316359.107","tubers",15.3703703703704,,TRUE,"doi:10.21223/B7HWWH",663,FALSE,FALSE,"Peru","Huancayo",FALSE,,,,,,,,
"HUANCAYO_01_2020","HUANCAYO_01_2020_P664",2,"potato","CIP317015.435","tubers",26.2962962962963,,TRUE,"doi:10.21223/B7HWWH",664,FALSE,FALSE,"Peru","Huancayo",FALSE,,,,,,,,
"HUANCAYO_01_2020","HUANCAYO_01_2020_P665",2,"potato","CIP316349.189","tubers",19.2592592592593,,TRUE,"doi:10.21223/B7HWWH",665,FALSE,FALSE,"Peru","Huancayo",FALSE,,,,,,,,
"HUANCAYO_01_2020","HUANCAYO_01_2020_P666",2,"potato","CIP316353.134","tubers",24.0740740740741,,TRUE,"doi:10.21223/B7HWWH",666,FALSE,FALSE,"Peru","Huancayo",FALSE,,,,,,,,
"HUANCAYO_01_2020","HUANCAYO_01_2020_P667",2,"potato","CIP316354.112","tubers",20.9259259259259,,TRUE,"doi:10.21223/B7HWWH",667,FALSE,FALSE,"Peru","Huancayo",FALSE,,,,,,,,
"HUANCAYO_01_2020","HUANCAYO_01_2020_P668",2,"potato","CIP316360.200","tubers",17.5925925925926,,TRUE,"doi:10.21223/B7HWWH",668,FALSE,FALSE,"Peru","Huancayo",FALSE,,,,,,,,
"HUANCAYO_01_2020","HUANCAYO_01_2020_P669",2,"potato","Amarilis","tubers",24.2592592592593,,TRUE,"doi:10.21223/B7HWWH",669,FALSE,FALSE,"Peru","Huancayo",FALSE,,,,,,,,
"HUANCAYO_01_2020","HUANCAYO_01_2020_P670",2,"potato","CIP316370.116","tubers",24.6296296296296,,TRUE,"doi:10.21223/B7HWWH",670,FALSE,FALSE,"Peru","Huancayo",FALSE,,,,,,,,
"HUANCAYO_01_2020","HUANCAYO_01_2020_P671",2,"potato","CIP316357.146","tubers",22.962962962963,,TRUE,"doi:10.21223/B7HWWH",671,FALSE,FALSE,"Peru","Huancayo",FALSE,,,,,,,,
"HUANCAYO_01_2020","HUANCAYO_01_2020_P672",2,"potato","CIP317016.471","tubers",15.3703703703704,,TRUE,"doi:10.21223/B7HWWH",672,FALSE,FALSE,"Peru","Huancayo",FALSE,,,,,,,,
"HUANCAYO_01_2020","HUANCAYO_01_2020_P673",2,"potato","CIP316351.142","tubers",21.8518518518519,,TRUE,"doi:10.21223/B7HWWH",673,FALSE,FALSE,"Peru","Huancayo",FALSE,,,,,,,,
"HUANCAYO_01_2020","HUANCAYO_01_2020_P674",2,"potato","Yungay","tubers",30.3703703703704,,TRUE,"doi:10.21223/B7HWWH",674,FALSE,FALSE,"Peru","Huancayo",FALSE,,,,,,,,
"HUANCAYO_01_2020","HUANCAYO_01_2020_P675",2,"potato","CIP316359.215","tubers",23.5185185185185,,TRUE,"doi:10.21223/B7HWWH",675,FALSE,FALSE,"Peru","Huancayo",FALSE,,,,,,,,
"HUANCAYO_01_2020","HUANCAYO_01_2020_P676",2,"potato","CIP398208.620","tubers",29.6296296296296,,TRUE,"doi:10.21223/B7HWWH",676,FALSE,FALSE,"Peru","Huancayo",FALSE,,,,,,,,
"HUANCAYO_01_2020","HUANCAYO_01_2020_P677",2,"potato","CIP316361.118","tubers",16.6666666666667,,TRUE,"doi:10.21223/B7HWWH",677,FALSE,FALSE,"Peru","Huancayo",FALSE,,,,,,,,
"HUANCAYO_01_2020","HUANCAYO_01_2020_P678",2,"potato","CIP316361.121","tubers",22.037037037037,,TRUE,"doi:10.21223/B7HWWH",678,FALSE,FALSE,"Peru","Huancayo",FALSE,,,,,,,,
"HUANCAYO_01_2020","HUANCAYO_01_2020_P679",2,"potato","Yungay","tubers",32.4074074074074,,TRUE,"doi:10.21223/B7HWWH",679,FALSE,FALSE,"Peru","Huancayo",FALSE,,,,,,,,
"HUANCAYO_01_2020","HUANCAYO_01_2020_P680",2,"potato","CIP316377.152","tubers",27.5925925925926,,TRUE,"doi:10.21223/B7HWWH",680,FALSE,FALSE,"Peru","Huancayo",FALSE,,,,,,,,
"HUANCAYO_01_2020","HUANCAYO_01_2020_P681",2,"potato","CIP316361.187","tubers",22.2222222222222,,TRUE,"doi:10.21223/B7HWWH",681,FALSE,FALSE,"Peru","Huancayo",FALSE,,,,,,,,
"HUANCAYO_01_2020","HUANCAYO_01_2020_P682",2,"potato","CIP316367.164","tubers",33.5185185185185,,TRUE,"doi:10.21223/B7HWWH",682,FALSE,FALSE,"Peru","Huancayo",FALSE,,,,,,,,
"HUANCAYO_01_2020","HUANCAYO_01_2020_P683",2,"potato","CIP316361.184","tubers",12.7777777777778,,TRUE,"doi:10.21223/B7HWWH",683,FALSE,FALSE,"Peru","Huancayo",FALSE,,,,,,,,
"HUANCAYO_01_2020","HUANCAYO_01_2020_P684",2,"potato","Amarilis","tubers",17.037037037037,,TRUE,"doi:10.21223/B7HWWH",684,FALSE,FALSE,"Peru","Huancayo",FALSE,,,,,,,,
"HUANCAYO_01_2020","HUANCAYO_01_2020_P685",2,"potato","CIP316375.102","tubers",37.5925925925926,,TRUE,"doi:10.21223/B7HWWH",685,FALSE,FALSE,"Peru","Huancayo",FALSE,,,,,,,,
"HUANCAYO_01_2020","HUANCAYO_01_2020_P686",2,"potato","CIP316350.136","tubers",19.4444444444444,,TRUE,"doi:10.21223/B7HWWH",686,FALSE,FALSE,"Peru","Huancayo",FALSE,,,,,,,,
"HUANCAYO_01_2020","HUANCAYO_01_2020_P687",2,"potato","CIP316360.213","tubers",17.037037037037,,TRUE,"doi:10.21223/B7HWWH",687,FALSE,FALSE,"Peru","Huancayo",FALSE,,,,,,,,
"HUANCAYO_01_2020","HUANCAYO_01_2020_P688",2,"potato","CIP316357.160","tubers",12.037037037037,,TRUE,"doi:10.21223/B7HWWH",688,FALSE,FALSE,"Peru","Huancayo",FALSE,,,,,,,,
"HUANCAYO_01_2020","HUANCAYO_01_2020_P689",2,"potato","CIP316357.156","tubers",16.4814814814815,,TRUE,"doi:10.21223/B7HWWH",689,FALSE,FALSE,"Peru","Huancayo",FALSE,,,,,,,,
"HUANCAYO_01_2020","HUANCAYO_01_2020_P690",2,"potato","CIP316385.109","tubers",5.55555555555555,,TRUE,"doi:10.21223/B7HWWH",690,FALSE,FALSE,"Peru","Huancayo",FALSE,,,,,,,,
"HUANCAYO_01_2020","HUANCAYO_01_2020_P691",2,"potato","CIP316362.121","tubers",17.7777777777778,,TRUE,"doi:10.21223/B7HWWH",691,FALSE,FALSE,"Peru","Huancayo",FALSE,,,,,,,,
"HUANCAYO_01_2020","HUANCAYO_01_2020_P692",2,"potato","Amarilis","tubers",17.7777777777778,,TRUE,"doi:10.21223/B7HWWH",692,FALSE,FALSE,"Peru","Huancayo",FALSE,,,,,,,,
"HUANCAYO_01_2020","HUANCAYO_01_2020_P693",2,"potato","Kory","tubers",20.7407407407407,,TRUE,"doi:10.21223/B7HWWH",693,FALSE,FALSE,"Peru","Huancayo",FALSE,,,,,,,,
"HUANCAYO_01_2020","HUANCAYO_01_2020_P694",2,"potato","CIP316361.196","tubers",21.1111111111111,,TRUE,"doi:10.21223/B7HWWH",694,FALSE,FALSE,"Peru","Huancayo",FALSE,,,,,,,,
"HUANCAYO_01_2020","HUANCAYO_01_2020_P695",2,"potato","CIP316377.115","tubers",12.5925925925926,,TRUE,"doi:10.21223/B7HWWH",695,FALSE,FALSE,"Peru","Huancayo",FALSE,,,,,,,,
"HUANCAYO_01_2020","HUANCAYO_01_2020_P696",2,"potato","CIP398208.505","tubers",22.5925925925926,,TRUE,"doi:10.21223/B7HWWH",696,FALSE,FALSE,"Peru","Huancayo",FALSE,,,,,,,,
"HUANCAYO_01_2020","HUANCAYO_01_2020_P697",2,"potato","CIP316363.174","tubers",22.037037037037,,TRUE,"doi:10.21223/B7HWWH",697,FALSE,FALSE,"Peru","Huancayo",FALSE,,,,,,,,
"HUANCAYO_01_2020","HUANCAYO_01_2020_P698",2,"potato","CIP316390.124","tubers",25,,TRUE,"doi:10.21223/B7HWWH",698,FALSE,FALSE,"Peru","Huancayo",FALSE,,,,,,,,
"HUANCAYO_01_2020","HUANCAYO_01_2020_P699",2,"potato","CIP316360.229","tubers",17.5925925925926,,TRUE,"doi:10.21223/B7HWWH",699,FALSE,FALSE,"Peru","Huancayo",FALSE,,,,,,,,
"HUANCAYO_01_2020","HUANCAYO_01_2020_P700",2,"potato","CIP316377.169","tubers",19.8148148148148,,TRUE,"doi:10.21223/B7HWWH",700,FALSE,FALSE,"Peru","Huancayo",FALSE,,,,,,,,
"HUANCAYO_01_2020","HUANCAYO_01_2020_P701",2,"potato","Kory","tubers",22.4074074074074,,TRUE,"doi:10.21223/B7HWWH",701,FALSE,FALSE,"Peru","Huancayo",FALSE,,,,,,,,
"HUANCAYO_01_2020","HUANCAYO_01_2020_P702",2,"potato","CIP316375.101","tubers",23.3333333333333,,TRUE,"doi:10.21223/B7HWWH",702,FALSE,FALSE,"Peru","Huancayo",FALSE,,,,,,,,
"HUANCAYO_01_2020","HUANCAYO_01_2020_P703",2,"potato","CIP316359.249","tubers",12.2222222222222,,TRUE,"doi:10.21223/B7HWWH",703,FALSE,FALSE,"Peru","Huancayo",FALSE,,,,,,,,
"HUANCAYO_01_2020","HUANCAYO_01_2020_P704",2,"potato","CIP317014.230","tubers",10.9259259259259,,TRUE,"doi:10.21223/B7HWWH",704,FALSE,FALSE,"Peru","Huancayo",FALSE,,,,,,,,
"HUANCAYO_01_2020","HUANCAYO_01_2020_P705",2,"potato","CIP316386.121","tubers",14.8148148148148,,TRUE,"doi:10.21223/B7HWWH",705,FALSE,FALSE,"Peru","Huancayo",FALSE,,,,,,,,
"HUANCAYO_01_2020","HUANCAYO_01_2020_P706",2,"potato","CIP316385.174","tubers",63.5185185185185,,TRUE,"doi:10.21223/B7HWWH",706,FALSE,FALSE,"Peru","Huancayo",FALSE,,,,,,,,
"HUANCAYO_01_2020","HUANCAYO_01_2020_P707",2,"potato","CIP316344.106","tubers",9.07407407407407,,TRUE,"doi:10.21223/B7HWWH",707,FALSE,FALSE,"Peru","Huancayo",FALSE,,,,,,,,
"HUANCAYO_01_2020","HUANCAYO_01_2020_P708",2,"potato","Amarilis","tubers",20.1851851851852,,TRUE,"doi:10.21223/B7HWWH",708,FALSE,FALSE,"Peru","Huancayo",FALSE,,,,,,,,
"HUANCAYO_01_2020","HUANCAYO_01_2020_P709",2,"potato","CIP316363.123","tubers",9.81481481481481,,TRUE,"doi:10.21223/B7HWWH",709,FALSE,FALSE,"Peru","Huancayo",FALSE,,,,,,,,
"HUANCAYO_01_2020","HUANCAYO_01_2020_P710",2,"potato","CIP316348.179","tubers",15.7407407407407,,TRUE,"doi:10.21223/B7HWWH",710,FALSE,FALSE,"Peru","Huancayo",FALSE,,,,,,,,
"HUANCAYO_01_2020","HUANCAYO_01_2020_P711",2,"potato","CIP317015.449","tubers",22.7777777777778,,TRUE,"doi:10.21223/B7HWWH",711,FALSE,FALSE,"Peru","Huancayo",FALSE,,,,,,,,
"HUANCAYO_01_2020","HUANCAYO_01_2020_P712",2,"potato","CIP316360.155","tubers",29.8148148148148,,TRUE,"doi:10.21223/B7HWWH",712,FALSE,FALSE,"Peru","Huancayo",FALSE,,,,,,,,
"HUANCAYO_01_2020","HUANCAYO_01_2020_P713",2,"potato","CIP316366.137","tubers",10.3703703703704,,TRUE,"doi:10.21223/B7HWWH",713,FALSE,FALSE,"Peru","Huancayo",FALSE,,,,,,,,
"HUANCAYO_01_2020","HUANCAYO_01_2020_P714",2,"potato","CIP317017.65","tubers",12.5925925925926,,TRUE,"doi:10.21223/B7HWWH",714,FALSE,FALSE,"Peru","Huancayo",FALSE,,,,,,,,
"HUANCAYO_01_2020","HUANCAYO_01_2020_P715",2,"potato","CIP317028.499","tubers",14.6296296296296,,TRUE,"doi:10.21223/B7HWWH",715,FALSE,FALSE,"Peru","Huancayo",FALSE,,,,,,,,
"HUANCAYO_01_2020","HUANCAYO_01_2020_P716",2,"potato","CIP316360.187","tubers",25.3703703703704,,TRUE,"doi:10.21223/B7HWWH",716,FALSE,FALSE,"Peru","Huancayo",FALSE,,,,,,,,
"HUANCAYO_01_2020","HUANCAYO_01_2020_P717",2,"potato","CIP316365.158","tubers",7.96296296296296,,TRUE,"doi:10.21223/B7HWWH",717,FALSE,FALSE,"Peru","Huancayo",FALSE,,,,,,,,
"HUANCAYO_01_2020","HUANCAYO_01_2020_P718",2,"potato","CIP316387.236","tubers",12.5925925925926,,TRUE,"doi:10.21223/B7HWWH",718,FALSE,FALSE,"Peru","Huancayo",FALSE,,,,,,,,
"HUANCAYO_01_2020","HUANCAYO_01_2020_P719",2,"potato","CIP316390.126","tubers",8.88888888888889,,TRUE,"doi:10.21223/B7HWWH",719,FALSE,FALSE,"Peru","Huancayo",FALSE,,,,,,,,
"HUANCAYO_01_2020","HUANCAYO_01_2020_P720",2,"potato","CIP316358.103","tubers",29.0740740740741,,TRUE,"doi:10.21223/B7HWWH",720,FALSE,FALSE,"Peru","Huancayo",FALSE,,,,,,,,
"HUANCAYO_01_2020","HUANCAYO_01_2020_P721",2,"potato","CIP316363.165","tubers",13.8888888888889,,TRUE,"doi:10.21223/B7HWWH",721,FALSE,FALSE,"Peru","Huancayo",FALSE,,,,,,,,
"HUANCAYO_01_2020","HUANCAYO_01_2020_P722",2,"potato","CIP316393.114","tubers",32.2222222222222,,TRUE,"doi:10.21223/B7HWWH",722,FALSE,FALSE,"Peru","Huancayo",FALSE,,,,,,,,
"HUANCAYO_01_2020","HUANCAYO_01_2020_P723",2,"potato","CIP317017.17","tubers",17.037037037037,,TRUE,"doi:10.21223/B7HWWH",723,FALSE,FALSE,"Peru","Huancayo",FALSE,,,,,,,,
"HUANCAYO_01_2020","HUANCAYO_01_2020_P724",2,"potato","CIP316391.138","tubers",9.81481481481481,,TRUE,"doi:10.21223/B7HWWH",724,FALSE,FALSE,"Peru","Huancayo",FALSE,,,,,,,,
"HUANCAYO_01_2020","HUANCAYO_01_2020_P725",2,"potato","CIP316353.166","tubers",18.7037037037037,,TRUE,"doi:10.21223/B7HWWH",725,FALSE,FALSE,"Peru","Huancayo",FALSE,,,,,,,,
"HUANCAYO_01_2020","HUANCAYO_01_2020_P726",2,"potato","CIP316359.124","tubers",13.3333333333333,,TRUE,"doi:10.21223/B7HWWH",726,FALSE,FALSE,"Peru","Huancayo",FALSE,,,,,,,,
"HUANCAYO_01_2020","HUANCAYO_01_2020_P727",2,"potato","Amarilis","tubers",21.2962962962963,,TRUE,"doi:10.21223/B7HWWH",727,FALSE,FALSE,"Peru","Huancayo",FALSE,,,,,,,,
"HUANCAYO_01_2020","HUANCAYO_01_2020_P728",2,"potato","CIP316384.110","tubers",22.4074074074074,,TRUE,"doi:10.21223/B7HWWH",728,FALSE,FALSE,"Peru","Huancayo",FALSE,,,,,,,,
"HUANCAYO_01_2020","HUANCAYO_01_2020_P729",2,"potato","CIP316358.174","tubers",16.2962962962963,,TRUE,"doi:10.21223/B7HWWH",729,FALSE,FALSE,"Peru","Huancayo",FALSE,,,,,,,,
"HUANCAYO_01_2020","HUANCAYO_01_2020_P730",2,"potato","CIP316390.167","tubers",23.1481481481481,,TRUE,"doi:10.21223/B7HWWH",730,FALSE,FALSE,"Peru","Huancayo",FALSE,,,,,,,,
"HUANCAYO_01_2020","HUANCAYO_01_2020_P731",2,"potato","CIP316360.159","tubers",23.8888888888889,,TRUE,"doi:10.21223/B7HWWH",731,FALSE,FALSE,"Peru","Huancayo",FALSE,,,,,,,,
"HUANCAYO_01_2020","HUANCAYO_01_2020_P732",2,"potato","CIP316356.162","tubers",45.7407407407407,,TRUE,"doi:10.21223/B7HWWH",732,FALSE,FALSE,"Peru","Huancayo",FALSE,,,,,,,,
"HUANCAYO_01_2020","HUANCAYO_01_2020_P733",2,"potato","CIP316353.161","tubers",14.0740740740741,,TRUE,"doi:10.21223/B7HWWH",733,FALSE,FALSE,"Peru","Huancayo",FALSE,,,,,,,,
"HUANCAYO_01_2020","HUANCAYO_01_2020_P734",2,"potato","CIP316359.144","tubers",8.14814814814815,,TRUE,"doi:10.21223/B7HWWH",734,FALSE,FALSE,"Peru","Huancayo",FALSE,,,,,,,,
"HUANCAYO_01_2020","HUANCAYO_01_2020_P735",2,"potato","CIP316353.719","tubers",33.3333333333333,,TRUE,"doi:10.21223/B7HWWH",735,FALSE,FALSE,"Peru","Huancayo",FALSE,,,,,,,,
"HUANCAYO_01_2020","HUANCAYO_01_2020_P736",2,"potato","CIP316359.234","tubers",15.7407407407407,,TRUE,"doi:10.21223/B7HWWH",736,FALSE,FALSE,"Peru","Huancayo",FALSE,,,,,,,,
"HUANCAYO_01_2020","HUANCAYO_01_2020_P737",2,"potato","CIP302551.26","tubers",22.2222222222222,,TRUE,"doi:10.21223/B7HWWH",737,FALSE,FALSE,"Peru","Huancayo",FALSE,,,,,,,,
"HUANCAYO_01_2020","HUANCAYO_01_2020_P738",2,"potato","CIP316359.159","tubers",21.4814814814815,,TRUE,"doi:10.21223/B7HWWH",738,FALSE,FALSE,"Peru","Huancayo",FALSE,,,,,,,,
"HUANCAYO_01_2020","HUANCAYO_01_2020_P739",2,"potato","CIP316367.174","tubers",30.3703703703704,,TRUE,"doi:10.21223/B7HWWH",739,FALSE,FALSE,"Peru","Huancayo",FALSE,,,,,,,,
"HUANCAYO_01_2020","HUANCAYO_01_2020_P740",2,"potato","Kory","tubers",35.4074074074074,,TRUE,"doi:10.21223/B7HWWH",740,FALSE,FALSE,"Peru","Huancayo",FALSE,,,,,,,,
"HUANCAYO_01_2020","HUANCAYO_01_2020_P741",2,"potato","CIP316390.121","tubers",11.6666666666667,,TRUE,"doi:10.21223/B7HWWH",741,FALSE,FALSE,"Peru","Huancayo",FALSE,,,,,,,,
"HUANCAYO_01_2020","HUANCAYO_01_2020_P742",2,"potato","Amarilis","tubers",13.5185185185185,,TRUE,"doi:10.21223/B7HWWH",742,FALSE,FALSE,"Peru","Huancayo",FALSE,,,,,,,,
"HUANCAYO_01_2020","HUANCAYO_01_2020_P743",2,"potato","CIP316387.153","tubers",14.2592592592593,,TRUE,"doi:10.21223/B7HWWH",743,FALSE,FALSE,"Peru","Huancayo",FALSE,,,,,,,,
"HUANCAYO_01_2020","HUANCAYO_01_2020_P744",2,"potato","CIP316361.190","tubers",18.5185185185185,,TRUE,"doi:10.21223/B7HWWH",744,FALSE,FALSE,"Peru","Huancayo",FALSE,,,,,,,,
"HUANCAYO_01_2020","HUANCAYO_01_2020_P745",2,"potato","CIP316358.214","tubers",24.0740740740741,,TRUE,"doi:10.21223/B7HWWH",745,FALSE,FALSE,"Peru","Huancayo",FALSE,,,,,,,,
"HUANCAYO_01_2020","HUANCAYO_01_2020_P746",2,"potato","CIP316353.125","tubers",17.4074074074074,,TRUE,"doi:10.21223/B7HWWH",746,FALSE,FALSE,"Peru","Huancayo",FALSE,,,,,,,,
"HUANCAYO_01_2020","HUANCAYO_01_2020_P747",2,"potato","CIP316392.111","tubers",22.4074074074074,,TRUE,"doi:10.21223/B7HWWH",747,FALSE,FALSE,"Peru","Huancayo",FALSE,,,,,,,,
"HUANCAYO_01_2020","HUANCAYO_01_2020_P748",2,"potato","Kory","tubers",25.1851851851852,,TRUE,"doi:10.21223/B7HWWH",748,FALSE,FALSE,"Peru","Huancayo",FALSE,,,,,,,,
"HUANCAYO_01_2020","HUANCAYO_01_2020_P749",2,"potato","CIP316358.182","tubers",26.6666666666667,,TRUE,"doi:10.21223/B7HWWH",749,FALSE,FALSE,"Peru","Huancayo",FALSE,,,,,,,,
"HUANCAYO_01_2020","HUANCAYO_01_2020_P750",2,"potato","CIP316382.153","tubers",14.8148148148148,,TRUE,"doi:10.21223/B7HWWH",750,FALSE,FALSE,"Peru","Huancayo",FALSE,,,,,,,,
"HUANCAYO_01_2020","HUANCAYO_01_2020_P751",2,"potato","CIP316361.132","tubers",28.3333333333333,,TRUE,"doi:10.21223/B7HWWH",751,FALSE,FALSE,"Peru","Huancayo",FALSE,,,,,,,,
"HUANCAYO_01_2020","HUANCAYO_01_2020_P752",2,"potato","CIP316356.123","tubers",13.8888888888889,,TRUE,"doi:10.21223/B7HWWH",752,FALSE,FALSE,"Peru","Huancayo",FALSE,,,,,,,,
"HUANCAYO_01_2020","HUANCAYO_01_2020_P753",2,"potato","CIP316365.120","tubers",15.1851851851852,,TRUE,"doi:10.21223/B7HWWH",753,FALSE,FALSE,"Peru","Huancayo",FALSE,,,,,,,,
"HUANCAYO_01_2020","HUANCAYO_01_2020_P754",2,"potato","CIP316384.116","tubers",13.1481481481481,,TRUE,"doi:10.21223/B7HWWH",754,FALSE,FALSE,"Peru","Huancayo",FALSE,,,,,,,,
"HUANCAYO_01_2020","HUANCAYO_01_2020_P755",2,"potato","CIP316366.126","tubers",6.85185185185185,,TRUE,"doi:10.21223/B7HWWH",755,FALSE,FALSE,"Peru","Huancayo",FALSE,,,,,,,,
"HUANCAYO_01_2020","HUANCAYO_01_2020_P756",2,"potato","CIP316353.109","tubers",7.77777777777778,,TRUE,"doi:10.21223/B7HWWH",756,FALSE,FALSE,"Peru","Huancayo",FALSE,,,,,,,,
"HUANCAYO_01_2020","HUANCAYO_01_2020_P757",2,"potato","CIP316359.199","tubers",23.7037037037037,,TRUE,"doi:10.21223/B7HWWH",757,FALSE,FALSE,"Peru","Huancayo",FALSE,,,,,,,,
"HUANCAYO_01_2020","HUANCAYO_01_2020_P758",2,"potato","CIP316352.159","tubers",14.4444444444444,,TRUE,"doi:10.21223/B7HWWH",758,FALSE,FALSE,"Peru","Huancayo",FALSE,,,,,,,,
"HUANCAYO_01_2020","HUANCAYO_01_2020_P759",2,"potato","CIP316360.177","tubers",10.7407407407407,,TRUE,"doi:10.21223/B7HWWH",759,FALSE,FALSE,"Peru","Huancayo",FALSE,,,,,,,,
"HUANCAYO_01_2020","HUANCAYO_01_2020_P760",2,"potato","Yungay","tubers",19.2592592592593,,TRUE,"doi:10.21223/B7HWWH",760,FALSE,FALSE,"Peru","Huancayo",FALSE,,,,,,,,
"HUANCAYO_01_2020","HUANCAYO_01_2020_P761",2,"potato","Amarilis","tubers",17.962962962963,,TRUE,"doi:10.21223/B7HWWH",761,FALSE,FALSE,"Peru","Huancayo",FALSE,,,,,,,,
"HUANCAYO_01_2020","HUANCAYO_01_2020_P762",2,"potato","CIP316361.117","tubers",13.5185185185185,,TRUE,"doi:10.21223/B7HWWH",762,FALSE,FALSE,"Peru","Huancayo",FALSE,,,,,,,,
"HUANCAYO_01_2020","HUANCAYO_01_2020_P763",2,"potato","CIP316383.108","tubers",23.1481481481481,,TRUE,"doi:10.21223/B7HWWH",763,FALSE,FALSE,"Peru","Huancayo",FALSE,,,,,,,,
"HUANCAYO_01_2020","HUANCAYO_01_2020_P764",2,"potato","CIP316360.110","tubers",12.962962962963,,TRUE,"doi:10.21223/B7HWWH",764,FALSE,FALSE,"Peru","Huancayo",FALSE,,,,,,,,
"HUANCAYO_01_2020","HUANCAYO_01_2020_P765",2,"potato","CIP316353.733","tubers",21.4814814814815,,TRUE,"doi:10.21223/B7HWWH",765,FALSE,FALSE,"Peru","Huancayo",FALSE,,,,,,,,
"HUANCAYO_01_2020","HUANCAYO_01_2020_P766",2,"potato","CIP316360.240","tubers",20.9259259259259,,TRUE,"doi:10.21223/B7HWWH",766,FALSE,FALSE,"Peru","Huancayo",FALSE,,,,,,,,
"HUANCAYO_01_2020","HUANCAYO_01_2020_P767",2,"potato","CIP316360.211","tubers",21.8518518518519,,TRUE,"doi:10.21223/B7HWWH",767,FALSE,FALSE,"Peru","Huancayo",FALSE,,,,,,,,
"HUANCAYO_01_2020","HUANCAYO_01_2020_P768",2,"potato","CIP316353.152","tubers",11.8518518518519,,TRUE,"doi:10.21223/B7HWWH",768,FALSE,FALSE,"Peru","Huancayo",FALSE,,,,,,,,
"HUANCAYO_01_2020","HUANCAYO_01_2020_P769",2,"potato","CIP316344.154","tubers",19.4444444444444,,TRUE,"doi:10.21223/B7HWWH",769,FALSE,FALSE,"Peru","Huancayo",FALSE,,,,,,,,
"HUANCAYO_01_2020","HUANCAYO_01_2020_P770",2,"potato","CIP316385.111","tubers",26.6666666666667,,TRUE,"doi:10.21223/B7HWWH",770,FALSE,FALSE,"Peru","Huancayo",FALSE,,,,,,,,
"HUANCAYO_01_2020","HUANCAYO_01_2020_P771",2,"potato","CIP316345.247","tubers",18.7037037037037,,TRUE,"doi:10.21223/B7HWWH",771,FALSE,FALSE,"Peru","Huancayo",FALSE,,,,,,,,
"HUANCAYO_01_2020","HUANCAYO_01_2020_P772",2,"potato","CIP398208.670","tubers",19.0740740740741,,TRUE,"doi:10.21223/B7HWWH",772,FALSE,FALSE,"Peru","Huancayo",FALSE,,,,,,,,
"HUANCAYO_01_2020","HUANCAYO_01_2020_P773",2,"potato","CIP316348.172","tubers",5.74074074074074,,TRUE,"doi:10.21223/B7HWWH",773,FALSE,FALSE,"Peru","Huancayo",FALSE,,,,,,,,
"HUANCAYO_01_2020","HUANCAYO_01_2020_P774",2,"potato","CIP316371.141","tubers",14.6296296296296,,TRUE,"doi:10.21223/B7HWWH",774,FALSE,FALSE,"Peru","Huancayo",FALSE,,,,,,,,
"HUANCAYO_01_2020","HUANCAYO_01_2020_P775",2,"potato","CIP317015.434","tubers",25.3703703703704,,TRUE,"doi:10.21223/B7HWWH",775,FALSE,FALSE,"Peru","Huancayo",FALSE,,,,,,,,
"HUANCAYO_01_2020","HUANCAYO_01_2020_P776",2,"potato","CIP316387.156","tubers",33.1481481481481,,TRUE,"doi:10.21223/B7HWWH",776,FALSE,FALSE,"Peru","Huancayo",FALSE,,,,,,,,
"HUANCAYO_01_2020","HUANCAYO_01_2020_P777",2,"potato","CIP316360.248","tubers",26.4814814814815,,TRUE,"doi:10.21223/B7HWWH",777,FALSE,FALSE,"Peru","Huancayo",FALSE,,,,,,,,
"HUANCAYO_01_2020","HUANCAYO_01_2020_P778",2,"potato","Yungay","tubers",34.6296296296296,,TRUE,"doi:10.21223/B7HWWH",778,FALSE,FALSE,"Peru","Huancayo",FALSE,,,,,,,,
"HUANCAYO_01_2020","HUANCAYO_01_2020_P779",2,"potato","Yungay","tubers",26.8518518518519,,TRUE,"doi:10.21223/B7HWWH",779,FALSE,FALSE,"Peru","Huancayo",FALSE,,,,,,,,
"HUANCAYO_01_2020","HUANCAYO_01_2020_P780",2,"potato","CIP316368.159","tubers",15.9259259259259,,TRUE,"doi:10.21223/B7HWWH",780,FALSE,FALSE,"Peru","Huancayo",FALSE,,,,,,,,
"HUANCAYO_01_2020","HUANCAYO_01_2020_P781",2,"potato","Yungay","tubers",28.8888888888889,,TRUE,"doi:10.21223/B7HWWH",781,FALSE,FALSE,"Peru","Huancayo",FALSE,,,,,,,,
"HUANCAYO_01_2020","HUANCAYO_01_2020_P782",2,"potato","CIP316353.432","tubers",21.6666666666667,,TRUE,"doi:10.21223/B7HWWH",782,FALSE,FALSE,"Peru","Huancayo",FALSE,,,,,,,,
"HUANCAYO_01_2020","HUANCAYO_01_2020_P783",2,"potato","CIP316359.216","tubers",14.6296296296296,,TRUE,"doi:10.21223/B7HWWH",783,FALSE,FALSE,"Peru","Huancayo",FALSE,,,,,,,,
"HUANCAYO_01_2020","HUANCAYO_01_2020_P784",2,"potato","CIP316367.173","tubers",25,,TRUE,"doi:10.21223/B7HWWH",784,FALSE,FALSE,"Peru","Huancayo",FALSE,,,,,,,,
"HUANCAYO_01_2020","HUANCAYO_01_2020_P785",2,"potato","CIP316386.161","tubers",18.5185185185185,,TRUE,"doi:10.21223/B7HWWH",785,FALSE,FALSE,"Peru","Huancayo",FALSE,,,,,,,,
"HUANCAYO_01_2020","HUANCAYO_01_2020_P786",2,"potato","CIP316391.136","tubers",20.1851851851852,,TRUE,"doi:10.21223/B7HWWH",786,FALSE,FALSE,"Peru","Huancayo",FALSE,,,,,,,,
"HUANCAYO_01_2020","HUANCAYO_01_2020_P787",2,"potato","CIP316353.741","tubers",33.7037037037037,,TRUE,"doi:10.21223/B7HWWH",787,FALSE,FALSE,"Peru","Huancayo",FALSE,,,,,,,,
"HUANCAYO_01_2020","HUANCAYO_01_2020_P788",2,"potato","CIP316379.155","tubers",19.6296296296296,,TRUE,"doi:10.21223/B7HWWH",788,FALSE,FALSE,"Peru","Huancayo",FALSE,,,,,,,,
"HUANCAYO_01_2020","HUANCAYO_01_2020_P789",2,"potato","CIP316390.152","tubers",15.7407407407407,,TRUE,"doi:10.21223/B7HWWH",789,FALSE,FALSE,"Peru","Huancayo",FALSE,,,,,,,,
"HUANCAYO_01_2020","HUANCAYO_01_2020_P790",2,"potato","Yungay","tubers",41.8518518518518,,TRUE,"doi:10.21223/B7HWWH",790,FALSE,FALSE,"Peru","Huancayo",FALSE,,,,,,,,
"HUANCAYO_01_2020","HUANCAYO_01_2020_P791",2,"potato","CIP317017.85","tubers",5.74074074074074,,TRUE,"doi:10.21223/B7HWWH",791,FALSE,FALSE,"Peru","Huancayo",FALSE,,,,,,,,
"HUANCAYO_01_2020","HUANCAYO_01_2020_P792",2,"potato","CIP316380.131","tubers",30.5555555555556,,TRUE,"doi:10.21223/B7HWWH",792,FALSE,FALSE,"Peru","Huancayo",FALSE,,,,,,,,
"HUANCAYO_01_2020","HUANCAYO_01_2020_P793",2,"potato","CIP316344.165","tubers",15.7407407407407,,TRUE,"doi:10.21223/B7HWWH",793,FALSE,FALSE,"Peru","Huancayo",FALSE,,,,,,,,
"HUANCAYO_01_2020","HUANCAYO_01_2020_P794",2,"potato","CIP317016.431","tubers",15.5555555555556,,TRUE,"doi:10.21223/B7HWWH",794,FALSE,FALSE,"Peru","Huancayo",FALSE,,,,,,,,
"HUANCAYO_01_2020","HUANCAYO_01_2020_P795",2,"potato","CIP316362.167","tubers",18.1481481481481,,TRUE,"doi:10.21223/B7HWWH",795,FALSE,FALSE,"Peru","Huancayo",FALSE,,,,,,,,
"HUANCAYO_01_2020","HUANCAYO_01_2020_P796",2,"potato","CIP316359.167","tubers",8.7037037037037,,TRUE,"doi:10.21223/B7HWWH",796,FALSE,FALSE,"Peru","Huancayo",FALSE,,,,,,,,
"HUANCAYO_01_2020","HUANCAYO_01_2020_P797",2,"potato","Kory","tubers",36.4814814814815,,TRUE,"doi:10.21223/B7HWWH",797,FALSE,FALSE,"Peru","Huancayo",FALSE,,,,,,,,
"HUANCAYO_01_2020","HUANCAYO_01_2020_P798",2,"potato","CIP316361.108","tubers",13.3333333333333,,TRUE,"doi:10.21223/B7HWWH",798,FALSE,FALSE,"Peru","Huancayo",FALSE,,,,,,,,
"HUANCAYO_01_2020","HUANCAYO_01_2020_P799",2,"potato","CIP316363.110","tubers",28.3333333333333,,TRUE,"doi:10.21223/B7HWWH",799,FALSE,FALSE,"Peru","Huancayo",FALSE,,,,,,,,
"HUANCAYO_01_2020","HUANCAYO_01_2020_P800",2,"potato","CIP316362.134","tubers",17.962962962963,,TRUE,"doi:10.21223/B7HWWH",800,FALSE,FALSE,"Peru","Huancayo",FALSE,,,,,,,,
"HUANCAYO_01_2020","HUANCAYO_01_2020_P801",2,"potato","CIP398208.704","tubers",23.5185185185185,,TRUE,"doi:10.21223/B7HWWH",801,FALSE,FALSE,"Peru","Huancayo",FALSE,,,,,,,,
"HUANCAYO_01_2020","HUANCAYO_01_2020_P802",2,"potato","CIP316358.179","tubers",24.2962962962963,,TRUE,"doi:10.21223/B7HWWH",802,FALSE,FALSE,"Peru","Huancayo",FALSE,,,,,,,,
"HUANCAYO_01_2020","HUANCAYO_01_2020_P803",2,"potato","CIP317015.436","tubers",21.4814814814815,,TRUE,"doi:10.21223/B7HWWH",803,FALSE,FALSE,"Peru","Huancayo",FALSE,,,,,,,,
"HUANCAYO_01_2020","HUANCAYO_01_2020_P804",2,"potato","CIP316367.159","tubers",9.62962962962963,,TRUE,"doi:10.21223/B7HWWH",804,FALSE,FALSE,"Peru","Huancayo",FALSE,,,,,,,,
"HUANCAYO_01_2020","HUANCAYO_01_2020_P805",2,"potato","CIP316362.115","tubers",9.81481481481481,,TRUE,"doi:10.21223/B7HWWH",805,FALSE,FALSE,"Peru","Huancayo",FALSE,,,,,,,,
"HUANCAYO_01_2020","HUANCAYO_01_2020_P806",2,"potato","CIP316359.133","tubers",14.2592592592593,,TRUE,"doi:10.21223/B7HWWH",806,FALSE,FALSE,"Peru","Huancayo",FALSE,,,,,,,,
"HUANCAYO_01_2020","HUANCAYO_01_2020_P807",2,"potato","CIP316349.166","tubers",12.4074074074074,,TRUE,"doi:10.21223/B7HWWH",807,FALSE,FALSE,"Peru","Huancayo",FALSE,,,,,,,,
"HUANCAYO_01_2020","HUANCAYO_01_2020_P808",2,"potato","CIP316353.133","tubers",10,,TRUE,"doi:10.21223/B7HWWH",808,FALSE,FALSE,"Peru","Huancayo",FALSE,,,,,,,,
"HUANCAYO_01_2020","HUANCAYO_01_2020_P809",2,"potato","CIP316357.119","tubers",5.18518518518519,,TRUE,"doi:10.21223/B7HWWH",809,FALSE,FALSE,"Peru","Huancayo",FALSE,,,,,,,,
"HUANCAYO_01_2020","HUANCAYO_01_2020_P810",2,"potato","Yungay","tubers",12.037037037037,,TRUE,"doi:10.21223/B7HWWH",810,FALSE,FALSE,"Peru","Huancayo",FALSE,,,,,,,,
"HUANCAYO_01_2020","HUANCAYO_01_2020_P811",2,"potato","CIP316384.170","tubers",3.7037037037037,,TRUE,"doi:10.21223/B7HWWH",811,FALSE,FALSE,"Peru","Huancayo",FALSE,,,,,,,,
"HUANCAYO_01_2020","HUANCAYO_01_2020_P812",2,"potato","CIP316377.127","tubers",5.18518518518519,,TRUE,"doi:10.21223/B7HWWH",812,FALSE,FALSE,"Peru","Huancayo",FALSE,,,,,,,,
"HUANCAYO_01_2020","HUANCAYO_01_2020_P813",2,"potato","CIP316365.125","tubers",6.2962962962963,,TRUE,"doi:10.21223/B7HWWH",813,FALSE,FALSE,"Peru","Huancayo",FALSE,,,,,,,,
"HUANCAYO_01_2020","HUANCAYO_01_2020_P814",2,"potato","CIP316361.110","tubers",9.44444444444444,,TRUE,"doi:10.21223/B7HWWH",814,FALSE,FALSE,"Peru","Huancayo",FALSE,,,,,,,,
"HUANCAYO_01_2020","HUANCAYO_01_2020_P815",2,"potato","CIP316376.169","tubers",13.1481481481481,,TRUE,"doi:10.21223/B7HWWH",815,FALSE,FALSE,"Peru","Huancayo",FALSE,,,,,,,,
"HUANCAYO_01_2020","HUANCAYO_01_2020_P816",2,"potato","CIP316376.120","tubers",9.62962962962963,,TRUE,"doi:10.21223/B7HWWH",816,FALSE,FALSE,"Peru","Huancayo",FALSE,,,,,,,,
"HUANCAYO_01_2020","HUANCAYO_01_2020_P817",2,"potato","CIP316356.117","tubers",13.7037037037037,,TRUE,"doi:10.21223/B7HWWH",817,FALSE,FALSE,"Peru","Huancayo",FALSE,,,,,,,,
"HUANCAYO_01_2020","HUANCAYO_01_2020_P818",2,"potato","CIP316384.142","tubers",13.5185185185185,,TRUE,"doi:10.21223/B7HWWH",818,FALSE,FALSE,"Peru","Huancayo",FALSE,,,,,,,,
"HUANCAYO_01_2020","HUANCAYO_01_2020_P819",2,"potato","CIP316387.104","tubers",19.0740740740741,,TRUE,"doi:10.21223/B7HWWH",819,FALSE,FALSE,"Peru","Huancayo",FALSE,,,,,,,,
"HUANCAYO_01_2020","HUANCAYO_01_2020_P820",2,"potato","CIP316358.150","tubers",28.5185185185185,,TRUE,"doi:10.21223/B7HWWH",820,FALSE,FALSE,"Peru","Huancayo",FALSE,,,,,,,,
"HUANCAYO_01_2020","HUANCAYO_01_2020_P821",2,"potato","CIP316366.101","tubers",13.7777777777778,,TRUE,"doi:10.21223/B7HWWH",821,FALSE,FALSE,"Peru","Huancayo",FALSE,,,,,,,,
"HUANCAYO_01_2020","HUANCAYO_01_2020_P822",2,"potato","CIP398208.33","tubers",21.2962962962963,,TRUE,"doi:10.21223/B7HWWH",822,FALSE,FALSE,"Peru","Huancayo",FALSE,,,,,,,,
"HUANCAYO_01_2020","HUANCAYO_01_2020_P823",2,"potato","CIP316357.206","tubers",22.7777777777778,,TRUE,"doi:10.21223/B7HWWH",823,FALSE,FALSE,"Peru","Huancayo",FALSE,,,,,,,,
"HUANCAYO_01_2020","HUANCAYO_01_2020_P824",2,"potato","Yungay","tubers",28.1481481481481,,TRUE,"doi:10.21223/B7HWWH",824,FALSE,FALSE,"Peru","Huancayo",FALSE,,,,,,,,
"HUANCAYO_01_2020","HUANCAYO_01_2020_P825",2,"potato","Amarilis","tubers",12.962962962963,,TRUE,"doi:10.21223/B7HWWH",825,FALSE,FALSE,"Peru","Huancayo",FALSE,,,,,,,,
"HUANCAYO_01_2020","HUANCAYO_01_2020_P826",2,"potato","CIP316356.116","tubers",16.6666666666667,,TRUE,"doi:10.21223/B7HWWH",826,FALSE,FALSE,"Peru","Huancayo",FALSE,,,,,,,,
"HUANCAYO_01_2020","HUANCAYO_01_2020_P827",2,"potato","CIP316348.178","tubers",21.2962962962963,,TRUE,"doi:10.21223/B7HWWH",827,FALSE,FALSE,"Peru","Huancayo",FALSE,,,,,,,,
"HUANCAYO_01_2020","HUANCAYO_01_2020_P828",2,"potato","CIP316385.230","tubers",15.7407407407407,,TRUE,"doi:10.21223/B7HWWH",828,FALSE,FALSE,"Peru","Huancayo",FALSE,,,,,,,,
"HUANCAYO_01_2020","HUANCAYO_01_2020_P829",2,"potato","CIP316360.152","tubers",12.2222222222222,,TRUE,"doi:10.21223/B7HWWH",829,FALSE,FALSE,"Peru","Huancayo",FALSE,,,,,,,,
"HUANCAYO_01_2020","HUANCAYO_01_2020_P830",2,"potato","CIP316373.238","tubers",21.8518518518519,,TRUE,"doi:10.21223/B7HWWH",830,FALSE,FALSE,"Peru","Huancayo",FALSE,,,,,,,,
"HUANCAYO_01_2020","HUANCAYO_01_2020_P831",2,"potato","CIP317015.460","tubers",24.6296296296296,,TRUE,"doi:10.21223/B7HWWH",831,FALSE,FALSE,"Peru","Huancayo",FALSE,,,,,,,,
"HUANCAYO_01_2020","HUANCAYO_01_2020_P832",2,"potato","CIP316356.145","tubers",25.5555555555556,,TRUE,"doi:10.21223/B7HWWH",832,FALSE,FALSE,"Peru","Huancayo",FALSE,,,,,,,,
"HUANCAYO_01_2020","HUANCAYO_01_2020_P833",2,"potato","Yungay","tubers",30.1851851851852,,TRUE,"doi:10.21223/B7HWWH",833,FALSE,FALSE,"Peru","Huancayo",FALSE,,,,,,,,
"HUANCAYO_01_2020","HUANCAYO_01_2020_P834",2,"potato","CIP316367.132","tubers",24.0740740740741,,TRUE,"doi:10.21223/B7HWWH",834,FALSE,FALSE,"Peru","Huancayo",FALSE,,,,,,,,
"HUANCAYO_01_2020","HUANCAYO_01_2020_P835",2,"potato","CIP316384.143","tubers",34.0740740740741,,TRUE,"doi:10.21223/B7HWWH",835,FALSE,FALSE,"Peru","Huancayo",FALSE,,,,,,,,
"HUANCAYO_01_2020","HUANCAYO_01_2020_P836",2,"potato","CIP317011.121","tubers",37.962962962963,,TRUE,"doi:10.21223/B7HWWH",836,FALSE,FALSE,"Peru","Huancayo",FALSE,,,,,,,,
"HUANCAYO_01_2020","HUANCAYO_01_2020_P837",2,"potato","Amarilis","tubers",17.037037037037,,TRUE,"doi:10.21223/B7HWWH",837,FALSE,FALSE,"Peru","Huancayo",FALSE,,,,,,,,
"HUANCAYO_01_2020","HUANCAYO_01_2020_P838",2,"potato","CIP316378.162","tubers",7.96296296296296,,TRUE,"doi:10.21223/B7HWWH",838,FALSE,FALSE,"Peru","Huancayo",FALSE,,,,,,,,
"HUANCAYO_01_2020","HUANCAYO_01_2020_P839",2,"potato","CIP316361.250","tubers",9.81481481481481,,TRUE,"doi:10.21223/B7HWWH",839,FALSE,FALSE,"Peru","Huancayo",FALSE,,,,,,,,
"HUANCAYO_01_2020","HUANCAYO_01_2020_P840",2,"potato","CIP316352.166","tubers",6.85185185185185,,TRUE,"doi:10.21223/B7HWWH",840,FALSE,FALSE,"Peru","Huancayo",FALSE,,,,,,,,
"HUANCAYO_01_2020","HUANCAYO_01_2020_P841",2,"potato","CIP316359.173","tubers",17.2222222222222,,TRUE,"doi:10.21223/B7HWWH",841,FALSE,FALSE,"Peru","Huancayo",FALSE,,,,,,,,
"HUANCAYO_01_2020","HUANCAYO_01_2020_P842",2,"potato","CIP316365.165","tubers",14.6296296296296,,TRUE,"doi:10.21223/B7HWWH",842,FALSE,FALSE,"Peru","Huancayo",FALSE,,,,,,,,
"HUANCAYO_01_2020","HUANCAYO_01_2020_P843",2,"potato","CIP316359.247","tubers",26.2962962962963,,TRUE,"doi:10.21223/B7HWWH",843,FALSE,FALSE,"Peru","Huancayo",FALSE,,,,,,,,
"HUANCAYO_01_2020","HUANCAYO_01_2020_P844",2,"potato","CIP316386.134","tubers",28.3333333333333,,TRUE,"doi:10.21223/B7HWWH",844,FALSE,FALSE,"Peru","Huancayo",FALSE,,,,,,,,
"HUANCAYO_01_2020","HUANCAYO_01_2020_P845",2,"potato","CIP316378.167","tubers",39.4444444444444,,TRUE,"doi:10.21223/B7HWWH",845,FALSE,FALSE,"Peru","Huancayo",FALSE,,,,,,,,
"HUANCAYO_01_2020","HUANCAYO_01_2020_P846",2,"potato","CIP316373.198","tubers",22.5925925925926,,TRUE,"doi:10.21223/B7HWWH",846,FALSE,FALSE,"Peru","Huancayo",FALSE,,,,,,,,
"HUANCAYO_01_2020","HUANCAYO_01_2020_P847",2,"potato","CIP316361.101","tubers",17.037037037037,,TRUE,"doi:10.21223/B7HWWH",847,FALSE,FALSE,"Peru","Huancayo",FALSE,,,,,,,,
"HUANCAYO_01_2020","HUANCAYO_01_2020_P848",2,"potato","Amarilis","tubers",31.8518518518519,,TRUE,"doi:10.21223/B7HWWH",848,FALSE,FALSE,"Peru","Huancayo",FALSE,,,,,,,,
"HUANCAYO_01_2020","HUANCAYO_01_2020_P849",2,"potato","CIP316360.117","tubers",24.2592592592593,,TRUE,"doi:10.21223/B7HWWH",849,FALSE,FALSE,"Peru","Huancayo",FALSE,,,,,,,,
"HUANCAYO_01_2020","HUANCAYO_01_2020_P850",2,"potato","CIP302533.48","tubers",17.4074074074074,,TRUE,"doi:10.21223/B7HWWH",850,FALSE,FALSE,"Peru","Huancayo",FALSE,,,,,,,,
"HUANCAYO_01_2020","HUANCAYO_01_2020_P851",2,"potato","CIP316373.137","tubers",20.7407407407407,,TRUE,"doi:10.21223/B7HWWH",851,FALSE,FALSE,"Peru","Huancayo",FALSE,,,,,,,,
"HUANCAYO_01_2020","HUANCAYO_01_2020_P852",2,"potato","CIP316371.198","tubers",20.9259259259259,,TRUE,"doi:10.21223/B7HWWH",852,FALSE,FALSE,"Peru","Huancayo",FALSE,,,,,,,,
"HUANCAYO_01_2020","HUANCAYO_01_2020_P853",2,"potato","CIP316389.108","tubers",30.7407407407407,,TRUE,"doi:10.21223/B7HWWH",853,FALSE,FALSE,"Peru","Huancayo",FALSE,,,,,,,,
"HUANCAYO_01_2020","HUANCAYO_01_2020_P854",2,"potato","CIP316361.126","tubers",11.1111111111111,,TRUE,"doi:10.21223/B7HWWH",854,FALSE,FALSE,"Peru","Huancayo",FALSE,,,,,,,,
"HUANCAYO_01_2020","HUANCAYO_01_2020_P855",2,"potato","CIP316384.215","tubers",32.4074074074074,,TRUE,"doi:10.21223/B7HWWH",855,FALSE,FALSE,"Peru","Huancayo",FALSE,,,,,,,,
"HUANCAYO_01_2020","HUANCAYO_01_2020_P856",2,"potato","CIP316353.158","tubers",14.3333333333333,,TRUE,"doi:10.21223/B7HWWH",856,FALSE,FALSE,"Peru","Huancayo",FALSE,,,,,,,,
"HUANCAYO_01_2020","HUANCAYO_01_2020_P857",2,"potato","CIP316386.168","tubers",19.0740740740741,,TRUE,"doi:10.21223/B7HWWH",857,FALSE,FALSE,"Peru","Huancayo",FALSE,,,,,,,,
"HUANCAYO_01_2020","HUANCAYO_01_2020_P858",2,"potato","CIP316358.223","tubers",31.2962962962963,,TRUE,"doi:10.21223/B7HWWH",858,FALSE,FALSE,"Peru","Huancayo",FALSE,,,,,,,,
"HUANCAYO_01_2020","HUANCAYO_01_2020_P859",2,"potato","CIP316363.103","tubers",12.962962962963,,TRUE,"doi:10.21223/B7HWWH",859,FALSE,FALSE,"Peru","Huancayo",FALSE,,,,,,,,
"HUANCAYO_01_2020","HUANCAYO_01_2020_P860",2,"potato","CIP316348.174","tubers",6.66666666666667,,TRUE,"doi:10.21223/B7HWWH",860,FALSE,FALSE,"Peru","Huancayo",FALSE,,,,,,,,
"HUANCAYO_01_2020","HUANCAYO_01_2020_P861",2,"potato","CIP316353.120","tubers",14.2592592592593,,TRUE,"doi:10.21223/B7HWWH",861,FALSE,FALSE,"Peru","Huancayo",FALSE,,,,,,,,
"HUANCAYO_01_2020","HUANCAYO_01_2020_P862",2,"potato","CIP316371.139","tubers",18.8148148148148,,TRUE,"doi:10.21223/B7HWWH",862,FALSE,FALSE,"Peru","Huancayo",FALSE,,,,,,,,
"HUANCAYO_01_2020","HUANCAYO_01_2020_P863",2,"potato","CIP316353.499","tubers",15.9259259259259,,TRUE,"doi:10.21223/B7HWWH",863,FALSE,FALSE,"Peru","Huancayo",FALSE,,,,,,,,
"HUANCAYO_01_2020","HUANCAYO_01_2020_P864",2,"potato","Amarilis","tubers",21.1111111111111,,TRUE,"doi:10.21223/B7HWWH",864,FALSE,FALSE,"Peru","Huancayo",FALSE,,,,,,,,
"HUANCAYO_01_2020","HUANCAYO_01_2020_P865",2,"potato","Amarilis","tubers",22.4074074074074,,TRUE,"doi:10.21223/B7HWWH",865,FALSE,FALSE,"Peru","Huancayo",FALSE,,,,,,,,
"HUANCAYO_01_2020","HUANCAYO_01_2020_P866",2,"potato","CIP316367.102","tubers",12.4074074074074,,TRUE,"doi:10.21223/B7HWWH",866,FALSE,FALSE,"Peru","Huancayo",FALSE,,,,,,,,
"HUANCAYO_01_2020","HUANCAYO_01_2020_P867",2,"potato","Amarilis","tubers",18.8888888888889,,TRUE,"doi:10.21223/B7HWWH",867,FALSE,FALSE,"Peru","Huancayo",FALSE,,,,,,,,
"HUANCAYO_01_2020","HUANCAYO_01_2020_P868",2,"potato","CIP316352.122","tubers",13.6296296296296,,TRUE,"doi:10.21223/B7HWWH",868,FALSE,FALSE,"Peru","Huancayo",FALSE,,,,,,,,
"HUANCAYO_01_2020","HUANCAYO_01_2020_P869",2,"potato","CIP316359.168","tubers",9.62962962962963,,TRUE,"doi:10.21223/B7HWWH",869,FALSE,FALSE,"Peru","Huancayo",FALSE,,,,,,,,
"HUANCAYO_01_2020","HUANCAYO_01_2020_P870",2,"potato","CIP316359.227","tubers",11.2962962962963,,TRUE,"doi:10.21223/B7HWWH",870,FALSE,FALSE,"Peru","Huancayo",FALSE,,,,,,,,
"HUANCAYO_01_2020","HUANCAYO_01_2020_P871",2,"potato","CIP316356.142","tubers",10.5555555555556,,TRUE,"doi:10.21223/B7HWWH",871,FALSE,FALSE,"Peru","Huancayo",FALSE,,,,,,,,
"HUANCAYO_01_2020","HUANCAYO_01_2020_P872",2,"potato","CIP316385.144","tubers",16.1111111111111,,TRUE,"doi:10.21223/B7HWWH",872,FALSE,FALSE,"Peru","Huancayo",FALSE,,,,,,,,
"HUANCAYO_01_2020","HUANCAYO_01_2020_P873",2,"potato","CIP317015.472","tubers",2.22222222222222,,TRUE,"doi:10.21223/B7HWWH",873,FALSE,FALSE,"Peru","Huancayo",FALSE,,,,,,,,
"HUANCAYO_01_2020","HUANCAYO_01_2020_P874",2,"potato","CIP398201.510","tubers",3.51851851851852,,TRUE,"doi:10.21223/B7HWWH",874,FALSE,FALSE,"Peru","Huancayo",FALSE,,,,,,,,
"HUANCAYO_01_2020","HUANCAYO_01_2020_P875",2,"potato","Kory","tubers",17.4074074074074,,TRUE,"doi:10.21223/B7HWWH",875,FALSE,FALSE,"Peru","Huancayo",FALSE,,,,,,,,
"HUANCAYO_01_2020","HUANCAYO_01_2020_P876",2,"potato","Kory","tubers",23.5185185185185,,TRUE,"doi:10.21223/B7HWWH",876,FALSE,FALSE,"Peru","Huancayo",FALSE,,,,,,,,
"HUANCAYO_01_2020","HUANCAYO_01_2020_P877",2,"potato","CIP316385.104","tubers",37.4074074074074,,TRUE,"doi:10.21223/B7HWWH",877,FALSE,FALSE,"Peru","Huancayo",FALSE,,,,,,,,
"HUANCAYO_01_2020","HUANCAYO_01_2020_P878",2,"potato","CIP316360.156","tubers",17.2222222222222,,TRUE,"doi:10.21223/B7HWWH",878,FALSE,FALSE,"Peru","Huancayo",FALSE,,,,,,,,
"HUANCAYO_01_2020","HUANCAYO_01_2020_P879",2,"potato","CIP316352.152","tubers",14.2592592592593,,TRUE,"doi:10.21223/B7HWWH",879,FALSE,FALSE,"Peru","Huancayo",FALSE,,,,,,,,
"HUANCAYO_01_2020","HUANCAYO_01_2020_P880",2,"potato","CIP316356.135","tubers",18.3333333333333,,TRUE,"doi:10.21223/B7HWWH",880,FALSE,FALSE,"Peru","Huancayo",FALSE,,,,,,,,
"HUANCAYO_01_2020","HUANCAYO_01_2020_P881",2,"potato","CIP317029.432","tubers",4.25925925925926,,TRUE,"doi:10.21223/B7HWWH",881,FALSE,FALSE,"Peru","Huancayo",FALSE,,,,,,,,
"HUANCAYO_01_2020","HUANCAYO_01_2020_P882",2,"potato","CIP316360.195","tubers",20.1851851851852,,TRUE,"doi:10.21223/B7HWWH",882,FALSE,FALSE,"Peru","Huancayo",FALSE,,,,,,,,
"HUANCAYO_01_2020","HUANCAYO_01_2020_P883",2,"potato","CIP316362.111","tubers",15.7407407407407,,TRUE,"doi:10.21223/B7HWWH",883,FALSE,FALSE,"Peru","Huancayo",FALSE,,,,,,,,
"HUANCAYO_01_2020","HUANCAYO_01_2020_P884",2,"potato","Yungay","tubers",29.6296296296296,,TRUE,"doi:10.21223/B7HWWH",884,FALSE,FALSE,"Peru","Huancayo",FALSE,,,,,,,,
"HUANCAYO_01_2020","HUANCAYO_01_2020_P885",2,"potato","CIP316353.173","tubers",15.1851851851852,,TRUE,"doi:10.21223/B7HWWH",885,FALSE,FALSE,"Peru","Huancayo",FALSE,,,,,,,,
"HUANCAYO_01_2020","HUANCAYO_01_2020_P886",2,"potato","CIP316350.125","tubers",27.962962962963,,TRUE,"doi:10.21223/B7HWWH",886,FALSE,FALSE,"Peru","Huancayo",FALSE,,,,,,,,
"HUANCAYO_01_2020","HUANCAYO_01_2020_P887",2,"potato","CIP316360.101","tubers",27.7777777777778,,TRUE,"doi:10.21223/B7HWWH",887,FALSE,FALSE,"Peru","Huancayo",FALSE,,,,,,,,
"HUANCAYO_01_2020","HUANCAYO_01_2020_P888",2,"potato","CIP316352.160","tubers",8.14814814814815,,TRUE,"doi:10.21223/B7HWWH",888,FALSE,FALSE,"Peru","Huancayo",FALSE,,,,,,,,
"HUANCAYO_01_2020","HUANCAYO_01_2020_P889",2,"potato","CIP316367.139","tubers",12.4074074074074,,TRUE,"doi:10.21223/B7HWWH",889,FALSE,FALSE,"Peru","Huancayo",FALSE,,,,,,,,
"HUANCAYO_01_2020","HUANCAYO_01_2020_P890",2,"potato","CIP316359.158","tubers",24.6296296296296,,TRUE,"doi:10.21223/B7HWWH",890,FALSE,FALSE,"Peru","Huancayo",FALSE,,,,,,,,
"HUANCAYO_01_2020","HUANCAYO_01_2020_P891",2,"potato","Amarilis","tubers",12.7777777777778,,TRUE,"doi:10.21223/B7HWWH",891,FALSE,FALSE,"Peru","Huancayo",FALSE,,,,,,,,
"HUANCAYO_01_2020","HUANCAYO_01_2020_P892",2,"potato","CIP316358.232","tubers",16.6666666666667,,TRUE,"doi:10.21223/B7HWWH",892,FALSE,FALSE,"Peru","Huancayo",FALSE,,,,,,,,
"HUANCAYO_01_2020","HUANCAYO_01_2020_P893",2,"potato","CIP316350.173","tubers",19.4444444444444,,TRUE,"doi:10.21223/B7HWWH",893,FALSE,FALSE,"Peru","Huancayo",FALSE,,,,,,,,
"HUANCAYO_01_2020","HUANCAYO_01_2020_P894",2,"potato","CIP316360.215","tubers",14.0740740740741,,TRUE,"doi:10.21223/B7HWWH",894,FALSE,FALSE,"Peru","Huancayo",FALSE,,,,,,,,
"HUANCAYO_01_2020","HUANCAYO_01_2020_P895",2,"potato","CIP316363.115","tubers",6.25925925925926,,TRUE,"doi:10.21223/B7HWWH",895,FALSE,FALSE,"Peru","Huancayo",FALSE,,,,,,,,
"HUANCAYO_01_2020","HUANCAYO_01_2020_P896",2,"potato","CIP316367.181","tubers",24.8148148148148,,TRUE,"doi:10.21223/B7HWWH",896,FALSE,FALSE,"Peru","Huancayo",FALSE,,,,,,,,
"HUANCAYO_01_2020","HUANCAYO_01_2020_P897",2,"potato","CIP316361.102","tubers",14.4444444444444,,TRUE,"doi:10.21223/B7HWWH",897,FALSE,FALSE,"Peru","Huancayo",FALSE,,,,,,,,
"HUANCAYO_01_2020","HUANCAYO_01_2020_P898",2,"potato","CIP316363.161","tubers",6.85185185185185,,TRUE,"doi:10.21223/B7HWWH",898,FALSE,FALSE,"Peru","Huancayo",FALSE,,,,,,,,
"HUANCAYO_01_2020","HUANCAYO_01_2020_P899",2,"potato","CIP316352.118","tubers",14.2592592592593,,TRUE,"doi:10.21223/B7HWWH",899,FALSE,FALSE,"Peru","Huancayo",FALSE,,,,,,,,
"HUANCAYO_01_2020","HUANCAYO_01_2020_P900",2,"potato","CIP316359.218","tubers",23.8888888888889,,TRUE,"doi:10.21223/B7HWWH",900,FALSE,FALSE,"Peru","Huancayo",FALSE,,,,,,,,
"HUANCAYO_01_2020","HUANCAYO_01_2020_P901",2,"potato","CIP316348.223","tubers",7.77777777777778,,TRUE,"doi:10.21223/B7HWWH",901,FALSE,FALSE,"Peru","Huancayo",FALSE,,,,,,,,
"HUANCAYO_01_2020","HUANCAYO_01_2020_P902",2,"potato","CIP316382.118","tubers",8.33333333333333,,TRUE,"doi:10.21223/B7HWWH",902,FALSE,FALSE,"Peru","Huancayo",FALSE,,,,,,,,
"HUANCAYO_01_2020","HUANCAYO_01_2020_P903",2,"potato","Kory","tubers",19.8148148148148,,TRUE,"doi:10.21223/B7HWWH",903,FALSE,FALSE,"Peru","Huancayo",FALSE,,,,,,,,
"HUANCAYO_01_2020","HUANCAYO_01_2020_P904",2,"potato","CIP316348.208","tubers",9.44444444444444,,TRUE,"doi:10.21223/B7HWWH",904,FALSE,FALSE,"Peru","Huancayo",FALSE,,,,,,,,
"HUANCAYO_01_2020","HUANCAYO_01_2020_P905",2,"potato","CIP316391.105","tubers",8.88888888888889,,TRUE,"doi:10.21223/B7HWWH",905,FALSE,FALSE,"Peru","Huancayo",FALSE,,,,,,,,
"HUANCAYO_01_2020","HUANCAYO_01_2020_P906",2,"potato","CIP316385.178","tubers",21.6666666666667,,TRUE,"doi:10.21223/B7HWWH",906,FALSE,FALSE,"Peru","Huancayo",FALSE,,,,,,,,
"HUANCAYO_01_2020","HUANCAYO_01_2020_P907",2,"potato","CIP316375.109","tubers",9.07407407407407,,TRUE,"doi:10.21223/B7HWWH",907,FALSE,FALSE,"Peru","Huancayo",FALSE,,,,,,,,
"HUANCAYO_01_2020","HUANCAYO_01_2020_P908",2,"potato","CIP316367.104","tubers",19.4444444444444,,TRUE,"doi:10.21223/B7HWWH",908,FALSE,FALSE,"Peru","Huancayo",FALSE,,,,,,,,
"HUANCAYO_01_2020","HUANCAYO_01_2020_P909",2,"potato","CIP316353.144","tubers",18.1481481481481,,TRUE,"doi:10.21223/B7HWWH",909,FALSE,FALSE,"Peru","Huancayo",FALSE,,,,,,,,
"HUANCAYO_01_2020","HUANCAYO_01_2020_P910",2,"potato","CIP317015.469","tubers",8.7037037037037,,TRUE,"doi:10.21223/B7HWWH",910,FALSE,FALSE,"Peru","Huancayo",FALSE,,,,,,,,
"HUANCAYO_01_2020","HUANCAYO_01_2020_P911",2,"potato","CIP316359.102","tubers",15,,TRUE,"doi:10.21223/B7HWWH",911,FALSE,FALSE,"Peru","Huancayo",FALSE,,,,,,,,
"HUANCAYO_01_2020","HUANCAYO_01_2020_P912",2,"potato","Kory","tubers",22.8148148148148,,TRUE,"doi:10.21223/B7HWWH",912,FALSE,FALSE,"Peru","Huancayo",FALSE,,,,,,,,
"HUANCAYO_01_2020","HUANCAYO_01_2020_P913",2,"potato","CIP316387.187","tubers",18.8888888888889,,TRUE,"doi:10.21223/B7HWWH",913,FALSE,FALSE,"Peru","Huancayo",FALSE,,,,,,,,
"HUANCAYO_01_2020","HUANCAYO_01_2020_P914",2,"potato","CIP316384.146","tubers",15.5555555555556,,TRUE,"doi:10.21223/B7HWWH",914,FALSE,FALSE,"Peru","Huancayo",FALSE,,,,,,,,
"HUANCAYO_01_2020","HUANCAYO_01_2020_P915",2,"potato","CIP316354.153","tubers",3.7037037037037,,TRUE,"doi:10.21223/B7HWWH",915,FALSE,FALSE,"Peru","Huancayo",FALSE,,,,,,,,
"HUANCAYO_01_2020","HUANCAYO_01_2020_P916",2,"potato","CIP316361.158","tubers",18.5185185185185,,TRUE,"doi:10.21223/B7HWWH",916,FALSE,FALSE,"Peru","Huancayo",FALSE,,,,,,,,
"HUANCAYO_01_2020","HUANCAYO_01_2020_P917",2,"potato","CIP316355.170","tubers",13.7037037037037,,TRUE,"doi:10.21223/B7HWWH",917,FALSE,FALSE,"Peru","Huancayo",FALSE,,,,,,,,
"HUANCAYO_01_2020","HUANCAYO_01_2020_P918",2,"potato","CIP316360.182","tubers",10.9259259259259,,TRUE,"doi:10.21223/B7HWWH",918,FALSE,FALSE,"Peru","Huancayo",FALSE,,,,,,,,
"HUANCAYO_01_2020","HUANCAYO_01_2020_P919",2,"potato","CIP316361.227","tubers",20.1851851851852,,TRUE,"doi:10.21223/B7HWWH",919,FALSE,FALSE,"Peru","Huancayo",FALSE,,,,,,,,
"HUANCAYO_01_2020","HUANCAYO_01_2020_P920",2,"potato","CIP316360.180","tubers",27.037037037037,,TRUE,"doi:10.21223/B7HWWH",920,FALSE,FALSE,"Peru","Huancayo",FALSE,,,,,,,,
"HUANCAYO_01_2020","HUANCAYO_01_2020_P921",2,"potato","CIP316363.166","tubers",5.18518518518519,,TRUE,"doi:10.21223/B7HWWH",921,FALSE,FALSE,"Peru","Huancayo",FALSE,,,,,,,,
"HUANCAYO_01_2020","HUANCAYO_01_2020_P922",2,"potato","Kory","tubers",25.9259259259259,,TRUE,"doi:10.21223/B7HWWH",922,FALSE,FALSE,"Peru","Huancayo",FALSE,,,,,,,,
"HUANCAYO_01_2020","HUANCAYO_01_2020_P923",2,"potato","CIP316358.230","tubers",31.6666666666667,,TRUE,"doi:10.21223/B7HWWH",923,FALSE,FALSE,"Peru","Huancayo",FALSE,,,,,,,,
"HUANCAYO_01_2020","HUANCAYO_01_2020_P924",2,"potato","CIP316379.149","tubers",14.4444444444444,,TRUE,"doi:10.21223/B7HWWH",924,FALSE,FALSE,"Peru","Huancayo",FALSE,,,,,,,,
"HUANCAYO_01_2020","HUANCAYO_01_2020_P925",2,"potato","CIP316360.230","tubers",16.6666666666667,,TRUE,"doi:10.21223/B7HWWH",925,FALSE,FALSE,"Peru","Huancayo",FALSE,,,,,,,,
"HUANCAYO_01_2020","HUANCAYO_01_2020_P926",2,"potato","CIP316357.187","tubers",7.22222222222222,,TRUE,"doi:10.21223/B7HWWH",926,FALSE,FALSE,"Peru","Huancayo",FALSE,,,,,,,,
"HUANCAYO_01_2020","HUANCAYO_01_2020_P927",2,"potato","CIP316356.149","tubers",12.037037037037,,TRUE,"doi:10.21223/B7HWWH",927,FALSE,FALSE,"Peru","Huancayo",FALSE,,,,,,,,
"HUANCAYO_01_2020","HUANCAYO_01_2020_P928",2,"potato","CIP316357.184","tubers",10.1851851851852,,TRUE,"doi:10.21223/B7HWWH",928,FALSE,FALSE,"Peru","Huancayo",FALSE,,,,,,,,
"HUANCAYO_01_2020","HUANCAYO_01_2020_P929",2,"potato","CIP398180.289","tubers",15.9259259259259,,TRUE,"doi:10.21223/B7HWWH",929,FALSE,FALSE,"Peru","Huancayo",FALSE,,,,,,,,
"HUANCAYO_01_2020","HUANCAYO_01_2020_P930",2,"potato","Kory","tubers",15.7407407407407,,TRUE,"doi:10.21223/B7HWWH",930,FALSE,FALSE,"Peru","Huancayo",FALSE,,,,,,,,
"HUANCAYO_01_2020","HUANCAYO_01_2020_P931",2,"potato","CIP316348.171","tubers",0.555555555555556,,TRUE,"doi:10.21223/B7HWWH",931,FALSE,FALSE,"Peru","Huancayo",FALSE,,,,,,,,
"HUANCAYO_01_2020","HUANCAYO_01_2020_P932",2,"potato","Amarilis","tubers",10.7407407407407,,TRUE,"doi:10.21223/B7HWWH",932,FALSE,FALSE,"Peru","Huancayo",FALSE,,,,,,,,
"HUANCAYO_01_2020","HUANCAYO_01_2020_P933",2,"potato","CIP316360.158","tubers",1.77777777777778,,TRUE,"doi:10.21223/B7HWWH",933,FALSE,FALSE,"Peru","Huancayo",FALSE,,,,,,,,
"HUANCAYO_01_2020","HUANCAYO_01_2020_P934",2,"potato","CIP316376.153","tubers",2.77777777777778,,TRUE,"doi:10.21223/B7HWWH",934,FALSE,FALSE,"Peru","Huancayo",FALSE,,,,,,,,
"HUANCAYO_01_2020","HUANCAYO_01_2020_P935",2,"potato","CIP316344.162","tubers",7.03703703703704,,TRUE,"doi:10.21223/B7HWWH",935,FALSE,FALSE,"Peru","Huancayo",FALSE,,,,,,,,
"HUANCAYO_01_2020","HUANCAYO_01_2020_P936",2,"potato","CIP316353.501","tubers",7,,TRUE,"doi:10.21223/B7HWWH",936,FALSE,FALSE,"Peru","Huancayo",FALSE,,,,,,,,
"HUANCAYO_01_2020","HUANCAYO_01_2020_P937",2,"potato","CIP316352.184","tubers",2.40740740740741,,TRUE,"doi:10.21223/B7HWWH",937,FALSE,FALSE,"Peru","Huancayo",FALSE,,,,,,,,
"HUANCAYO_01_2020","HUANCAYO_01_2020_P938",2,"potato","CIP316358.145","tubers",23.8888888888889,,TRUE,"doi:10.21223/B7HWWH",938,FALSE,FALSE,"Peru","Huancayo",FALSE,,,,,,,,
"HUANCAYO_01_2020","HUANCAYO_01_2020_P939",2,"potato","CIP316363.104","tubers",8.7037037037037,,TRUE,"doi:10.21223/B7HWWH",939,FALSE,FALSE,"Peru","Huancayo",FALSE,,,,,,,,
"HUANCAYO_01_2020","HUANCAYO_01_2020_P940",2,"potato","CIP316366.148","tubers",14.0740740740741,,TRUE,"doi:10.21223/B7HWWH",940,FALSE,FALSE,"Peru","Huancayo",FALSE,,,,,,,,
"HUANCAYO_01_2020","HUANCAYO_01_2020_P941",2,"potato","CIP316363.127","tubers",21.4814814814815,,TRUE,"doi:10.21223/B7HWWH",941,FALSE,FALSE,"Peru","Huancayo",FALSE,,,,,,,,
"HUANCAYO_01_2020","HUANCAYO_01_2020_P942",2,"potato","CIP316390.107","tubers",12.4074074074074,,TRUE,"doi:10.21223/B7HWWH",942,FALSE,FALSE,"Peru","Huancayo",FALSE,,,,,,,,
"HUANCAYO_01_2020","HUANCAYO_01_2020_P943",2,"potato","CIP316361.236","tubers",17.5925925925926,,TRUE,"doi:10.21223/B7HWWH",943,FALSE,FALSE,"Peru","Huancayo",FALSE,,,,,,,,
"HUANCAYO_01_2020","HUANCAYO_01_2020_P944",2,"potato","CIP316367.125","tubers",22.037037037037,,TRUE,"doi:10.21223/B7HWWH",944,FALSE,FALSE,"Peru","Huancayo",FALSE,,,,,,,,
"HUANCAYO_01_2020","HUANCAYO_01_2020_P945",2,"potato","CIP316392.137","tubers",24.6296296296296,,TRUE,"doi:10.21223/B7HWWH",945,FALSE,FALSE,"Peru","Huancayo",FALSE,,,,,,,,
"HUANCAYO_01_2020","HUANCAYO_01_2020_P946",2,"potato","CIP316350.120","tubers",35,,TRUE,"doi:10.21223/B7HWWH",946,FALSE,FALSE,"Peru","Huancayo",FALSE,,,,,,,,
"HUANCAYO_01_2020","HUANCAYO_01_2020_P947",2,"potato","CIP316361.241","tubers",19.6296296296296,,TRUE,"doi:10.21223/B7HWWH",947,FALSE,FALSE,"Peru","Huancayo",FALSE,,,,,,,,
"HUANCAYO_01_2020","HUANCAYO_01_2020_P948",2,"potato","CIP302534.1","tubers",4.07407407407407,,TRUE,"doi:10.21223/B7HWWH",948,FALSE,FALSE,"Peru","Huancayo",FALSE,,,,,,,,
"HUANCAYO_01_2020","HUANCAYO_01_2020_P949",2,"potato","Kory","tubers",31.4814814814815,,TRUE,"doi:10.21223/B7HWWH",949,FALSE,FALSE,"Peru","Huancayo",FALSE,,,,,,,,
"HUANCAYO_01_2020","HUANCAYO_01_2020_P950",2,"potato","CIP302531.43","tubers",20.3703703703704,,TRUE,"doi:10.21223/B7HWWH",950,FALSE,FALSE,"Peru","Huancayo",FALSE,,,,,,,,
"HUANCAYO_01_2020","HUANCAYO_01_2020_P951",2,"potato","CIP316361.235","tubers",27.037037037037,,TRUE,"doi:10.21223/B7HWWH",951,FALSE,FALSE,"Peru","Huancayo",FALSE,,,,,,,,
"HUANCAYO_01_2020","HUANCAYO_01_2020_P952",2,"potato","CIP316357.136","tubers",22.7777777777778,,TRUE,"doi:10.21223/B7HWWH",952,FALSE,FALSE,"Peru","Huancayo",FALSE,,,,,,,,
"HUANCAYO_01_2020","HUANCAYO_01_2020_P953",2,"potato","CIP316385.118","tubers",26.8148148148148,,TRUE,"doi:10.21223/B7HWWH",953,FALSE,FALSE,"Peru","Huancayo",FALSE,,,,,,,,
"HUANCAYO_01_2020","HUANCAYO_01_2020_P954",2,"potato","CIP316350.104","tubers",28.3333333333333,,TRUE,"doi:10.21223/B7HWWH",954,FALSE,FALSE,"Peru","Huancayo",FALSE,,,,,,,,
"HUANCAYO_01_2020","HUANCAYO_01_2020_P955",2,"potato","Amarilis","tubers",20.5555555555556,,TRUE,"doi:10.21223/B7HWWH",955,FALSE,FALSE,"Peru","Huancayo",FALSE,,,,,,,,
"HUANCAYO_01_2020","HUANCAYO_01_2020_P956",2,"potato","CIP316360.116","tubers",17.7777777777778,,TRUE,"doi:10.21223/B7HWWH",956,FALSE,FALSE,"Peru","Huancayo",FALSE,,,,,,,,
"HUANCAYO_01_2020","HUANCAYO_01_2020_P957",2,"potato","CIP317016.492","tubers",23.8888888888889,,TRUE,"doi:10.21223/B7HWWH",957,FALSE,FALSE,"Peru","Huancayo",FALSE,,,,,,,,
"HUANCAYO_01_2020","HUANCAYO_01_2020_P958",2,"potato","CIP316360.220","tubers",16.2962962962963,,TRUE,"doi:10.21223/B7HWWH",958,FALSE,FALSE,"Peru","Huancayo",FALSE,,,,,,,,
"HUANCAYO_01_2020","HUANCAYO_01_2020_P959",2,"potato","CIP316389.142","tubers",14.0740740740741,,TRUE,"doi:10.21223/B7HWWH",959,FALSE,FALSE,"Peru","Huancayo",FALSE,,,,,,,,
"HUANCAYO_01_2020","HUANCAYO_01_2020_P960",2,"potato","CIP316359.213","tubers",19.8148148148148,,TRUE,"doi:10.21223/B7HWWH",960,FALSE,FALSE,"Peru","Huancayo",FALSE,,,,,,,,
"HUANCAYO_01_2020","HUANCAYO_01_2020_P961",2,"potato","CIP316349.116","tubers",14.6296296296296,,TRUE,"doi:10.21223/B7HWWH",961,FALSE,FALSE,"Peru","Huancayo",FALSE,,,,,,,,
"HUANCAYO_01_2020","HUANCAYO_01_2020_P962",2,"potato","CIP316367.128","tubers",20.9259259259259,,TRUE,"doi:10.21223/B7HWWH",962,FALSE,FALSE,"Peru","Huancayo",FALSE,,,,,,,,
"HUANCAYO_01_2020","HUANCAYO_01_2020_P963",2,"potato","CIP316348.165","tubers",10.1851851851852,,TRUE,"doi:10.21223/B7HWWH",963,FALSE,FALSE,"Peru","Huancayo",FALSE,,,,,,,,
"HUANCAYO_01_2020","HUANCAYO_01_2020_P964",2,"potato","CIP398208.219","tubers",20.5555555555556,,TRUE,"doi:10.21223/B7HWWH",964,FALSE,FALSE,"Peru","Huancayo",FALSE,,,,,,,,
"HUANCAYO_01_2020","HUANCAYO_01_2020_P965",2,"potato","Yungay","tubers",11.1111111111111,,TRUE,"doi:10.21223/B7HWWH",965,FALSE,FALSE,"Peru","Huancayo",FALSE,,,,,,,,
"HUANCAYO_01_2020","HUANCAYO_01_2020_P966",2,"potato","CIP317016.450","tubers",4.62962962962963,,TRUE,"doi:10.21223/B7HWWH",966,FALSE,FALSE,"Peru","Huancayo",FALSE,,,,,,,,
"HUANCAYO_01_2020","HUANCAYO_01_2020_P967",2,"potato","CIP316349.160","tubers",18.1481481481481,,TRUE,"doi:10.21223/B7HWWH",967,FALSE,FALSE,"Peru","Huancayo",FALSE,,,,,,,,
"HUANCAYO_01_2020","HUANCAYO_01_2020_P968",2,"potato","CIP316359.238","tubers",23.5185185185185,,TRUE,"doi:10.21223/B7HWWH",968,FALSE,FALSE,"Peru","Huancayo",FALSE,,,,,,,,
"HUANCAYO_01_2020","HUANCAYO_01_2020_P969",2,"potato","CIP316355.162","tubers",11.2962962962963,,TRUE,"doi:10.21223/B7HWWH",969,FALSE,FALSE,"Peru","Huancayo",FALSE,,,,,,,,
"HUANCAYO_01_2020","HUANCAYO_01_2020_P970",2,"potato","CIP316364.136","tubers",34.4444444444444,,TRUE,"doi:10.21223/B7HWWH",970,FALSE,FALSE,"Peru","Huancayo",FALSE,,,,,,,,
"HUANCAYO_01_2020","HUANCAYO_01_2020_P971",2,"potato","Kory","tubers",31.4814814814815,,TRUE,"doi:10.21223/B7HWWH",971,FALSE,FALSE,"Peru","Huancayo",FALSE,,,,,,,,
"HUANCAYO_01_2020","HUANCAYO_01_2020_P972",2,"potato","CIP316384.227","tubers",11.1111111111111,,TRUE,"doi:10.21223/B7HWWH",972,FALSE,FALSE,"Peru","Huancayo",FALSE,,,,,,,,
"HUANCAYO_01_2020","HUANCAYO_01_2020_P973",2,"potato","CIP316386.141","tubers",15.5555555555556,,TRUE,"doi:10.21223/B7HWWH",973,FALSE,FALSE,"Peru","Huancayo",FALSE,,,,,,,,
"HUANCAYO_01_2020","HUANCAYO_01_2020_P974",2,"potato","Amarilis","tubers",20.5555555555556,,TRUE,"doi:10.21223/B7HWWH",974,FALSE,FALSE,"Peru","Huancayo",FALSE,,,,,,,,
"HUANCAYO_01_2020","HUANCAYO_01_2020_P975",2,"potato","CIP316361.181","tubers",14.2592592592593,,TRUE,"doi:10.21223/B7HWWH",975,FALSE,FALSE,"Peru","Huancayo",FALSE,,,,,,,,
"HUANCAYO_01_2020","HUANCAYO_01_2020_P976",2,"potato","CIP316353.147","tubers",18.3333333333333,,TRUE,"doi:10.21223/B7HWWH",976,FALSE,FALSE,"Peru","Huancayo",FALSE,,,,,,,,
"HUANCAYO_01_2020","HUANCAYO_01_2020_P977",2,"potato","CIP316371.166","tubers",20.5555555555556,,TRUE,"doi:10.21223/B7HWWH",977,FALSE,FALSE,"Peru","Huancayo",FALSE,,,,,,,,
"HUANCAYO_01_2020","HUANCAYO_01_2020_P978",2,"potato","CIP316389.146","tubers",11.8518518518519,,TRUE,"doi:10.21223/B7HWWH",978,FALSE,FALSE,"Peru","Huancayo",FALSE,,,,,,,,
"HUANCAYO_01_2020","HUANCAYO_01_2020_P979",2,"potato","CIP316365.133","tubers",30.2962962962963,,TRUE,"doi:10.21223/B7HWWH",979,FALSE,FALSE,"Peru","Huancayo",FALSE,,,,,,,,
"HUANCAYO_01_2020","HUANCAYO_01_2020_P980",2,"potato","CIP316346.204","tubers",25.1851851851852,,TRUE,"doi:10.21223/B7HWWH",980,FALSE,FALSE,"Peru","Huancayo",FALSE,,,,,,,,
"HUANCAYO_01_2020","HUANCAYO_01_2020_P981",2,"potato","CIP316352.178","tubers",7.96296296296296,,TRUE,"doi:10.21223/B7HWWH",981,FALSE,FALSE,"Peru","Huancayo",FALSE,,,,,,,,
"HUANCAYO_01_2020","HUANCAYO_01_2020_P982",2,"potato","CIP316356.158","tubers",15,,TRUE,"doi:10.21223/B7HWWH",982,FALSE,FALSE,"Peru","Huancayo",FALSE,,,,,,,,
"HUANCAYO_01_2020","HUANCAYO_01_2020_P983",2,"potato","Kory","tubers",27.4074074074074,,TRUE,"doi:10.21223/B7HWWH",983,FALSE,FALSE,"Peru","Huancayo",FALSE,,,,,,,,
"HUANCAYO_01_2020","HUANCAYO_01_2020_P984",2,"potato","CIP316362.180","tubers",7.77777777777778,,TRUE,"doi:10.21223/B7HWWH",984,FALSE,FALSE,"Peru","Huancayo",FALSE,,,,,,,,
"HUANCAYO_01_2020","HUANCAYO_01_2020_P985",2,"potato","CIP317029.430","tubers",25,,TRUE,"doi:10.21223/B7HWWH",985,FALSE,FALSE,"Peru","Huancayo",FALSE,,,,,,,,
"HUANCAYO_01_2020","HUANCAYO_01_2020_P986",2,"potato","CIP316370.130","tubers",32.2222222222222,,TRUE,"doi:10.21223/B7HWWH",986,FALSE,FALSE,"Peru","Huancayo",FALSE,,,,,,,,
"HUANCAYO_01_2020","HUANCAYO_01_2020_P987",2,"potato","CIP316382.149","tubers",10,,TRUE,"doi:10.21223/B7HWWH",987,FALSE,FALSE,"Peru","Huancayo",FALSE,,,,,,,,
"HUANCAYO_01_2020","HUANCAYO_01_2020_P988",2,"potato","CIP316345.237","tubers",5.18518518518519,,TRUE,"doi:10.21223/B7HWWH",988,FALSE,FALSE,"Peru","Huancayo",FALSE,,,,,,,,
"HUANCAYO_01_2020","HUANCAYO_01_2020_P989",2,"potato","CIP316350.108","tubers",5.37037037037037,,TRUE,"doi:10.21223/B7HWWH",989,FALSE,FALSE,"Peru","Huancayo",FALSE,,,,,,,,
"HUANCAYO_01_2020","HUANCAYO_01_2020_P990",2,"potato","CIP316345.726","tubers",0.925925925925926,,TRUE,"doi:10.21223/B7HWWH",990,FALSE,FALSE,"Peru","Huancayo",FALSE,,,,,,,,
"HUANCAYO_01_2020","HUANCAYO_01_2020_P991",2,"potato","CIP316367.171","tubers",2.40740740740741,,TRUE,"doi:10.21223/B7HWWH",991,FALSE,FALSE,"Peru","Huancayo",FALSE,,,,,,,,
"HUANCAYO_01_2020","HUANCAYO_01_2020_P992",2,"potato","CIP316361.152","tubers",2.03703703703704,,TRUE,"doi:10.21223/B7HWWH",992,FALSE,FALSE,"Peru","Huancayo",FALSE,,,,,,,,
"HUANCAYO_01_2020","HUANCAYO_01_2020_P993",2,"potato","Yungay","tubers",25.7407407407407,,TRUE,"doi:10.21223/B7HWWH",993,FALSE,FALSE,"Peru","Huancayo",FALSE,,,,,,,,
"HUANCAYO_01_2020","HUANCAYO_01_2020_P994",2,"potato","Yungay","tubers",20.3703703703704,,TRUE,"doi:10.21223/B7HWWH",994,FALSE,FALSE,"Peru","Huancayo",FALSE,,,,,,,,
"HUANCAYO_01_2020","HUANCAYO_01_2020_P995",2,"potato","Kory","tubers",33.3333333333333,,TRUE,"doi:10.21223/B7HWWH",995,FALSE,FALSE,"Peru","Huancayo",FALSE,,,,,,,,
"HUANCAYO_01_2020","HUANCAYO_01_2020_P996",2,"potato","CIP316360.168","tubers",10.9259259259259,,TRUE,"doi:10.21223/B7HWWH",996,FALSE,FALSE,"Peru","Huancayo",FALSE,,,,,,,,
"HUANCAYO_01_2020","HUANCAYO_01_2020_P997",2,"potato","CIP316359.171","tubers",21.8888888888889,,TRUE,"doi:10.21223/B7HWWH",997,FALSE,FALSE,"Peru","Huancayo",FALSE,,,,,,,,
"HUANCAYO_01_2020","HUANCAYO_01_2020_P998",2,"potato","CIP316357.196","tubers",16.7777777777778,,TRUE,"doi:10.21223/B7HWWH",998,FALSE,FALSE,"Peru","Huancayo",FALSE,,,,,,,,
"HUANCAYO_01_2020","HUANCAYO_01_2020_P999",2,"potato","CIP398192.553","tubers",6.2962962962963,,TRUE,"doi:10.21223/B7HWWH",999,FALSE,FALSE,"Peru","Huancayo",FALSE,,,,,,,,
"HUANCAYO_01_2020","HUANCAYO_01_2020_P1000",2,"potato","CIP317011.409","tubers",18.3333333333333,,TRUE,"doi:10.21223/B7HWWH",1000,FALSE,FALSE,"Peru","Huancayo",FALSE,,,,,,,,
"HUANCAYO_01_2020","HUANCAYO_01_2020_P1001",2,"potato","CIP316345.241","tubers",6.66666666666667,,TRUE,"doi:10.21223/B7HWWH",1001,FALSE,FALSE,"Peru","Huancayo",FALSE,,,,,,,,
"HUANCAYO_01_2020","HUANCAYO_01_2020_P1002",2,"potato","CIP316353.128","tubers",11.6666666666667,,TRUE,"doi:10.21223/B7HWWH",1002,FALSE,FALSE,"Peru","Huancayo",FALSE,,,,,,,,
"HUANCAYO_01_2020","HUANCAYO_01_2020_P1003",2,"potato","CIP316367.177","tubers",20,,TRUE,"doi:10.21223/B7HWWH",1003,FALSE,FALSE,"Peru","Huancayo",FALSE,,,,,,,,
"HUANCAYO_01_2020","HUANCAYO_01_2020_P1004",2,"potato","CIP316360.188","tubers",21.8518518518518,,TRUE,"doi:10.21223/B7HWWH",1004,FALSE,FALSE,"Peru","Huancayo",FALSE,,,,,,,,
"HUANCAYO_01_2020","HUANCAYO_01_2020_P1005",2,"potato","CIP317028.494","tubers",2.96296296296296,,TRUE,"doi:10.21223/B7HWWH",1005,FALSE,FALSE,"Peru","Huancayo",FALSE,,,,,,,,
"HUANCAYO_01_2020","HUANCAYO_01_2020_P1006",2,"potato","CIP316364.130","tubers",30,,TRUE,"doi:10.21223/B7HWWH",1006,FALSE,FALSE,"Peru","Huancayo",FALSE,,,,,,,,
"HUANCAYO_01_2020","HUANCAYO_01_2020_P1007",2,"potato","CIP316387.198","tubers",31.1111111111111,,TRUE,"doi:10.21223/B7HWWH",1007,FALSE,FALSE,"Peru","Huancayo",FALSE,,,,,,,,
"HUANCAYO_01_2020","HUANCAYO_01_2020_P1008",2,"potato","CIP316349.174","tubers",11.6666666666667,,TRUE,"doi:10.21223/B7HWWH",1008,FALSE,FALSE,"Peru","Huancayo",FALSE,,,,,,,,
"HUANCAYO_01_2020","HUANCAYO_01_2020_P1009",2,"potato","CIP316353.148","tubers",31.1111111111111,,TRUE,"doi:10.21223/B7HWWH",1009,FALSE,FALSE,"Peru","Huancayo",FALSE,,,,,,,,
"HUANCAYO_01_2020","HUANCAYO_01_2020_P1010",2,"potato","Kory","tubers",30.9259259259259,,TRUE,"doi:10.21223/B7HWWH",1010,FALSE,FALSE,"Peru","Huancayo",FALSE,,,,,,,,
"HUANCAYO_01_2020","HUANCAYO_01_2020_P1011",2,"potato","CIP317008.407","tubers",10.7407407407407,,TRUE,"doi:10.21223/B7HWWH",1011,FALSE,FALSE,"Peru","Huancayo",FALSE,,,,,,,,
"HUANCAYO_01_2020","HUANCAYO_01_2020_P1012",2,"potato","CIP316350.145","tubers",14.6296296296296,,TRUE,"doi:10.21223/B7HWWH",1012,FALSE,FALSE,"Peru","Huancayo",FALSE,,,,,,,,
"HUANCAYO_01_2020","HUANCAYO_01_2020_P1013",2,"potato","CIP316367.191","tubers",6.11111111111111,,TRUE,"doi:10.21223/B7HWWH",1013,FALSE,FALSE,"Peru","Huancayo",FALSE,,,,,,,,
"HUANCAYO_01_2020","HUANCAYO_01_2020_P1014",2,"potato","CIP316361.211","tubers",11.6666666666667,,TRUE,"doi:10.21223/B7HWWH",1014,FALSE,FALSE,"Peru","Huancayo",FALSE,,,,,,,,
"HUANCAYO_01_2020","HUANCAYO_01_2020_P1015",2,"potato","CIP316358.184","tubers",2.96296296296296,,TRUE,"doi:10.21223/B7HWWH",1015,FALSE,FALSE,"Peru","Huancayo",FALSE,,,,,,,,
"HUANCAYO_01_2020","HUANCAYO_01_2020_P1016",2,"potato","CIP316384.152","tubers",2.96296296296296,,TRUE,"doi:10.21223/B7HWWH",1016,FALSE,FALSE,"Peru","Huancayo",FALSE,,,,,,,,
"HUANCAYO_01_2020","HUANCAYO_01_2020_P1017",2,"potato","CIP316363.183","tubers",6.85185185185185,,TRUE,"doi:10.21223/B7HWWH",1017,FALSE,FALSE,"Peru","Huancayo",FALSE,,,,,,,,
"HUANCAYO_01_2020","HUANCAYO_01_2020_P1018",2,"potato","CIP316371.183","tubers",9.85185185185185,,TRUE,"doi:10.21223/B7HWWH",1018,FALSE,FALSE,"Peru","Huancayo",FALSE,,,,,,,,
"HUANCAYO_01_2020","HUANCAYO_01_2020_P1019",2,"potato","CIP316362.137","tubers",18.7037037037037,,TRUE,"doi:10.21223/B7HWWH",1019,FALSE,FALSE,"Peru","Huancayo",FALSE,,,,,,,,
"HUANCAYO_01_2020","HUANCAYO_01_2020_P1020",2,"potato","CIP316353.111","tubers",11.4814814814815,,TRUE,"doi:10.21223/B7HWWH",1020,FALSE,FALSE,"Peru","Huancayo",FALSE,,,,,,,,
"HUANCAYO_01_2020","HUANCAYO_01_2020_P1021",2,"potato","CIP316353.514","tubers",13.3333333333333,,TRUE,"doi:10.21223/B7HWWH",1021,FALSE,FALSE,"Peru","Huancayo",FALSE,,,,,,,,
"HUANCAYO_01_2020","HUANCAYO_01_2020_P1022",2,"potato","CIP316368.145","tubers",18.8888888888889,,TRUE,"doi:10.21223/B7HWWH",1022,FALSE,FALSE,"Peru","Huancayo",FALSE,,,,,,,,
"HUANCAYO_01_2020","HUANCAYO_01_2020_P1023",2,"potato","CIP316360.241","tubers",18.5185185185185,,TRUE,"doi:10.21223/B7HWWH",1023,FALSE,FALSE,"Peru","Huancayo",FALSE,,,,,,,,
"HUANCAYO_01_2020","HUANCAYO_01_2020_P1024",2,"potato","CIP316358.109","tubers",18.7037037037037,,TRUE,"doi:10.21223/B7HWWH",1024,FALSE,FALSE,"Peru","Huancayo",FALSE,,,,,,,,
"HUANCAYO_01_2020","HUANCAYO_01_2020_P1025",2,"potato","Kory","tubers",30.3703703703704,,TRUE,"doi:10.21223/B7HWWH",1025,FALSE,FALSE,"Peru","Huancayo",FALSE,,,,,,,,
"HUANCAYO_01_2020","HUANCAYO_01_2020_P1026",2,"potato","CIP316369.103","tubers",15.7407407407407,,TRUE,"doi:10.21223/B7HWWH",1026,FALSE,FALSE,"Peru","Huancayo",FALSE,,,,,,,,
"HUANCAYO_01_2020","HUANCAYO_01_2020_P1027",2,"potato","CIP316353.165","tubers",21.1111111111111,,TRUE,"doi:10.21223/B7HWWH",1027,FALSE,FALSE,"Peru","Huancayo",FALSE,,,,,,,,
"HUANCAYO_01_2020","HUANCAYO_01_2020_P1028",2,"potato","CIP316345.154","tubers",19.4444444444444,,TRUE,"doi:10.21223/B7HWWH",1028,FALSE,FALSE,"Peru","Huancayo",FALSE,,,,,,,,
"HUANCAYO_01_2020","HUANCAYO_01_2020_P1029",2,"potato","CIP316345.741","tubers",24.4444444444444,,TRUE,"doi:10.21223/B7HWWH",1029,FALSE,FALSE,"Peru","Huancayo",FALSE,,,,,,,,
"HUANCAYO_01_2020","HUANCAYO_01_2020_P1030",2,"potato","CIP316351.140","tubers",19.8148148148148,,TRUE,"doi:10.21223/B7HWWH",1030,FALSE,FALSE,"Peru","Huancayo",FALSE,,,,,,,,
"HUANCAYO_01_2020","HUANCAYO_01_2020_P1031",2,"potato","CIP316382.109","tubers",18.1481481481481,,TRUE,"doi:10.21223/B7HWWH",1031,FALSE,FALSE,"Peru","Huancayo",FALSE,,,,,,,,
"HUANCAYO_01_2020","HUANCAYO_01_2020_P1032",2,"potato","CIP398203.5","tubers",19.8148148148148,,TRUE,"doi:10.21223/B7HWWH",1032,FALSE,FALSE,"Peru","Huancayo",FALSE,,,,,,,,
"HUANCAYO_01_2020","HUANCAYO_01_2020_P1033",2,"potato","Yungay","tubers",30.4814814814815,,TRUE,"doi:10.21223/B7HWWH",1033,FALSE,FALSE,"Peru","Huancayo",FALSE,,,,,,,,
"HUANCAYO_01_2020","HUANCAYO_01_2020_P1034",2,"potato","CIP316380.150","tubers",17.5925925925926,,TRUE,"doi:10.21223/B7HWWH",1034,FALSE,FALSE,"Peru","Huancayo",FALSE,,,,,,,,
"HUANCAYO_01_2020","HUANCAYO_01_2020_P1035",2,"potato","CIP316367.124","tubers",21.4814814814815,,TRUE,"doi:10.21223/B7HWWH",1035,FALSE,FALSE,"Peru","Huancayo",FALSE,,,,,,,,
"HUANCAYO_01_2020","HUANCAYO_01_2020_P1036",2,"potato","CIP316361.185","tubers",19.8148148148148,,TRUE,"doi:10.21223/B7HWWH",1036,FALSE,FALSE,"Peru","Huancayo",FALSE,,,,,,,,
"HUANCAYO_01_2020","HUANCAYO_01_2020_P1037",2,"potato","CIP316378.153","tubers",13.7037037037037,,TRUE,"doi:10.21223/B7HWWH",1037,FALSE,FALSE,"Peru","Huancayo",FALSE,,,,,,,,
"HUANCAYO_01_2020","HUANCAYO_01_2020_P1038",2,"potato","Kory","tubers",26.2962962962963,,TRUE,"doi:10.21223/B7HWWH",1038,FALSE,FALSE,"Peru","Huancayo",FALSE,,,,,,,,
"HUANCAYO_01_2020","HUANCAYO_01_2020_P1039",2,"potato","CIP316353.149","tubers",13.5185185185185,,TRUE,"doi:10.21223/B7HWWH",1039,FALSE,FALSE,"Peru","Huancayo",FALSE,,,,,,,,
"HUANCAYO_01_2020","HUANCAYO_01_2020_P1040",2,"potato","CIP316363.119","tubers",26.8518518518519,,TRUE,"doi:10.21223/B7HWWH",1040,FALSE,FALSE,"Peru","Huancayo",FALSE,,,,,,,,
"HUANCAYO_01_2020","HUANCAYO_01_2020_P1041",2,"potato","CIP316361.153","tubers",10.9259259259259,,TRUE,"doi:10.21223/B7HWWH",1041,FALSE,FALSE,"Peru","Huancayo",FALSE,,,,,,,,
"HUANCAYO_01_2020","HUANCAYO_01_2020_P1042",2,"potato","CIP316351.139","tubers",9.62962962962963,,TRUE,"doi:10.21223/B7HWWH",1042,FALSE,FALSE,"Peru","Huancayo",FALSE,,,,,,,,
"HUANCAYO_01_2020","HUANCAYO_01_2020_P1043",2,"potato","CIP316385.146","tubers",14.0740740740741,,TRUE,"doi:10.21223/B7HWWH",1043,FALSE,FALSE,"Peru","Huancayo",FALSE,,,,,,,,
"HUANCAYO_01_2020","HUANCAYO_01_2020_P1044",2,"potato","CIP316367.140","tubers",29.2592592592593,,TRUE,"doi:10.21223/B7HWWH",1044,FALSE,FALSE,"Peru","Huancayo",FALSE,,,,,,,,
"HUANCAYO_01_2020","HUANCAYO_01_2020_P1045",2,"potato","Yungay","tubers",20.3703703703704,,TRUE,"doi:10.21223/B7HWWH",1045,FALSE,FALSE,"Peru","Huancayo",FALSE,,,,,,,,
"HUANCAYO_01_2020","HUANCAYO_01_2020_P1046",2,"potato","CIP316364.143","tubers",15.9259259259259,,TRUE,"doi:10.21223/B7HWWH",1046,FALSE,FALSE,"Peru","Huancayo",FALSE,,,,,,,,
"HUANCAYO_01_2020","HUANCAYO_01_2020_P1047",2,"potato","CIP316361.231","tubers",21.2962962962963,,TRUE,"doi:10.21223/B7HWWH",1047,FALSE,FALSE,"Peru","Huancayo",FALSE,,,,,,,,
"HUANCAYO_01_2020","HUANCAYO_01_2020_P1048",2,"potato","CIP316358.114","tubers",13.1851851851852,,TRUE,"doi:10.21223/B7HWWH",1048,FALSE,FALSE,"Peru","Huancayo",FALSE,,,,,,,,
"HUANCAYO_01_2020","HUANCAYO_01_2020_P1049",2,"potato","CIP316363.102","tubers",13.5185185185185,,TRUE,"doi:10.21223/B7HWWH",1049,FALSE,FALSE,"Peru","Huancayo",FALSE,,,,,,,,
"HUANCAYO_01_2020","HUANCAYO_01_2020_P1050",2,"potato","CIP316379.114","tubers",17.4074074074074,,TRUE,"doi:10.21223/B7HWWH",1050,FALSE,FALSE,"Peru","Huancayo",FALSE,,,,,,,,
"HUANCAYO_01_2020","HUANCAYO_01_2020_P1051",2,"potato","CIP316353.143","tubers",13.7037037037037,,TRUE,"doi:10.21223/B7HWWH",1051,FALSE,FALSE,"Peru","Huancayo",FALSE,,,,,,,,
"HUANCAYO_01_2020","HUANCAYO_01_2020_P1052",2,"potato","Yungay","tubers",18.1481481481481,,TRUE,"doi:10.21223/B7HWWH",1052,FALSE,FALSE,"Peru","Huancayo",FALSE,,,,,,,,
"HUANCAYO_01_2020","HUANCAYO_01_2020_P1053",2,"potato","CIP398192.213","tubers",8.88888888888889,,TRUE,"doi:10.21223/B7HWWH",1053,FALSE,FALSE,"Peru","Huancayo",FALSE,,,,,,,,
"HUANCAYO_01_2020","HUANCAYO_01_2020_P1054",2,"potato","CIP316353.141","tubers",0,,TRUE,"doi:10.21223/B7HWWH",1054,FALSE,FALSE,"Peru","Huancayo",FALSE,,,,,,,,
"HUANCAYO_01_2020","HUANCAYO_01_2020_P1055",2,"potato","CIP316367.180","tubers",10.5555555555556,,TRUE,"doi:10.21223/B7HWWH",1055,FALSE,FALSE,"Peru","Huancayo",FALSE,,,,,,,,
"HUANCAYO_01_2020","HUANCAYO_01_2020_P1056",2,"potato","CIP316358.113","tubers",14.2592592592593,,TRUE,"doi:10.21223/B7HWWH",1056,FALSE,FALSE,"Peru","Huancayo",FALSE,,,,,,,,
"HUANCAYO_01_2020","HUANCAYO_01_2020_P1057",2,"potato","CIP316352.125","tubers",6.66666666666667,,TRUE,"doi:10.21223/B7HWWH",1057,FALSE,FALSE,"Peru","Huancayo",FALSE,,,,,,,,
"HUANCAYO_01_2020","HUANCAYO_01_2020_P1058",2,"potato","CIP316370.137","tubers",7.22222222222222,,TRUE,"doi:10.21223/B7HWWH",1058,FALSE,FALSE,"Peru","Huancayo",FALSE,,,,,,,,
"HUANCAYO_01_2020","HUANCAYO_01_2020_P1059",2,"potato","CIP316362.155","tubers",17.7777777777778,,TRUE,"doi:10.21223/B7HWWH",1059,FALSE,FALSE,"Peru","Huancayo",FALSE,,,,,,,,
"HUANCAYO_01_2020","HUANCAYO_01_2020_P1060",2,"potato","CIP316357.208","tubers",7.59259259259259,,TRUE,"doi:10.21223/B7HWWH",1060,FALSE,FALSE,"Peru","Huancayo",FALSE,,,,,,,,
"HUANCAYO_01_2020","HUANCAYO_01_2020_P1061",2,"potato","CIP316389.131","tubers",6.48148148148148,,TRUE,"doi:10.21223/B7HWWH",1061,FALSE,FALSE,"Peru","Huancayo",FALSE,,,,,,,,
"HUANCAYO_01_2020","HUANCAYO_01_2020_P1062",2,"potato","CIP317017.26","tubers",7.22222222222222,,TRUE,"doi:10.21223/B7HWWH",1062,FALSE,FALSE,"Peru","Huancayo",FALSE,,,,,,,,
"HUANCAYO_01_2020","HUANCAYO_01_2020_P1063",2,"potato","CIP316362.175","tubers",7.22222222222222,,TRUE,"doi:10.21223/B7HWWH",1063,FALSE,FALSE,"Peru","Huancayo",FALSE,,,,,,,,
"HUANCAYO_01_2020","HUANCAYO_01_2020_P1064",2,"potato","CIP316367.134","tubers",28.1481481481481,,TRUE,"doi:10.21223/B7HWWH",1064,FALSE,FALSE,"Peru","Huancayo",FALSE,,,,,,,,
"HUANCAYO_01_2020","HUANCAYO_01_2020_P1065",2,"potato","CIP316388.194","tubers",8.51851851851852,,TRUE,"doi:10.21223/B7HWWH",1065,FALSE,FALSE,"Peru","Huancayo",FALSE,,,,,,,,
"HUANCAYO_01_2020","HUANCAYO_01_2020_P1066",2,"potato","CIP316361.203","tubers",17.037037037037,,TRUE,"doi:10.21223/B7HWWH",1066,FALSE,FALSE,"Peru","Huancayo",FALSE,,,,,,,,
"HUANCAYO_01_2020","HUANCAYO_01_2020_P1067",2,"potato","CIP316363.134","tubers",15.5555555555556,,TRUE,"doi:10.21223/B7HWWH",1067,FALSE,FALSE,"Peru","Huancayo",FALSE,,,,,,,,
"HUANCAYO_01_2020","HUANCAYO_01_2020_P1068",2,"potato","CIP316348.238","tubers",12.2222222222222,,TRUE,"doi:10.21223/B7HWWH",1068,FALSE,FALSE,"Peru","Huancayo",FALSE,,,,,,,,
"HUANCAYO_01_2020","HUANCAYO_01_2020_P1069",2,"potato","CIP316354.154","tubers",22.5925925925926,,TRUE,"doi:10.21223/B7HWWH",1069,FALSE,FALSE,"Peru","Huancayo",FALSE,,,,,,,,
"HUANCAYO_01_2020","HUANCAYO_01_2020_P1070",2,"potato","Yungay","tubers",27.5925925925926,,TRUE,"doi:10.21223/B7HWWH",1070,FALSE,FALSE,"Peru","Huancayo",FALSE,,,,,,,,
"HUANCAYO_01_2020","HUANCAYO_01_2020_P1071",2,"potato","CIP316359.228","tubers",30.5555555555556,,TRUE,"doi:10.21223/B7HWWH",1071,FALSE,FALSE,"Peru","Huancayo",FALSE,,,,,,,,
"HUANCAYO_01_2020","HUANCAYO_01_2020_P1072",2,"potato","CIP316365.140","tubers",26.1111111111111,,TRUE,"doi:10.21223/B7HWWH",1072,FALSE,FALSE,"Peru","Huancayo",FALSE,,,,,,,,
"HUANCAYO_01_2020","HUANCAYO_01_2020_P1073",2,"potato","CIP316367.160","tubers",29.8148148148148,,TRUE,"doi:10.21223/B7HWWH",1073,FALSE,FALSE,"Peru","Huancayo",FALSE,,,,,,,,
"HUANCAYO_01_2020","HUANCAYO_01_2020_P1074",2,"potato","CIP302533.49","tubers",12.4074074074074,,TRUE,"doi:10.21223/B7HWWH",1074,FALSE,FALSE,"Peru","Huancayo",FALSE,,,,,,,,
"HUANCAYO_01_2020","HUANCAYO_01_2020_P1075",2,"potato","CIP316385.164","tubers",7.40740740740741,,TRUE,"doi:10.21223/B7HWWH",1075,FALSE,FALSE,"Peru","Huancayo",FALSE,,,,,,,,
"HUANCAYO_01_2020","HUANCAYO_01_2020_P1076",2,"potato","CIP316354.137","tubers",14.6296296296296,,TRUE,"doi:10.21223/B7HWWH",1076,FALSE,FALSE,"Peru","Huancayo",FALSE,,,,,,,,
"HUANCAYO_01_2020","HUANCAYO_01_2020_P1077",2,"potato","CIP316385.141","tubers",8.51851851851852,,TRUE,"doi:10.21223/B7HWWH",1077,FALSE,FALSE,"Peru","Huancayo",FALSE,,,,,,,,
"HUANCAYO_01_2020","HUANCAYO_01_2020_P1078",2,"potato","CIP316362.179","tubers",12.7777777777778,,TRUE,"doi:10.21223/B7HWWH",1078,FALSE,FALSE,"Peru","Huancayo",FALSE,,,,,,,,
"HUANCAYO_01_2020","HUANCAYO_01_2020_P1079",2,"potato","CIP316367.144","tubers",7.22222222222222,,TRUE,"doi:10.21223/B7HWWH",1079,FALSE,FALSE,"Peru","Huancayo",FALSE,,,,,,,,
"HUANCAYO_01_2020","HUANCAYO_01_2020_P1080",2,"potato","Yungay","tubers",19.2592592592593,,TRUE,"doi:10.21223/B7HWWH",1080,FALSE,FALSE,"Peru","Huancayo",FALSE,,,,,,,,
"HUANCAYO_01_2020","HUANCAYO_01_2020_P1081",2,"potato","CIP316353.411","tubers",20.3703703703704,,TRUE,"doi:10.21223/B7HWWH",1081,FALSE,FALSE,"Peru","Huancayo",FALSE,,,,,,,,
"HUANCAYO_01_2020","HUANCAYO_01_2020_P1082",2,"potato","Kory","tubers",27.962962962963,,TRUE,"doi:10.21223/B7HWWH",1082,FALSE,FALSE,"Peru","Huancayo",FALSE,,,,,,,,
"HUANCAYO_01_2020","HUANCAYO_01_2020_P1083",2,"potato","Yungay","tubers",25.1851851851852,,TRUE,"doi:10.21223/B7HWWH",1083,FALSE,FALSE,"Peru","Huancayo",FALSE,,,,,,,,
"HUANCAYO_01_2020","HUANCAYO_01_2020_P1084",2,"potato","CIP316350.123","tubers",17.4074074074074,,TRUE,"doi:10.21223/B7HWWH",1084,FALSE,FALSE,"Peru","Huancayo",FALSE,,,,,,,,
"HUANCAYO_01_2020","HUANCAYO_01_2020_P1085",2,"potato","CIP398190.615","tubers",7.77777777777778,,TRUE,"doi:10.21223/B7HWWH",1085,FALSE,FALSE,"Peru","Huancayo",FALSE,,,,,,,,
"HUANCAYO_01_2020","HUANCAYO_01_2020_P1086",2,"potato","CIP316363.175","tubers",7.22222222222222,,TRUE,"doi:10.21223/B7HWWH",1086,FALSE,FALSE,"Peru","Huancayo",FALSE,,,,,,,,
"HUANCAYO_01_2020","HUANCAYO_01_2020_P1087",2,"potato","Kory","tubers",26.1111111111111,,TRUE,"doi:10.21223/B7HWWH",1087,FALSE,FALSE,"Peru","Huancayo",FALSE,,,,,,,,
"HUANCAYO_01_2020","HUANCAYO_01_2020_P1088",2,"potato","CIP316352.113","tubers",16.2962962962963,,TRUE,"doi:10.21223/B7HWWH",1088,FALSE,FALSE,"Peru","Huancayo",FALSE,,,,,,,,
"HUANCAYO_01_2020","HUANCAYO_01_2020_P1089",2,"potato","CIP316367.148","tubers",28.7037037037037,,TRUE,"doi:10.21223/B7HWWH",1089,FALSE,FALSE,"Peru","Huancayo",FALSE,,,,,,,,
"HUANCAYO_01_2020","HUANCAYO_01_2020_P1090",2,"potato","CIP316387.223","tubers",13.1481481481481,,TRUE,"doi:10.21223/B7HWWH",1090,FALSE,FALSE,"Peru","Huancayo",FALSE,,,,,,,,
"HUANCAYO_01_2020","HUANCAYO_01_2020_P1091",2,"potato","CIP317016.478","tubers",9.07407407407407,,TRUE,"doi:10.21223/B7HWWH",1091,FALSE,FALSE,"Peru","Huancayo",FALSE,,,,,,,,
"HUANCAYO_01_2020","HUANCAYO_01_2020_P1092",2,"potato","CIP317017.81","tubers",8.92592592592593,,TRUE,"doi:10.21223/B7HWWH",1092,FALSE,FALSE,"Peru","Huancayo",FALSE,,,,,,,,
"HUANCAYO_01_2020","HUANCAYO_01_2020_P1093",2,"potato","CIP316360.169","tubers",11.1111111111111,,TRUE,"doi:10.21223/B7HWWH",1093,FALSE,FALSE,"Peru","Huancayo",FALSE,,,,,,,,
"HUANCAYO_01_2020","HUANCAYO_01_2020_P1094",2,"potato","CIP316378.108","tubers",29.6296296296296,,TRUE,"doi:10.21223/B7HWWH",1094,FALSE,FALSE,"Peru","Huancayo",FALSE,,,,,,,,
"HUANCAYO_01_2020","HUANCAYO_01_2020_P1095",2,"potato","CIP316355.161","tubers",14.6296296296296,,TRUE,"doi:10.21223/B7HWWH",1095,FALSE,FALSE,"Peru","Huancayo",FALSE,,,,,,,,
"HUANCAYO_01_2020","HUANCAYO_01_2020_P1096",2,"potato","CIP316363.155","tubers",17.962962962963,,TRUE,"doi:10.21223/B7HWWH",1096,FALSE,FALSE,"Peru","Huancayo",FALSE,,,,,,,,
"HUANCAYO_01_2020","HUANCAYO_01_2020_P1097",2,"potato","CIP316382.179","tubers",24.2592592592593,,TRUE,"doi:10.21223/B7HWWH",1097,FALSE,FALSE,"Peru","Huancayo",FALSE,,,,,,,,
"HUANCAYO_01_2020","HUANCAYO_01_2020_P1098",2,"potato","Kory","tubers",25.7407407407407,,TRUE,"doi:10.21223/B7HWWH",1098,FALSE,FALSE,"Peru","Huancayo",FALSE,,,,,,,,
"HUANCAYO_01_2020","HUANCAYO_01_2020_P1099",2,"potato","CIP316391.146","tubers",4.44444444444444,,TRUE,"doi:10.21223/B7HWWH",1099,FALSE,FALSE,"Peru","Huancayo",FALSE,,,,,,,,
"HUANCAYO_01_2020","HUANCAYO_01_2020_P1100",2,"potato","CIP317015.457","tubers",15.5555555555556,,TRUE,"doi:10.21223/B7HWWH",1100,FALSE,FALSE,"Peru","Huancayo",FALSE,,,,,,,,
"HUANCAYO_01_2020","HUANCAYO_01_2020_P1101",2,"potato","CIP316353.139","tubers",7.22222222222222,,TRUE,"doi:10.21223/B7HWWH",1101,FALSE,FALSE,"Peru","Huancayo",FALSE,,,,,,,,
"HUANCAYO_01_2020","HUANCAYO_01_2020_P1102",2,"potato","CIP316360.118","tubers",11.6666666666667,,TRUE,"doi:10.21223/B7HWWH",1102,FALSE,FALSE,"Peru","Huancayo",FALSE,,,,,,,,
"HUANCAYO_01_2020","HUANCAYO_01_2020_P1103",2,"potato","CIP316361.244","tubers",5.55555555555555,,TRUE,"doi:10.21223/B7HWWH",1103,FALSE,FALSE,"Peru","Huancayo",FALSE,,,,,,,,
"HUANCAYO_01_2020","HUANCAYO_01_2020_P1104",2,"potato","CIP317017.40","tubers",3.33333333333333,,TRUE,"doi:10.21223/B7HWWH",1104,FALSE,FALSE,"Peru","Huancayo",FALSE,,,,,,,,
"HUANCAYO_01_2020","HUANCAYO_01_2020_P1105",2,"potato","CIP316386.166","tubers",21.2962962962963,,TRUE,"doi:10.21223/B7HWWH",1105,FALSE,FALSE,"Peru","Huancayo",FALSE,,,,,,,,
"HUANCAYO_01_2020","HUANCAYO_01_2020_P1106",2,"potato","CIP316352.182","tubers",8.88888888888889,,TRUE,"doi:10.21223/B7HWWH",1106,FALSE,FALSE,"Peru","Huancayo",FALSE,,,,,,,,
"HUANCAYO_01_2020","HUANCAYO_01_2020_P1107",2,"potato","CIP316360.199","tubers",20.2222222222222,,TRUE,"doi:10.21223/B7HWWH",1107,FALSE,FALSE,"Peru","Huancayo",FALSE,,,,,,,,
"HUANCAYO_01_2020","HUANCAYO_01_2020_P1108",2,"potato","CIP316358.154","tubers",9.62962962962963,,TRUE,"doi:10.21223/B7HWWH",1108,FALSE,FALSE,"Peru","Huancayo",FALSE,,,,,,,,
"HUANCAYO_01_2020","HUANCAYO_01_2020_P1109",2,"potato","CIP316386.106","tubers",3.7037037037037,,TRUE,"doi:10.21223/B7HWWH",1109,FALSE,FALSE,"Peru","Huancayo",FALSE,,,,,,,,
"HUANCAYO_01_2020","HUANCAYO_01_2020_P1110",2,"potato","CIP316361.156","tubers",23.1481481481481,,TRUE,"doi:10.21223/B7HWWH",1110,FALSE,FALSE,"Peru","Huancayo",FALSE,,,,,,,,
"HUANCAYO_01_2020","HUANCAYO_01_2020_P1111",2,"potato","CIP316367.151","tubers",8.51851851851852,,TRUE,"doi:10.21223/B7HWWH",1111,FALSE,FALSE,"Peru","Huancayo",FALSE,,,,,,,,
"HUANCAYO_01_2020","HUANCAYO_01_2020_P1112",2,"potato","CIP316362.101","tubers",9.44444444444444,,TRUE,"doi:10.21223/B7HWWH",1112,FALSE,FALSE,"Peru","Huancayo",FALSE,,,,,,,,
"HUANCAYO_01_2020","HUANCAYO_01_2020_P1113",2,"potato","CIP316387.132","tubers",2.96296296296296,,TRUE,"doi:10.21223/B7HWWH",1113,FALSE,FALSE,"Peru","Huancayo",FALSE,,,,,,,,
"HUANCAYO_01_2020","HUANCAYO_01_2020_P1114",2,"potato","CIP316367.193","tubers",12.962962962963,,TRUE,"doi:10.21223/B7HWWH",1114,FALSE,FALSE,"Peru","Huancayo",FALSE,,,,,,,,
"HUANCAYO_01_2020","HUANCAYO_01_2020_P1115",2,"potato","CIP316360.149","tubers",13.1481481481481,,TRUE,"doi:10.21223/B7HWWH",1115,FALSE,FALSE,"Peru","Huancayo",FALSE,,,,,,,,
"HUANCAYO_01_2020","HUANCAYO_01_2020_P1116",2,"potato","CIP316348.246","tubers",6.11111111111111,,TRUE,"doi:10.21223/B7HWWH",1116,FALSE,FALSE,"Peru","Huancayo",FALSE,,,,,,,,
"HUANCAYO_01_2020","HUANCAYO_01_2020_P1117",2,"potato","CIP316358.144","tubers",9.25925925925926,,TRUE,"doi:10.21223/B7HWWH",1117,FALSE,FALSE,"Peru","Huancayo",FALSE,,,,,,,,
"HUANCAYO_01_2020","HUANCAYO_01_2020_P1118",2,"potato","CIP304079.10","tubers",13.3333333333333,,TRUE,"doi:10.21223/B7HWWH",1118,FALSE,FALSE,"Peru","Huancayo",FALSE,,,,,,,,
"HUANCAYO_01_2020","HUANCAYO_01_2020_P1119",2,"potato","CIP317017.59","tubers",18.5185185185185,,TRUE,"doi:10.21223/B7HWWH",1119,FALSE,FALSE,"Peru","Huancayo",FALSE,,,,,,,,
"HUANCAYO_01_2020","HUANCAYO_01_2020_P1120",2,"potato","CIP316345.168","tubers",24.6296296296296,,TRUE,"doi:10.21223/B7HWWH",1120,FALSE,FALSE,"Peru","Huancayo",FALSE,,,,,,,,
"HUANCAYO_01_2020","HUANCAYO_01_2020_P1121",2,"potato","CIP316376.106","tubers",4.25925925925926,,TRUE,"doi:10.21223/B7HWWH",1121,FALSE,FALSE,"Peru","Huancayo",FALSE,,,,,,,,
"HUANCAYO_01_2020","HUANCAYO_01_2020_P1122",2,"potato","CIP316361.173","tubers",13.1481481481481,,TRUE,"doi:10.21223/B7HWWH",1122,FALSE,FALSE,"Peru","Huancayo",FALSE,,,,,,,,
"HUANCAYO_01_2020","HUANCAYO_01_2020_P1123",2,"potato","CIP316367.194","tubers",14.2592592592593,,TRUE,"doi:10.21223/B7HWWH",1123,FALSE,FALSE,"Peru","Huancayo",FALSE,,,,,,,,
"HUANCAYO_01_2020","HUANCAYO_01_2020_P1124",2,"potato","CIP316385.149","tubers",23.5185185185185,,TRUE,"doi:10.21223/B7HWWH",1124,FALSE,FALSE,"Peru","Huancayo",FALSE,,,,,,,,
"HUANCAYO_01_2020","HUANCAYO_01_2020_P1125",2,"potato","CIP316344.181","tubers",8.51851851851852,,TRUE,"doi:10.21223/B7HWWH",1125,FALSE,FALSE,"Peru","Huancayo",FALSE,,,,,,,,
"HUANCAYO_01_2020","HUANCAYO_01_2020_P1126",2,"potato","Amarilis","tubers",21.4814814814815,,TRUE,"doi:10.21223/B7HWWH",1126,FALSE,FALSE,"Peru","Huancayo",FALSE,,,,,,,,
"HUANCAYO_01_2020","HUANCAYO_01_2020_P1127",2,"potato","CIP304081.44","tubers",18.7037037037037,,TRUE,"doi:10.21223/B7HWWH",1127,FALSE,FALSE,"Peru","Huancayo",FALSE,,,,,,,,
"HUANCAYO_01_2020","HUANCAYO_01_2020_P1128",2,"potato","CIP316363.140","tubers",13.8888888888889,,TRUE,"doi:10.21223/B7HWWH",1128,FALSE,FALSE,"Peru","Huancayo",FALSE,,,,,,,,
"HUANCAYO_01_2020","HUANCAYO_01_2020_P1129",2,"potato","CIP316357.216","tubers",12.2222222222222,,TRUE,"doi:10.21223/B7HWWH",1129,FALSE,FALSE,"Peru","Huancayo",FALSE,,,,,,,,
"HUANCAYO_01_2020","HUANCAYO_01_2020_P1130",2,"potato","CIP316385.116","tubers",12.037037037037,,TRUE,"doi:10.21223/B7HWWH",1130,FALSE,FALSE,"Peru","Huancayo",FALSE,,,,,,,,
"HUANCAYO_01_2020","HUANCAYO_01_2020_P1131",2,"potato","CIP316363.111","tubers",27.7777777777778,,TRUE,"doi:10.21223/B7HWWH",1131,FALSE,FALSE,"Peru","Huancayo",FALSE,,,,,,,,
"HUANCAYO_01_2020","HUANCAYO_01_2020_P1132",2,"potato","CIP316358.189","tubers",24.8148148148148,,TRUE,"doi:10.21223/B7HWWH",1132,FALSE,FALSE,"Peru","Huancayo",FALSE,,,,,,,,
"HUANCAYO_01_2020","HUANCAYO_01_2020_P1133",2,"potato","CIP316386.104","tubers",9.25925925925926,,TRUE,"doi:10.21223/B7HWWH",1133,FALSE,FALSE,"Peru","Huancayo",FALSE,,,,,,,,
"HUANCAYO_01_2020","HUANCAYO_01_2020_P1134",2,"potato","CIP316361.191","tubers",22.7777777777778,,TRUE,"doi:10.21223/B7HWWH",1134,FALSE,FALSE,"Peru","Huancayo",FALSE,,,,,,,,
"HUANCAYO_01_2020","HUANCAYO_01_2020_P1135",2,"potato","CIP316358.177","tubers",15.3703703703704,,TRUE,"doi:10.21223/B7HWWH",1135,FALSE,FALSE,"Peru","Huancayo",FALSE,,,,,,,,
"HUANCAYO_01_2020","HUANCAYO_01_2020_P1136",2,"potato","Amarilis","tubers",20.9259259259259,,TRUE,"doi:10.21223/B7HWWH",1136,FALSE,FALSE,"Peru","Huancayo",FALSE,,,,,,,,
"HUANCAYO_01_2020","HUANCAYO_01_2020_P1137",2,"potato","CIP316366.136","tubers",13.3333333333333,,TRUE,"doi:10.21223/B7HWWH",1137,FALSE,FALSE,"Peru","Huancayo",FALSE,,,,,,,,
"HUANCAYO_01_2020","HUANCAYO_01_2020_P1138",2,"potato","CIP316375.103","tubers",13.1481481481481,,TRUE,"doi:10.21223/B7HWWH",1138,FALSE,FALSE,"Peru","Huancayo",FALSE,,,,,,,,
"HUANCAYO_01_2020","HUANCAYO_01_2020_P1139",2,"potato","CIP316364.151","tubers",17.5925925925926,,TRUE,"doi:10.21223/B7HWWH",1139,FALSE,FALSE,"Peru","Huancayo",FALSE,,,,,,,,
"HUANCAYO_01_2020","HUANCAYO_01_2020_P1140",2,"potato","Amarilis","tubers",23.1481481481481,,TRUE,"doi:10.21223/B7HWWH",1140,FALSE,FALSE,"Peru","Huancayo",FALSE,,,,,,,,
"HUANCAYO_01_2020","HUANCAYO_01_2020_P1141",2,"potato","CIP316387.145","tubers",8.14814814814815,,TRUE,"doi:10.21223/B7HWWH",1141,FALSE,FALSE,"Peru","Huancayo",FALSE,,,,,,,,
"HUANCAYO_01_2020","HUANCAYO_01_2020_P1142",2,"potato","CIP316382.151","tubers",10,,TRUE,"doi:10.21223/B7HWWH",1142,FALSE,FALSE,"Peru","Huancayo",FALSE,,,,,,,,
"HUANCAYO_01_2020","HUANCAYO_01_2020_P1143",2,"potato","CIP316344.158","tubers",4.25925925925926,,TRUE,"doi:10.21223/B7HWWH",1143,FALSE,FALSE,"Peru","Huancayo",FALSE,,,,,,,,
"HUANCAYO_01_2020","HUANCAYO_01_2020_P1144",2,"potato","CIP316359.115","tubers",11.1111111111111,,TRUE,"doi:10.21223/B7HWWH",1144,FALSE,FALSE,"Peru","Huancayo",FALSE,,,,,,,,
"HUANCAYO_01_2020","HUANCAYO_01_2020_P1145",2,"potato","CIP316355.157","tubers",15,,TRUE,"doi:10.21223/B7HWWH",1145,FALSE,FALSE,"Peru","Huancayo",FALSE,,,,,,,,
"HUANCAYO_01_2020","HUANCAYO_01_2020_P1146",2,"potato","CIP302533.74","tubers",10.1851851851852,,TRUE,"doi:10.21223/B7HWWH",1146,FALSE,FALSE,"Peru","Huancayo",FALSE,,,,,,,,
"HUANCAYO_01_2020","HUANCAYO_01_2020_P1147",2,"potato","CIP316366.120","tubers",4.81481481481481,,TRUE,"doi:10.21223/B7HWWH",1147,FALSE,FALSE,"Peru","Huancayo",FALSE,,,,,,,,
"HUANCAYO_01_2020","HUANCAYO_01_2020_P1148",2,"potato","Yungay","tubers",14.4444444444444,,TRUE,"doi:10.21223/B7HWWH",1148,FALSE,FALSE,"Peru","Huancayo",FALSE,,,,,,,,
"HUANCAYO_01_2020","HUANCAYO_01_2020_P1149",2,"potato","CIP316345.714","tubers",8.88888888888889,,TRUE,"doi:10.21223/B7HWWH",1149,FALSE,FALSE,"Peru","Huancayo",FALSE,,,,,,,,
"HUANCAYO_01_2020","HUANCAYO_01_2020_P1150",2,"potato","CIP317015.424","tubers",19.2592592592593,,TRUE,"doi:10.21223/B7HWWH",1150,FALSE,FALSE,"Peru","Huancayo",FALSE,,,,,,,,
"HUANCAYO_01_2020","HUANCAYO_01_2020_P1151",2,"potato","CIP317016.438","tubers",12.962962962963,,TRUE,"doi:10.21223/B7HWWH",1151,FALSE,FALSE,"Peru","Huancayo",FALSE,,,,,,,,
"HUANCAYO_01_2020","HUANCAYO_01_2020_P1152",2,"potato","CIP316361.163","tubers",22.2222222222222,,TRUE,"doi:10.21223/B7HWWH",1152,FALSE,FALSE,"Peru","Huancayo",FALSE,,,,,,,,
"HUANCAYO_01_2020","HUANCAYO_01_2020_P1153",2,"potato","CIP316385.222","tubers",20,,TRUE,"doi:10.21223/B7HWWH",1153,FALSE,FALSE,"Peru","Huancayo",FALSE,,,,,,,,
"HUANCAYO_01_2020","HUANCAYO_01_2020_P1154",2,"potato","CIP316358.173","tubers",13.8888888888889,,TRUE,"doi:10.21223/B7HWWH",1154,FALSE,FALSE,"Peru","Huancayo",FALSE,,,,,,,,
"HUANCAYO_01_2020","HUANCAYO_01_2020_P1155",2,"potato","Yungay","tubers",26.4074074074074,,TRUE,"doi:10.21223/B7HWWH",1155,FALSE,FALSE,"Peru","Huancayo",FALSE,,,,,,,,
"HUANCAYO_01_2020","HUANCAYO_01_2020_P1156",2,"potato","CIP316375.183","tubers",15.1851851851852,,TRUE,"doi:10.21223/B7HWWH",1156,FALSE,FALSE,"Peru","Huancayo",FALSE,,,,,,,,
"HUANCAYO_01_2020","HUANCAYO_01_2020_P1157",2,"potato","CIP316390.130","tubers",9.25925925925926,,TRUE,"doi:10.21223/B7HWWH",1157,FALSE,FALSE,"Peru","Huancayo",FALSE,,,,,,,,
"HUANCAYO_01_2020","HUANCAYO_01_2020_P1158",2,"potato","CIP316361.222","tubers",25.5555555555556,,TRUE,"doi:10.21223/B7HWWH",1158,FALSE,FALSE,"Peru","Huancayo",FALSE,,,,,,,,
"HUANCAYO_01_2020","HUANCAYO_01_2020_P1159",2,"potato","CIP316354.145","tubers",30.5555555555556,,TRUE,"doi:10.21223/B7HWWH",1159,FALSE,FALSE,"Peru","Huancayo",FALSE,,,,,,,,
"HUANCAYO_01_2020","HUANCAYO_01_2020_P1160",2,"potato","CIP316385.237","tubers",6.2962962962963,,TRUE,"doi:10.21223/B7HWWH",1160,FALSE,FALSE,"Peru","Huancayo",FALSE,,,,,,,,
"HUANCAYO_01_2020","HUANCAYO_01_2020_P1161",2,"potato","CIP316352.110","tubers",11.1111111111111,,TRUE,"doi:10.21223/B7HWWH",1161,FALSE,FALSE,"Peru","Huancayo",FALSE,,,,,,,,
"HUANCAYO_01_2020","HUANCAYO_01_2020_P1162",2,"potato","CIP316360.227","tubers",4.44444444444444,,TRUE,"doi:10.21223/B7HWWH",1162,FALSE,FALSE,"Peru","Huancayo",FALSE,,,,,,,,
"HUANCAYO_01_2020","HUANCAYO_01_2020_P1163",2,"potato","CIP316359.169","tubers",13.1481481481481,,TRUE,"doi:10.21223/B7HWWH",1163,FALSE,FALSE,"Peru","Huancayo",FALSE,,,,,,,,
"HUANCAYO_01_2020","HUANCAYO_01_2020_P1164",2,"potato","CIP316344.189","tubers",15.3703703703704,,TRUE,"doi:10.21223/B7HWWH",1164,FALSE,FALSE,"Peru","Huancayo",FALSE,,,,,,,,
"HUANCAYO_01_2020","HUANCAYO_01_2020_P1165",2,"potato","CIP316362.152","tubers",14.2592592592593,,TRUE,"doi:10.21223/B7HWWH",1165,FALSE,FALSE,"Peru","Huancayo",FALSE,,,,,,,,
"HUANCAYO_01_2020","HUANCAYO_01_2020_P1166",2,"potato","Yungay","tubers",20.5555555555556,,TRUE,"doi:10.21223/B7HWWH",1166,FALSE,FALSE,"Peru","Huancayo",FALSE,,,,,,,,
"HUANCAYO_01_2020","HUANCAYO_01_2020_P1167",2,"potato","CIP316372.133","tubers",3.88888888888889,,TRUE,"doi:10.21223/B7HWWH",1167,FALSE,FALSE,"Peru","Huancayo",FALSE,,,,,,,,
"HUANCAYO_01_2020","HUANCAYO_01_2020_P1168",2,"potato","CIP316377.168","tubers",16.2962962962963,,TRUE,"doi:10.21223/B7HWWH",1168,FALSE,FALSE,"Peru","Huancayo",FALSE,,,,,,,,
"HUANCAYO_01_2020","HUANCAYO_01_2020_P1169",2,"potato","CIP316359.165","tubers",10.5555555555556,,TRUE,"doi:10.21223/B7HWWH",1169,FALSE,FALSE,"Peru","Huancayo",FALSE,,,,,,,,
"HUANCAYO_01_2020","HUANCAYO_01_2020_P1170",2,"potato","Yungay","tubers",17.037037037037,,TRUE,"doi:10.21223/B7HWWH",1170,FALSE,FALSE,"Peru","Huancayo",FALSE,,,,,,,,
"HUANCAYO_01_2020","HUANCAYO_01_2020_P1171",2,"potato","CIP316361.202","tubers",6.85185185185185,,TRUE,"doi:10.21223/B7HWWH",1171,FALSE,FALSE,"Peru","Huancayo",FALSE,,,,,,,,
"HUANCAYO_01_2020","HUANCAYO_01_2020_P1172",2,"potato","CIP316358.126","tubers",15.7037037037037,,TRUE,"doi:10.21223/B7HWWH",1172,FALSE,FALSE,"Peru","Huancayo",FALSE,,,,,,,,
"HUANCAYO_01_2020","HUANCAYO_01_2020_P1173",2,"potato","CIP317015.408","tubers",12.4074074074074,,TRUE,"doi:10.21223/B7HWWH",1173,FALSE,FALSE,"Peru","Huancayo",FALSE,,,,,,,,
"HUANCAYO_01_2020","HUANCAYO_01_2020_P1174",2,"potato","CIP316362.158","tubers",18.8888888888889,,TRUE,"doi:10.21223/B7HWWH",1174,FALSE,FALSE,"Peru","Huancayo",FALSE,,,,,,,,
"HUANCAYO_01_2020","HUANCAYO_01_2020_P1175",2,"potato","CIP316363.167","tubers",7.96296296296296,,TRUE,"doi:10.21223/B7HWWH",1175,FALSE,FALSE,"Peru","Huancayo",FALSE,,,,,,,,
"HUANCAYO_01_2020","HUANCAYO_01_2020_P1176",2,"potato","CIP316348.244","tubers",8.92592592592593,,TRUE,"doi:10.21223/B7HWWH",1176,FALSE,FALSE,"Peru","Huancayo",FALSE,,,,,,,,
"HUANCAYO_01_2020","HUANCAYO_01_2020_P1177",2,"potato","CIP316364.154","tubers",12.5925925925926,,TRUE,"doi:10.21223/B7HWWH",1177,FALSE,FALSE,"Peru","Huancayo",FALSE,,,,,,,,
"HUANCAYO_01_2020","HUANCAYO_01_2020_P1178",2,"potato","Amarilis","tubers",18.3333333333333,,TRUE,"doi:10.21223/B7HWWH",1178,FALSE,FALSE,"Peru","Huancayo",FALSE,,,,,,,,
"HUANCAYO_01_2020","HUANCAYO_01_2020_P1179",2,"potato","CIP316390.109","tubers",19.6296296296296,,TRUE,"doi:10.21223/B7HWWH",1179,FALSE,FALSE,"Peru","Huancayo",FALSE,,,,,,,,
"HUANCAYO_01_2020","HUANCAYO_01_2020_P1180",2,"potato","CIP316353.101","tubers",14.2592592592593,,TRUE,"doi:10.21223/B7HWWH",1180,FALSE,FALSE,"Peru","Huancayo",FALSE,,,,,,,,
"HUANCAYO_01_2020","HUANCAYO_01_2020_P1181",2,"potato","CIP316357.110","tubers",13.5185185185185,,TRUE,"doi:10.21223/B7HWWH",1181,FALSE,FALSE,"Peru","Huancayo",FALSE,,,,,,,,
"HUANCAYO_01_2020","HUANCAYO_01_2020_P1182",2,"potato","CIP316373.249","tubers",20,,TRUE,"doi:10.21223/B7HWWH",1182,FALSE,FALSE,"Peru","Huancayo",FALSE,,,,,,,,
"HUANCAYO_01_2020","HUANCAYO_01_2020_P1183",2,"potato","CIP316365.166","tubers",24.0740740740741,,TRUE,"doi:10.21223/B7HWWH",1183,FALSE,FALSE,"Peru","Huancayo",FALSE,,,,,,,,
"HUANCAYO_01_2020","HUANCAYO_01_2020_P1184",2,"potato","CIP316384.153","tubers",7.59259259259259,,TRUE,"doi:10.21223/B7HWWH",1184,FALSE,FALSE,"Peru","Huancayo",FALSE,,,,,,,,
"HUANCAYO_01_2020","HUANCAYO_01_2020_P1185",2,"potato","CIP316390.138","tubers",9.25925925925926,,TRUE,"doi:10.21223/B7HWWH",1185,FALSE,FALSE,"Peru","Huancayo",FALSE,,,,,,,,
"HUANCAYO_01_2020","HUANCAYO_01_2020_P1186",2,"potato","CIP316373.149","tubers",15.4814814814815,,TRUE,"doi:10.21223/B7HWWH",1186,FALSE,FALSE,"Peru","Huancayo",FALSE,,,,,,,,
"HUANCAYO_01_2020","HUANCAYO_01_2020_P1187",2,"potato","CIP316367.183","tubers",29.4444444444444,,TRUE,"doi:10.21223/B7HWWH",1187,FALSE,FALSE,"Peru","Huancayo",FALSE,,,,,,,,
"HUANCAYO_01_2020","HUANCAYO_01_2020_P1188",2,"potato","CIP316359.119","tubers",12.5925925925926,,TRUE,"doi:10.21223/B7HWWH",1188,FALSE,FALSE,"Peru","Huancayo",FALSE,,,,,,,,
"HUANCAYO_01_2020","HUANCAYO_01_2020_P1189",2,"potato","Kory","tubers",26.2962962962963,,TRUE,"doi:10.21223/B7HWWH",1189,FALSE,FALSE,"Peru","Huancayo",FALSE,,,,,,,,
"HUANCAYO_01_2020","HUANCAYO_01_2020_P1190",2,"potato","CIP316361.209","tubers",19.1851851851852,,TRUE,"doi:10.21223/B7HWWH",1190,FALSE,FALSE,"Peru","Huancayo",FALSE,,,,,,,,
"HUANCAYO_01_2020","HUANCAYO_01_2020_P1191",2,"potato","CIP316361.246","tubers",5,,TRUE,"doi:10.21223/B7HWWH",1191,FALSE,FALSE,"Peru","Huancayo",FALSE,,,,,,,,
"HUANCAYO_01_2020","HUANCAYO_01_2020_P1192",2,"potato","Amarilis","tubers",13.5185185185185,,TRUE,"doi:10.21223/B7HWWH",1192,FALSE,FALSE,"Peru","Huancayo",FALSE,,,,,,,,
"HUANCAYO_01_2020","HUANCAYO_01_2020_P1193",2,"potato","CIP317029.434","tubers",3.51851851851852,,TRUE,"doi:10.21223/B7HWWH",1193,FALSE,FALSE,"Peru","Huancayo",FALSE,,,,,,,,
"HUANCAYO_01_2020","HUANCAYO_01_2020_P1194",2,"potato","CIP316363.176","tubers",6.48148148148148,,TRUE,"doi:10.21223/B7HWWH",1194,FALSE,FALSE,"Peru","Huancayo",FALSE,,,,,,,,
"HUANCAYO_01_2020","HUANCAYO_01_2020_P1195",2,"potato","CIP316378.134","tubers",24.1111111111111,,TRUE,"doi:10.21223/B7HWWH",1195,FALSE,FALSE,"Peru","Huancayo",FALSE,,,,,,,,
"HUANCAYO_01_2020","HUANCAYO_01_2020_P1196",2,"potato","CIP316385.125","tubers",8.7037037037037,,TRUE,"doi:10.21223/B7HWWH",1196,FALSE,FALSE,"Peru","Huancayo",FALSE,,,,,,,,
"HUANCAYO_01_2020","HUANCAYO_01_2020_P1197",2,"potato","CIP316354.149","tubers",2.59259259259259,,TRUE,"doi:10.21223/B7HWWH",1197,FALSE,FALSE,"Peru","Huancayo",FALSE,,,,,,,,
"HUANCAYO_01_2020","HUANCAYO_01_2020_P1198",2,"potato","CIP398098.65","tubers",14.2592592592593,,TRUE,"doi:10.21223/B7HWWH",1198,FALSE,FALSE,"Peru","Huancayo",FALSE,,,,,,,,
"HUANCAYO_01_2020","HUANCAYO_01_2020_P1199",2,"potato","Amarilis","tubers",16.037037037037,,TRUE,"doi:10.21223/B7HWWH",1199,FALSE,FALSE,"Peru","Huancayo",FALSE,,,,,,,,
"HUANCAYO_01_2020","HUANCAYO_01_2020_P1200",2,"potato","CIP316386.142","tubers",25.3703703703704,,TRUE,"doi:10.21223/B7HWWH",1200,FALSE,FALSE,"Peru","Huancayo",FALSE,,,,,,,,
"HUANUCO_01_2020","HUANUCO_01_2020_P1",1,"potato","CIP316384.152","tubers",45.1851851851852,,TRUE,"doi:10.21223/B7HWWH",1201,FALSE,FALSE,"Peru","Huanuco",FALSE,,,,,,,,
"HUANUCO_01_2020","HUANUCO_01_2020_P2",1,"potato","CIP316357.187","tubers",20.9259259259259,,TRUE,"doi:10.21223/B7HWWH",1202,FALSE,FALSE,"Peru","Huanuco",FALSE,,,,,,,,
"HUANUCO_01_2020","HUANUCO_01_2020_P3",1,"potato","CIP316382.179","tubers",26.6666666666667,,TRUE,"doi:10.21223/B7HWWH",1203,FALSE,FALSE,"Peru","Huanuco",FALSE,,,,,,,,
"HUANUCO_01_2020","HUANUCO_01_2020_P4",1,"potato","Amarilis","tubers",15.9259259259259,,TRUE,"doi:10.21223/B7HWWH",1204,FALSE,FALSE,"Peru","Huanuco",FALSE,,,,,,,,
"HUANUCO_01_2020","HUANUCO_01_2020_P5",1,"potato","CIP317029.432","tubers",2.59259259259259,,TRUE,"doi:10.21223/B7HWWH",1205,FALSE,FALSE,"Peru","Huanuco",FALSE,,,,,,,,
"HUANUCO_01_2020","HUANUCO_01_2020_P6",1,"potato","CIP316363.102","tubers",25.5555555555556,,TRUE,"doi:10.21223/B7HWWH",1206,FALSE,FALSE,"Peru","Huanuco",FALSE,,,,,,,,
"HUANUCO_01_2020","HUANUCO_01_2020_P7",1,"potato","CIP316361.132","tubers",55.5555555555556,,TRUE,"doi:10.21223/B7HWWH",1207,FALSE,FALSE,"Peru","Huanuco",FALSE,,,,,,,,
"HUANUCO_01_2020","HUANUCO_01_2020_P8",1,"potato","CIP316376.169","tubers",29.8148148148148,,TRUE,"doi:10.21223/B7HWWH",1208,FALSE,FALSE,"Peru","Huanuco",FALSE,,,,,,,,
"HUANUCO_01_2020","HUANUCO_01_2020_P9",1,"potato","CIP316353.173","tubers",39.4444444444444,,TRUE,"doi:10.21223/B7HWWH",1209,FALSE,FALSE,"Peru","Huanuco",FALSE,,,,,,,,
"HUANUCO_01_2020","HUANUCO_01_2020_P10",1,"potato","CIP398098.203","tubers",35.9259259259259,,TRUE,"doi:10.21223/B7HWWH",1210,FALSE,FALSE,"Peru","Huanuco",FALSE,,,,,,,,
"HUANUCO_01_2020","HUANUCO_01_2020_P11",1,"potato","Yungay","tubers",12.2222222222222,,TRUE,"doi:10.21223/B7HWWH",1211,FALSE,FALSE,"Peru","Huanuco",FALSE,,,,,,,,
"HUANUCO_01_2020","HUANUCO_01_2020_P12",1,"potato","CIP317017.17","tubers",50.9259259259259,,TRUE,"doi:10.21223/B7HWWH",1212,FALSE,FALSE,"Peru","Huanuco",FALSE,,,,,,,,
"HUANUCO_01_2020","HUANUCO_01_2020_P13",1,"potato","CIP316380.150","tubers",40.7777777777778,,TRUE,"doi:10.21223/B7HWWH",1213,FALSE,FALSE,"Peru","Huanuco",FALSE,,,,,,,,
"HUANUCO_01_2020","HUANUCO_01_2020_P14",1,"potato","CIP316353.134","tubers",28.3333333333333,,TRUE,"doi:10.21223/B7HWWH",1214,FALSE,FALSE,"Peru","Huanuco",FALSE,,,,,,,,
"HUANUCO_01_2020","HUANUCO_01_2020_P15",1,"potato","CIP316359.227","tubers",32.4074074074074,,TRUE,"doi:10.21223/B7HWWH",1215,FALSE,FALSE,"Peru","Huanuco",FALSE,,,,,,,,
"HUANUCO_01_2020","HUANUCO_01_2020_P16",1,"potato","Amarilis","tubers",22.4074074074074,,TRUE,"doi:10.21223/B7HWWH",1216,FALSE,FALSE,"Peru","Huanuco",FALSE,,,,,,,,
"HUANUCO_01_2020","HUANUCO_01_2020_P17",1,"potato","CIP316382.151","tubers",21.4814814814815,,TRUE,"doi:10.21223/B7HWWH",1217,FALSE,FALSE,"Peru","Huanuco",FALSE,,,,,,,,
"HUANUCO_01_2020","HUANUCO_01_2020_P18",1,"potato","CIP317016.438","tubers",30.3703703703704,,TRUE,"doi:10.21223/B7HWWH",1218,FALSE,FALSE,"Peru","Huanuco",FALSE,,,,,,,,
"HUANUCO_01_2020","HUANUCO_01_2020_P19",1,"potato","CIP316367.132","tubers",58.8888888888889,,TRUE,"doi:10.21223/B7HWWH",1219,FALSE,FALSE,"Peru","Huanuco",FALSE,,,,,,,,
"HUANUCO_01_2020","HUANUCO_01_2020_P20",1,"potato","CIP316387.156","tubers",51.2962962962963,,TRUE,"doi:10.21223/B7HWWH",1220,FALSE,FALSE,"Peru","Huanuco",FALSE,,,,,,,,
"HUANUCO_01_2020","HUANUCO_01_2020_P21",1,"potato","CIP316375.109","tubers",37.4074074074074,,TRUE,"doi:10.21223/B7HWWH",1221,FALSE,FALSE,"Peru","Huanuco",FALSE,,,,,,,,
"HUANUCO_01_2020","HUANUCO_01_2020_P22",1,"potato","CIP316366.137","tubers",35,,TRUE,"doi:10.21223/B7HWWH",1222,FALSE,FALSE,"Peru","Huanuco",FALSE,,,,,,,,
"HUANUCO_01_2020","HUANUCO_01_2020_P23",1,"potato","CIP316351.139","tubers",25.1851851851852,,TRUE,"doi:10.21223/B7HWWH",1223,FALSE,FALSE,"Peru","Huanuco",FALSE,,,,,,,,
"HUANUCO_01_2020","HUANUCO_01_2020_P24",1,"potato","CIP316367.134","tubers",47.7777777777778,,TRUE,"doi:10.21223/B7HWWH",1224,FALSE,FALSE,"Peru","Huanuco",FALSE,,,,,,,,
"HUANUCO_01_2020","HUANUCO_01_2020_P25",1,"potato","CIP316360.227","tubers",33.1481481481481,,TRUE,"doi:10.21223/B7HWWH",1225,FALSE,FALSE,"Peru","Huanuco",FALSE,,,,,,,,
"HUANUCO_01_2020","HUANUCO_01_2020_P26",1,"potato","Amarilis","tubers",14.8148148148148,,TRUE,"doi:10.21223/B7HWWH",1226,FALSE,FALSE,"Peru","Huanuco",FALSE,,,,,,,,
"HUANUCO_01_2020","HUANUCO_01_2020_P27",1,"potato","CIP316344.162","tubers",33.5185185185185,,TRUE,"doi:10.21223/B7HWWH",1227,FALSE,FALSE,"Peru","Huanuco",FALSE,,,,,,,,
"HUANUCO_01_2020","HUANUCO_01_2020_P28",1,"potato","CIP316363.155","tubers",28.8888888888889,,TRUE,"doi:10.21223/B7HWWH",1228,FALSE,FALSE,"Peru","Huanuco",FALSE,,,,,,,,
"HUANUCO_01_2020","HUANUCO_01_2020_P29",1,"potato","CIP316353.141","tubers",43.8888888888889,,TRUE,"doi:10.21223/B7HWWH",1229,FALSE,FALSE,"Peru","Huanuco",FALSE,,,,,,,,
"HUANUCO_01_2020","HUANUCO_01_2020_P30",1,"potato","CIP316363.175","tubers",8.14814814814815,,TRUE,"doi:10.21223/B7HWWH",1230,FALSE,FALSE,"Peru","Huanuco",FALSE,,,,,,,,
"HUANUCO_01_2020","HUANUCO_01_2020_P31",1,"potato","CIP398190.200","tubers",45.7407407407407,,TRUE,"doi:10.21223/B7HWWH",1231,FALSE,FALSE,"Peru","Huanuco",FALSE,,,,,,,,
"HUANUCO_01_2020","HUANUCO_01_2020_P32",1,"potato","CIP316367.147","tubers",51.6666666666667,,TRUE,"doi:10.21223/B7HWWH",1232,FALSE,FALSE,"Peru","Huanuco",FALSE,,,,,,,,
"HUANUCO_01_2020","HUANUCO_01_2020_P33",1,"potato","CIP316362.115","tubers",12.962962962963,,TRUE,"doi:10.21223/B7HWWH",1233,FALSE,FALSE,"Peru","Huanuco",FALSE,,,,,,,,
"HUANUCO_01_2020","HUANUCO_01_2020_P34",1,"potato","CIP316357.111","tubers",25.1851851851852,,TRUE,"doi:10.21223/B7HWWH",1234,FALSE,FALSE,"Peru","Huanuco",FALSE,,,,,,,,
"HUANUCO_01_2020","HUANUCO_01_2020_P35",1,"potato","CIP316360.185","tubers",49.8148148148148,,TRUE,"doi:10.21223/B7HWWH",1235,FALSE,FALSE,"Peru","Huanuco",FALSE,,,,,,,,
"HUANUCO_01_2020","HUANUCO_01_2020_P36",1,"potato","Yungay","tubers",4.25925925925926,,TRUE,"doi:10.21223/B7HWWH",1236,FALSE,FALSE,"Peru","Huanuco",FALSE,,,,,,,,
"HUANUCO_01_2020","HUANUCO_01_2020_P37",1,"potato","CIP316363.166","tubers",38.4444444444444,,TRUE,"doi:10.21223/B7HWWH",1237,FALSE,FALSE,"Peru","Huanuco",FALSE,,,,,,,,
"HUANUCO_01_2020","HUANUCO_01_2020_P38",1,"potato","Amarilis","tubers",16.2962962962963,,TRUE,"doi:10.21223/B7HWWH",1238,FALSE,FALSE,"Peru","Huanuco",FALSE,,,,,,,,
"HUANUCO_01_2020","HUANUCO_01_2020_P39",1,"potato","CIP316350.120","tubers",30.3703703703704,,TRUE,"doi:10.21223/B7HWWH",1239,FALSE,FALSE,"Peru","Huanuco",FALSE,,,,,,,,
"HUANUCO_01_2020","HUANUCO_01_2020_P40",1,"potato","CIP316353.133","tubers",42.3703703703704,,TRUE,"doi:10.21223/B7HWWH",1240,FALSE,FALSE,"Peru","Huanuco",FALSE,,,,,,,,
"HUANUCO_01_2020","HUANUCO_01_2020_P41",1,"potato","CIP316378.108","tubers",35,,TRUE,"doi:10.21223/B7HWWH",1241,FALSE,FALSE,"Peru","Huanuco",FALSE,,,,,,,,
"HUANUCO_01_2020","HUANUCO_01_2020_P42",1,"potato","CIP316362.152","tubers",33.1481481481481,,TRUE,"doi:10.21223/B7HWWH",1242,FALSE,FALSE,"Peru","Huanuco",FALSE,,,,,,,,
"HUANUCO_01_2020","HUANUCO_01_2020_P43",1,"potato","Amarilis","tubers",15.1851851851852,,TRUE,"doi:10.21223/B7HWWH",1243,FALSE,FALSE,"Peru","Huanuco",FALSE,,,,,,,,
"HUANUCO_01_2020","HUANUCO_01_2020_P44",1,"potato","CIP316361.153","tubers",37.2222222222222,,TRUE,"doi:10.21223/B7HWWH",1244,FALSE,FALSE,"Peru","Huanuco",FALSE,,,,,,,,
"HUANUCO_01_2020","HUANUCO_01_2020_P45",1,"potato","CIP316371.104","tubers",42.037037037037,,TRUE,"doi:10.21223/B7HWWH",1245,FALSE,FALSE,"Peru","Huanuco",FALSE,,,,,,,,
"HUANUCO_01_2020","HUANUCO_01_2020_P46",1,"potato","CIP316386.104","tubers",29.4444444444444,,TRUE,"doi:10.21223/B7HWWH",1246,FALSE,FALSE,"Peru","Huanuco",FALSE,,,,,,,,
"HUANUCO_01_2020","HUANUCO_01_2020_P47",1,"potato","CIP317016.492","tubers",77.037037037037,,TRUE,"doi:10.21223/B7HWWH",1247,FALSE,FALSE,"Peru","Huanuco",FALSE,,,,,,,,
"HUANUCO_01_2020","HUANUCO_01_2020_P48",1,"potato","CIP316360.159","tubers",32.7777777777778,,TRUE,"doi:10.21223/B7HWWH",1248,FALSE,FALSE,"Peru","Huanuco",FALSE,,,,,,,,
"HUANUCO_01_2020","HUANUCO_01_2020_P49",1,"potato","CIP316363.161","tubers",19.2592592592593,,TRUE,"doi:10.21223/B7HWWH",1249,FALSE,FALSE,"Peru","Huanuco",FALSE,,,,,,,,
"HUANUCO_01_2020","HUANUCO_01_2020_P50",1,"potato","CIP316350.123","tubers",51.1111111111111,,TRUE,"doi:10.21223/B7HWWH",1250,FALSE,FALSE,"Peru","Huanuco",FALSE,,,,,,,,
"HUANUCO_01_2020","HUANUCO_01_2020_P51",1,"potato","CIP316361.152","tubers",32.962962962963,,TRUE,"doi:10.21223/B7HWWH",1251,FALSE,FALSE,"Peru","Huanuco",FALSE,,,,,,,,
"HUANUCO_01_2020","HUANUCO_01_2020_P52",1,"potato","CIP316377.115","tubers",22.2222222222222,,TRUE,"doi:10.21223/B7HWWH",1252,FALSE,FALSE,"Peru","Huanuco",FALSE,,,,,,,,
"HUANUCO_01_2020","HUANUCO_01_2020_P53",1,"potato","CIP316367.137","tubers",35.9259259259259,,TRUE,"doi:10.21223/B7HWWH",1253,FALSE,FALSE,"Peru","Huanuco",FALSE,,,,,,,,
"HUANUCO_01_2020","HUANUCO_01_2020_P54",1,"potato","CIP316352.122","tubers",29.0740740740741,,TRUE,"doi:10.21223/B7HWWH",1254,FALSE,FALSE,"Peru","Huanuco",FALSE,,,,,,,,
"HUANUCO_01_2020","HUANUCO_01_2020_P55",1,"potato","CIP316366.126","tubers",21.8518518518519,,TRUE,"doi:10.21223/B7HWWH",1255,FALSE,FALSE,"Peru","Huanuco",FALSE,,,,,,,,
"HUANUCO_01_2020","HUANUCO_01_2020_P56",1,"potato","CIP317016.450","tubers",34.4444444444444,,TRUE,"doi:10.21223/B7HWWH",1256,FALSE,FALSE,"Peru","Huanuco",FALSE,,,,,,,,
"HUANUCO_01_2020","HUANUCO_01_2020_P57",1,"potato","CIP316383.108","tubers",33.8888888888889,,TRUE,"doi:10.21223/B7HWWH",1257,FALSE,FALSE,"Peru","Huanuco",FALSE,,,,,,,,
"HUANUCO_01_2020","HUANUCO_01_2020_P58",1,"potato","CIP316385.104","tubers",34.8148148148148,,TRUE,"doi:10.21223/B7HWWH",1258,FALSE,FALSE,"Peru","Huanuco",FALSE,,,,,,,,
"HUANUCO_01_2020","HUANUCO_01_2020_P59",1,"potato","CIP316361.236","tubers",44.9259259259259,,TRUE,"doi:10.21223/B7HWWH",1259,FALSE,FALSE,"Peru","Huanuco",FALSE,,,,,,,,
"HUANUCO_01_2020","HUANUCO_01_2020_P60",1,"potato","CIP398208.620","tubers",34.2592592592593,,TRUE,"doi:10.21223/B7HWWH",1260,FALSE,FALSE,"Peru","Huanuco",FALSE,,,,,,,,
"HUANUCO_01_2020","HUANUCO_01_2020_P61",1,"potato","CIP316348.179","tubers",25.2962962962963,,TRUE,"doi:10.21223/B7HWWH",1261,FALSE,FALSE,"Peru","Huanuco",FALSE,,,,,,,,
"HUANUCO_01_2020","HUANUCO_01_2020_P62",1,"potato","CIP398190.615","tubers",19.5555555555556,,TRUE,"doi:10.21223/B7HWWH",1262,FALSE,FALSE,"Peru","Huanuco",FALSE,,,,,,,,
"HUANUCO_01_2020","HUANUCO_01_2020_P63",1,"potato","CIP316361.203","tubers",30,,TRUE,"doi:10.21223/B7HWWH",1263,FALSE,FALSE,"Peru","Huanuco",FALSE,,,,,,,,
"HUANUCO_01_2020","HUANUCO_01_2020_P64",1,"potato","CIP316349.166","tubers",30.1851851851852,,TRUE,"doi:10.21223/B7HWWH",1264,FALSE,FALSE,"Peru","Huanuco",FALSE,,,,,,,,
"HUANUCO_01_2020","HUANUCO_01_2020_P65",1,"potato","CIP316363.123","tubers",34.0740740740741,,TRUE,"doi:10.21223/B7HWWH",1265,FALSE,FALSE,"Peru","Huanuco",FALSE,,,,,,,,
"HUANUCO_01_2020","HUANUCO_01_2020_P66",1,"potato","CIP316353.161","tubers",43.5185185185185,,TRUE,"doi:10.21223/B7HWWH",1266,FALSE,FALSE,"Peru","Huanuco",FALSE,,,,,,,,
"HUANUCO_01_2020","HUANUCO_01_2020_P67",1,"potato","CIP316366.136","tubers",20.9259259259259,,TRUE,"doi:10.21223/B7HWWH",1267,FALSE,FALSE,"Peru","Huanuco",FALSE,,,,,,,,
"HUANUCO_01_2020","HUANUCO_01_2020_P68",1,"potato","CIP316354.149","tubers",35.1851851851852,,TRUE,"doi:10.21223/B7HWWH",1268,FALSE,FALSE,"Peru","Huanuco",FALSE,,,,,,,,
"HUANUCO_01_2020","HUANUCO_01_2020_P69",1,"potato","CIP316393.114","tubers",47.6296296296296,,TRUE,"doi:10.21223/B7HWWH",1269,FALSE,FALSE,"Peru","Huanuco",FALSE,,,,,,,,
"HUANUCO_01_2020","HUANUCO_01_2020_P70",1,"potato","CIP316356.149","tubers",49.8148148148148,,TRUE,"doi:10.21223/B7HWWH",1270,FALSE,FALSE,"Peru","Huanuco",FALSE,,,,,,,,
"HUANUCO_01_2020","HUANUCO_01_2020_P71",1,"potato","CIP316385.144","tubers",22.7777777777778,,TRUE,"doi:10.21223/B7HWWH",1271,FALSE,FALSE,"Peru","Huanuco",FALSE,,,,,,,,
"HUANUCO_01_2020","HUANUCO_01_2020_P72",1,"potato","CIP316361.209","tubers",23.5185185185185,,TRUE,"doi:10.21223/B7HWWH",1272,FALSE,FALSE,"Peru","Huanuco",FALSE,,,,,,,,
"HUANUCO_01_2020","HUANUCO_01_2020_P73",1,"potato","CIP316353.152","tubers",20.9259259259259,,TRUE,"doi:10.21223/B7HWWH",1273,FALSE,FALSE,"Peru","Huanuco",FALSE,,,,,,,,
"HUANUCO_01_2020","HUANUCO_01_2020_P74",1,"potato","Amarilis","tubers",20.3703703703704,,TRUE,"doi:10.21223/B7HWWH",1274,FALSE,FALSE,"Peru","Huanuco",FALSE,,,,,,,,
"HUANUCO_01_2020","HUANUCO_01_2020_P75",1,"potato","CIP316358.173","tubers",18.1481481481481,,TRUE,"doi:10.21223/B7HWWH",1275,FALSE,FALSE,"Peru","Huanuco",FALSE,,,,,,,,
"HUANUCO_01_2020","HUANUCO_01_2020_P76",1,"potato","Kory","tubers",42.7777777777778,,TRUE,"doi:10.21223/B7HWWH",1276,FALSE,FALSE,"Peru","Huanuco",FALSE,,,,,,,,
"HUANUCO_01_2020","HUANUCO_01_2020_P77",1,"potato","CIP316367.102","tubers",39.8148148148148,,TRUE,"doi:10.21223/B7HWWH",1277,FALSE,FALSE,"Peru","Huanuco",FALSE,,,,,,,,
"HUANUCO_01_2020","HUANUCO_01_2020_P78",1,"potato","CIP316361.241","tubers",39.8148148148148,,TRUE,"doi:10.21223/B7HWWH",1278,FALSE,FALSE,"Peru","Huanuco",FALSE,,,,,,,,
"HUANUCO_01_2020","HUANUCO_01_2020_P79",1,"potato","Kory","tubers",38.5185185185185,,TRUE,"doi:10.21223/B7HWWH",1279,FALSE,FALSE,"Peru","Huanuco",FALSE,,,,,,,,
"HUANUCO_01_2020","HUANUCO_01_2020_P80",1,"potato","CIP316367.193","tubers",32.962962962963,,TRUE,"doi:10.21223/B7HWWH",1280,FALSE,FALSE,"Peru","Huanuco",FALSE,,,,,,,,
"HUANUCO_01_2020","HUANUCO_01_2020_P81",1,"potato","CIP316353.145","tubers",32.2222222222222,,TRUE,"doi:10.21223/B7HWWH",1281,FALSE,FALSE,"Peru","Huanuco",FALSE,,,,,,,,
"HUANUCO_01_2020","HUANUCO_01_2020_P82",1,"potato","CIP316348.151","tubers",34.4444444444444,,TRUE,"doi:10.21223/B7HWWH",1282,FALSE,FALSE,"Peru","Huanuco",FALSE,,,,,,,,
"HUANUCO_01_2020","HUANUCO_01_2020_P83",1,"potato","CIP316386.134","tubers",44.8148148148148,,TRUE,"doi:10.21223/B7HWWH",1283,FALSE,FALSE,"Peru","Huanuco",FALSE,,,,,,,,
"HUANUCO_01_2020","HUANUCO_01_2020_P84",1,"potato","Yungay","tubers",5.37037037037037,,TRUE,"doi:10.21223/B7HWWH",1284,FALSE,FALSE,"Peru","Huanuco",FALSE,,,,,,,,
"HUANUCO_01_2020","HUANUCO_01_2020_P85",1,"potato","CIP316376.120","tubers",53.7037037037037,,TRUE,"doi:10.21223/B7HWWH",1285,FALSE,FALSE,"Peru","Huanuco",FALSE,,,,,,,,
"HUANUCO_01_2020","HUANUCO_01_2020_P86",1,"potato","CIP316384.143","tubers",29.8148148148148,,TRUE,"doi:10.21223/B7HWWH",1286,FALSE,FALSE,"Peru","Huanuco",FALSE,,,,,,,,
"HUANUCO_01_2020","HUANUCO_01_2020_P87",1,"potato","CIP316387.104","tubers",43.3333333333333,,TRUE,"doi:10.21223/B7HWWH",1287,FALSE,FALSE,"Peru","Huanuco",FALSE,,,,,,,,
"HUANUCO_01_2020","HUANUCO_01_2020_P88",1,"potato","CIP316359.242","tubers",47.5925925925926,,TRUE,"doi:10.21223/B7HWWH",1288,FALSE,FALSE,"Peru","Huanuco",FALSE,,,,,,,,
"HUANUCO_01_2020","HUANUCO_01_2020_P89",1,"potato","CIP316361.196","tubers",12.962962962963,,TRUE,"doi:10.21223/B7HWWH",1289,FALSE,FALSE,"Peru","Huanuco",FALSE,,,,,,,,
"HUANUCO_01_2020","HUANUCO_01_2020_P90",1,"potato","CIP316366.120","tubers",26.4814814814815,,TRUE,"doi:10.21223/B7HWWH",1290,FALSE,FALSE,"Peru","Huanuco",FALSE,,,,,,,,
"HUANUCO_01_2020","HUANUCO_01_2020_P91",1,"potato","CIP317014.230","tubers",32.962962962963,,TRUE,"doi:10.21223/B7HWWH",1291,FALSE,FALSE,"Peru","Huanuco",FALSE,,,,,,,,
"HUANUCO_01_2020","HUANUCO_01_2020_P92",1,"potato","CIP316360.215","tubers",13.1481481481481,,TRUE,"doi:10.21223/B7HWWH",1292,FALSE,FALSE,"Peru","Huanuco",FALSE,,,,,,,,
"HUANUCO_01_2020","HUANUCO_01_2020_P93",1,"potato","CIP316348.170","tubers",29.0740740740741,,TRUE,"doi:10.21223/B7HWWH",1293,FALSE,FALSE,"Peru","Huanuco",FALSE,,,,,,,,
"HUANUCO_01_2020","HUANUCO_01_2020_P94",1,"potato","CIP316359.215","tubers",10,,TRUE,"doi:10.21223/B7HWWH",1294,FALSE,FALSE,"Peru","Huanuco",FALSE,,,,,,,,
"HUANUCO_01_2020","HUANUCO_01_2020_P95",1,"potato","CIP316367.194","tubers",59.0740740740741,,TRUE,"doi:10.21223/B7HWWH",1295,FALSE,FALSE,"Peru","Huanuco",FALSE,,,,,,,,
"HUANUCO_01_2020","HUANUCO_01_2020_P96",1,"potato","CIP316344.146","tubers",41.8518518518518,,TRUE,"doi:10.21223/B7HWWH",1296,FALSE,FALSE,"Peru","Huanuco",FALSE,,,,,,,,
"HUANUCO_01_2020","HUANUCO_01_2020_P97",1,"potato","CIP316361.235","tubers",41.8148148148148,,TRUE,"doi:10.21223/B7HWWH",1297,FALSE,FALSE,"Peru","Huanuco",FALSE,,,,,,,,
"HUANUCO_01_2020","HUANUCO_01_2020_P98",1,"potato","CIP317015.436","tubers",46.2962962962963,,TRUE,"doi:10.21223/B7HWWH",1298,FALSE,FALSE,"Peru","Huanuco",FALSE,,,,,,,,
"HUANUCO_01_2020","HUANUCO_01_2020_P99",1,"potato","CIP316353.741","tubers",54.8148148148148,,TRUE,"doi:10.21223/B7HWWH",1299,FALSE,FALSE,"Peru","Huanuco",FALSE,,,,,,,,
"HUANUCO_01_2020","HUANUCO_01_2020_P100",1,"potato","CIP316344.158","tubers",20.7407407407407,,TRUE,"doi:10.21223/B7HWWH",1300,FALSE,FALSE,"Peru","Huanuco",FALSE,,,,,,,,
"HUANUCO_01_2020","HUANUCO_01_2020_P101",1,"potato","CIP316378.183","tubers",22.2222222222222,,TRUE,"doi:10.21223/B7HWWH",1301,FALSE,FALSE,"Peru","Huanuco",FALSE,,,,,,,,
"HUANUCO_01_2020","HUANUCO_01_2020_P102",1,"potato","Kory","tubers",48.1481481481482,,TRUE,"doi:10.21223/B7HWWH",1302,FALSE,FALSE,"Peru","Huanuco",FALSE,,,,,,,,
"HUANUCO_01_2020","HUANUCO_01_2020_P103",1,"potato","CIP316361.163","tubers",37.037037037037,,TRUE,"doi:10.21223/B7HWWH",1303,FALSE,FALSE,"Peru","Huanuco",FALSE,,,,,,,,
"HUANUCO_01_2020","HUANUCO_01_2020_P104",1,"potato","CIP316362.111","tubers",26.2962962962963,,TRUE,"doi:10.21223/B7HWWH",1304,FALSE,FALSE,"Peru","Huanuco",FALSE,,,,,,,,
"HUANUCO_01_2020","HUANUCO_01_2020_P105",1,"potato","CIP398208.219","tubers",39.0740740740741,,TRUE,"doi:10.21223/B7HWWH",1305,FALSE,FALSE,"Peru","Huanuco",FALSE,,,,,,,,
"HUANUCO_01_2020","HUANUCO_01_2020_P106",1,"potato","CIP316382.118","tubers",27.962962962963,,TRUE,"doi:10.21223/B7HWWH",1306,FALSE,FALSE,"Peru","Huanuco",FALSE,,,,,,,,
"HUANUCO_01_2020","HUANUCO_01_2020_P107",1,"potato","CIP316352.110","tubers",22.4074074074074,,TRUE,"doi:10.21223/B7HWWH",1307,FALSE,FALSE,"Peru","Huanuco",FALSE,,,,,,,,
"HUANUCO_01_2020","HUANUCO_01_2020_P108",1,"potato","CIP316360.213","tubers",10.9259259259259,,TRUE,"doi:10.21223/B7HWWH",1308,FALSE,FALSE,"Peru","Huanuco",FALSE,,,,,,,,
"HUANUCO_01_2020","HUANUCO_01_2020_P109",1,"potato","CIP316353.143","tubers",41.1111111111111,,TRUE,"doi:10.21223/B7HWWH",1309,FALSE,FALSE,"Peru","Huanuco",FALSE,,,,,,,,
"HUANUCO_01_2020","HUANUCO_01_2020_P110",1,"potato","CIP317028.443","tubers",10.9259259259259,,TRUE,"doi:10.21223/B7HWWH",1310,FALSE,FALSE,"Peru","Huanuco",FALSE,,,,,,,,
"HUANUCO_01_2020","HUANUCO_01_2020_P111",1,"potato","Yungay","tubers",14.8148148148148,,TRUE,"doi:10.21223/B7HWWH",1311,FALSE,FALSE,"Peru","Huanuco",FALSE,,,,,,,,
"HUANUCO_01_2020","HUANUCO_01_2020_P112",1,"potato","CIP316358.179","tubers",34.0740740740741,,TRUE,"doi:10.21223/B7HWWH",1312,FALSE,FALSE,"Peru","Huanuco",FALSE,,,,,,,,
"HUANUCO_01_2020","HUANUCO_01_2020_P113",1,"potato","CIP316384.142","tubers",27.4074074074074,,TRUE,"doi:10.21223/B7HWWH",1313,FALSE,FALSE,"Peru","Huanuco",FALSE,,,,,,,,
"HUANUCO_01_2020","HUANUCO_01_2020_P114",1,"potato","CIP316357.207","tubers",33.3333333333333,,TRUE,"doi:10.21223/B7HWWH",1314,FALSE,FALSE,"Peru","Huanuco",FALSE,,,,,,,,
"HUANUCO_01_2020","HUANUCO_01_2020_P115",1,"potato","CIP316360.116","tubers",27.2222222222222,,TRUE,"doi:10.21223/B7HWWH",1315,FALSE,FALSE,"Peru","Huanuco",FALSE,,,,,,,,
"HUANUCO_01_2020","HUANUCO_01_2020_P116",1,"potato","Yungay","tubers",10.9259259259259,,TRUE,"doi:10.21223/B7HWWH",1316,FALSE,FALSE,"Peru","Huanuco",FALSE,,,,,,,,
"HUANUCO_01_2020","HUANUCO_01_2020_P117",1,"potato","CIP316365.133","tubers",25.7407407407407,,TRUE,"doi:10.21223/B7HWWH",1317,FALSE,FALSE,"Peru","Huanuco",FALSE,,,,,,,,
"HUANUCO_01_2020","HUANUCO_01_2020_P118",1,"potato","CIP304081.44","tubers",27.037037037037,,TRUE,"doi:10.21223/B7HWWH",1318,FALSE,FALSE,"Peru","Huanuco",FALSE,,,,,,,,
"HUANUCO_01_2020","HUANUCO_01_2020_P119",1,"potato","CIP316363.165","tubers",18.8888888888889,,TRUE,"doi:10.21223/B7HWWH",1319,FALSE,FALSE,"Peru","Huanuco",FALSE,,,,,,,,
"HUANUCO_01_2020","HUANUCO_01_2020_P120",1,"potato","CIP316362.179","tubers",27.037037037037,,TRUE,"doi:10.21223/B7HWWH",1320,FALSE,FALSE,"Peru","Huanuco",FALSE,,,,,,,,
"HUANUCO_01_2020","HUANUCO_01_2020_P121",1,"potato","CIP316390.130","tubers",26.2962962962963,,TRUE,"doi:10.21223/B7HWWH",1321,FALSE,FALSE,"Peru","Huanuco",FALSE,,,,,,,,
"HUANUCO_01_2020","HUANUCO_01_2020_P122",1,"potato","CIP316361.250","tubers",43.5185185185185,,TRUE,"doi:10.21223/B7HWWH",1322,FALSE,FALSE,"Peru","Huanuco",FALSE,,,,,,,,
"HUANUCO_01_2020","HUANUCO_01_2020_P123",1,"potato","CIP316365.125","tubers",27.2222222222222,,TRUE,"doi:10.21223/B7HWWH",1323,FALSE,FALSE,"Peru","Huanuco",FALSE,,,,,,,,
"HUANUCO_01_2020","HUANUCO_01_2020_P124",1,"potato","CIP316379.155","tubers",7.59259259259259,,TRUE,"doi:10.21223/B7HWWH",1324,FALSE,FALSE,"Peru","Huanuco",FALSE,,,,,,,,
"HUANUCO_01_2020","HUANUCO_01_2020_P125",1,"potato","CIP316361.222","tubers",35.9259259259259,,TRUE,"doi:10.21223/B7HWWH",1325,FALSE,FALSE,"Peru","Huanuco",FALSE,,,,,,,,
"HUANUCO_01_2020","HUANUCO_01_2020_P126",1,"potato","CIP316359.134","tubers",47.2222222222222,,TRUE,"doi:10.21223/B7HWWH",1326,FALSE,FALSE,"Peru","Huanuco",FALSE,,,,,,,,
"HUANUCO_01_2020","HUANUCO_01_2020_P127",1,"potato","Kory","tubers",40.9259259259259,,TRUE,"doi:10.21223/B7HWWH",1327,FALSE,FALSE,"Peru","Huanuco",FALSE,,,,,,,,
"HUANUCO_01_2020","HUANUCO_01_2020_P128",1,"potato","CIP316353.147","tubers",25.7407407407407,,TRUE,"doi:10.21223/B7HWWH",1328,FALSE,FALSE,"Peru","Huanuco",FALSE,,,,,,,,
"HUANUCO_01_2020","HUANUCO_01_2020_P129",1,"potato","CIP316355.162","tubers",47.4074074074074,,TRUE,"doi:10.21223/B7HWWH",1329,FALSE,FALSE,"Peru","Huanuco",FALSE,,,,,,,,
"HUANUCO_01_2020","HUANUCO_01_2020_P130",1,"potato","CIP316358.232","tubers",25.3703703703704,,TRUE,"doi:10.21223/B7HWWH",1330,FALSE,FALSE,"Peru","Huanuco",FALSE,,,,,,,,
"HUANUCO_01_2020","HUANUCO_01_2020_P131",1,"potato","CIP316362.175","tubers",39.2592592592593,,TRUE,"doi:10.21223/B7HWWH",1331,FALSE,FALSE,"Peru","Huanuco",FALSE,,,,,,,,
"HUANUCO_01_2020","HUANUCO_01_2020_P132",1,"potato","CIP316360.101","tubers",29.6296296296296,,TRUE,"doi:10.21223/B7HWWH",1332,FALSE,FALSE,"Peru","Huanuco",FALSE,,,,,,,,
"HUANUCO_01_2020","HUANUCO_01_2020_P133",1,"potato","CIP316357.136","tubers",24.4444444444444,,TRUE,"doi:10.21223/B7HWWH",1333,FALSE,FALSE,"Peru","Huanuco",FALSE,,,,,,,,
"HUANUCO_01_2020","HUANUCO_01_2020_P134",1,"potato","CIP316352.182","tubers",37.962962962963,,TRUE,"doi:10.21223/B7HWWH",1334,FALSE,FALSE,"Peru","Huanuco",FALSE,,,,,,,,
"HUANUCO_01_2020","HUANUCO_01_2020_P135",1,"potato","CIP316361.158","tubers",30.7407407407407,,TRUE,"doi:10.21223/B7HWWH",1335,FALSE,FALSE,"Peru","Huanuco",FALSE,,,,,,,,
"HUANUCO_01_2020","HUANUCO_01_2020_P136",1,"potato","CIP316354.179","tubers",29.2592592592593,,TRUE,"doi:10.21223/B7HWWH",1336,FALSE,FALSE,"Peru","Huanuco",FALSE,,,,,,,,
"HUANUCO_01_2020","HUANUCO_01_2020_P137",1,"potato","Kory","tubers",35.5555555555556,,TRUE,"doi:10.21223/B7HWWH",1337,FALSE,FALSE,"Peru","Huanuco",FALSE,,,,,,,,
"HUANUCO_01_2020","HUANUCO_01_2020_P138",1,"potato","Yungay","tubers",3.7037037037037,,TRUE,"doi:10.21223/B7HWWH",1338,FALSE,FALSE,"Peru","Huanuco",FALSE,,,,,,,,
"HUANUCO_01_2020","HUANUCO_01_2020_P139",1,"potato","CIP316353.109","tubers",24.4444444444444,,TRUE,"doi:10.21223/B7HWWH",1339,FALSE,FALSE,"Peru","Huanuco",FALSE,,,,,,,,
"HUANUCO_01_2020","HUANUCO_01_2020_P140",1,"potato","CIP316367.139","tubers",24.2592592592593,,TRUE,"doi:10.21223/B7HWWH",1340,FALSE,FALSE,"Peru","Huanuco",FALSE,,,,,,,,
"HUANUCO_01_2020","HUANUCO_01_2020_P141",1,"potato","CIP316357.216","tubers",37.2222222222222,,TRUE,"doi:10.21223/B7HWWH",1341,FALSE,FALSE,"Peru","Huanuco",FALSE,,,,,,,,
"HUANUCO_01_2020","HUANUCO_01_2020_P142",1,"potato","CIP316384.215","tubers",37.2222222222222,,TRUE,"doi:10.21223/B7HWWH",1342,FALSE,FALSE,"Peru","Huanuco",FALSE,,,,,,,,
"HUANUCO_01_2020","HUANUCO_01_2020_P143",1,"potato","CIP316357.208","tubers",34.6296296296296,,TRUE,"doi:10.21223/B7HWWH",1343,FALSE,FALSE,"Peru","Huanuco",FALSE,,,,,,,,
"HUANUCO_01_2020","HUANUCO_01_2020_P144",1,"potato","CIP316360.149","tubers",36.4074074074074,,TRUE,"doi:10.21223/B7HWWH",1344,FALSE,FALSE,"Peru","Huanuco",FALSE,,,,,,,,
"HUANUCO_01_2020","HUANUCO_01_2020_P145",1,"potato","CIP398098.570","tubers",41.1111111111111,,TRUE,"doi:10.21223/B7HWWH",1345,FALSE,FALSE,"Peru","Huanuco",FALSE,,,,,,,,
"HUANUCO_01_2020","HUANUCO_01_2020_P146",1,"potato","CIP316348.178","tubers",45.3703703703704,,TRUE,"doi:10.21223/B7HWWH",1346,FALSE,FALSE,"Peru","Huanuco",FALSE,,,,,,,,
"HUANUCO_01_2020","HUANUCO_01_2020_P147",1,"potato","Amarilis","tubers",13.8888888888889,,TRUE,"doi:10.21223/B7HWWH",1347,FALSE,FALSE,"Peru","Huanuco",FALSE,,,,,,,,
"HUANUCO_01_2020","HUANUCO_01_2020_P148",1,"potato","CIP316367.104","tubers",30.5555555555556,,TRUE,"doi:10.21223/B7HWWH",1348,FALSE,FALSE,"Peru","Huanuco",FALSE,,,,,,,,
"HUANUCO_01_2020","HUANUCO_01_2020_P149",1,"potato","CIP317015.435","tubers",34.8148148148148,,TRUE,"doi:10.21223/B7HWWH",1349,FALSE,FALSE,"Peru","Huanuco",FALSE,,,,,,,,
"HUANUCO_01_2020","HUANUCO_01_2020_P150",1,"potato","CIP316363.134","tubers",21.6666666666667,,TRUE,"doi:10.21223/B7HWWH",1350,FALSE,FALSE,"Peru","Huanuco",FALSE,,,,,,,,
"HUANUCO_01_2020","HUANUCO_01_2020_P151",1,"potato","CIP316387.153","tubers",24.4444444444444,,TRUE,"doi:10.21223/B7HWWH",1351,FALSE,FALSE,"Peru","Huanuco",FALSE,,,,,,,,
"HUANUCO_01_2020","HUANUCO_01_2020_P152",1,"potato","CIP316364.130","tubers",23.7037037037037,,TRUE,"doi:10.21223/B7HWWH",1352,FALSE,FALSE,"Peru","Huanuco",FALSE,,,,,,,,
"HUANUCO_01_2020","HUANUCO_01_2020_P153",1,"potato","CIP316390.138","tubers",19.4444444444444,,TRUE,"doi:10.21223/B7HWWH",1353,FALSE,FALSE,"Peru","Huanuco",FALSE,,,,,,,,
"HUANUCO_01_2020","HUANUCO_01_2020_P154",1,"potato","CIP316353.139","tubers",40.1851851851852,,TRUE,"doi:10.21223/B7HWWH",1354,FALSE,FALSE,"Peru","Huanuco",FALSE,,,,,,,,
"HUANUCO_01_2020","HUANUCO_01_2020_P155",1,"potato","CIP316364.140","tubers",50.8148148148148,,TRUE,"doi:10.21223/B7HWWH",1355,FALSE,FALSE,"Peru","Huanuco",FALSE,,,,,,,,
"HUANUCO_01_2020","HUANUCO_01_2020_P156",1,"potato","CIP316367.191","tubers",31.8518518518518,,TRUE,"doi:10.21223/B7HWWH",1356,FALSE,FALSE,"Peru","Huanuco",FALSE,,,,,,,,
"HUANUCO_01_2020","HUANUCO_01_2020_P157",1,"potato","CIP398192.553","tubers",41.2962962962963,,TRUE,"doi:10.21223/B7HWWH",1357,FALSE,FALSE,"Peru","Huanuco",FALSE,,,,,,,,
"HUANUCO_01_2020","HUANUCO_01_2020_P158",1,"potato","Yungay","tubers",13.1481481481481,,TRUE,"doi:10.21223/B7HWWH",1358,FALSE,FALSE,"Peru","Huanuco",FALSE,,,,,,,,
"HUANUCO_01_2020","HUANUCO_01_2020_P159",1,"potato","CIP316360.241","tubers",45.1851851851852,,TRUE,"doi:10.21223/B7HWWH",1359,FALSE,FALSE,"Peru","Huanuco",FALSE,,,,,,,,
"HUANUCO_01_2020","HUANUCO_01_2020_P160",1,"potato","CIP316369.103","tubers",20.7407407407407,,TRUE,"doi:10.21223/B7HWWH",1360,FALSE,FALSE,"Peru","Huanuco",FALSE,,,,,,,,
"HUANUCO_01_2020","HUANUCO_01_2020_P161",1,"potato","CIP317029.434","tubers",34.8148148148148,,TRUE,"doi:10.21223/B7HWWH",1361,FALSE,FALSE,"Peru","Huanuco",FALSE,,,,,,,,
"HUANUCO_01_2020","HUANUCO_01_2020_P162",1,"potato","CIP316390.121","tubers",40.5555555555556,,TRUE,"doi:10.21223/B7HWWH",1362,FALSE,FALSE,"Peru","Huanuco",FALSE,,,,,,,,
"HUANUCO_01_2020","HUANUCO_01_2020_P163",1,"potato","CIP316357.196","tubers",30.9259259259259,,TRUE,"doi:10.21223/B7HWWH",1363,FALSE,FALSE,"Peru","Huanuco",FALSE,,,,,,,,
"HUANUCO_01_2020","HUANUCO_01_2020_P164",1,"potato","CIP316348.172","tubers",25,,TRUE,"doi:10.21223/B7HWWH",1364,FALSE,FALSE,"Peru","Huanuco",FALSE,,,,,,,,
"HUANUCO_01_2020","HUANUCO_01_2020_P165",1,"potato","CIP316353.733","tubers",35.3703703703704,,TRUE,"doi:10.21223/B7HWWH",1365,FALSE,FALSE,"Peru","Huanuco",FALSE,,,,,,,,
"HUANUCO_01_2020","HUANUCO_01_2020_P166",1,"potato","CIP316358.103","tubers",25.7407407407407,,TRUE,"doi:10.21223/B7HWWH",1366,FALSE,FALSE,"Peru","Huanuco",FALSE,,,,,,,,
"HUANUCO_01_2020","HUANUCO_01_2020_P167",1,"potato","CIP316359.213","tubers",31.1111111111111,,TRUE,"doi:10.21223/B7HWWH",1367,FALSE,FALSE,"Peru","Huanuco",FALSE,,,,,,,,
"HUANUCO_01_2020","HUANUCO_01_2020_P168",1,"potato","CIP316360.180","tubers",39.2592592592593,,TRUE,"doi:10.21223/B7HWWH",1368,FALSE,FALSE,"Peru","Huanuco",FALSE,,,,,,,,
"HUANUCO_01_2020","HUANUCO_01_2020_P169",1,"potato","CIP398203.5","tubers",30.1851851851852,,TRUE,"doi:10.21223/B7HWWH",1369,FALSE,FALSE,"Peru","Huanuco",FALSE,,,,,,,,
"HUANUCO_01_2020","HUANUCO_01_2020_P170",1,"potato","Yungay","tubers",3.7037037037037,,TRUE,"doi:10.21223/B7HWWH",1370,FALSE,FALSE,"Peru","Huanuco",FALSE,,,,,,,,
"HUANUCO_01_2020","HUANUCO_01_2020_P171",1,"potato","CIP316361.181","tubers",29.6296296296296,,TRUE,"doi:10.21223/B7HWWH",1371,FALSE,FALSE,"Peru","Huanuco",FALSE,,,,,,,,
"HUANUCO_01_2020","HUANUCO_01_2020_P172",1,"potato","CIP316358.145","tubers",29.2592592592593,,TRUE,"doi:10.21223/B7HWWH",1372,FALSE,FALSE,"Peru","Huanuco",FALSE,,,,,,,,
"HUANUCO_01_2020","HUANUCO_01_2020_P173",1,"potato","CIP316363.115","tubers",22.2222222222222,,TRUE,"doi:10.21223/B7HWWH",1373,FALSE,FALSE,"Peru","Huanuco",FALSE,,,,,,,,
"HUANUCO_01_2020","HUANUCO_01_2020_P174",1,"potato","CIP316358.150","tubers",24.2592592592593,,TRUE,"doi:10.21223/B7HWWH",1374,FALSE,FALSE,"Peru","Huanuco",FALSE,,,,,,,,
"HUANUCO_01_2020","HUANUCO_01_2020_P175",1,"potato","CIP316350.108","tubers",24.3703703703704,,TRUE,"doi:10.21223/B7HWWH",1375,FALSE,FALSE,"Peru","Huanuco",FALSE,,,,,,,,
"HUANUCO_01_2020","HUANUCO_01_2020_P176",1,"potato","CIP316360.229","tubers",41.2962962962963,,TRUE,"doi:10.21223/B7HWWH",1376,FALSE,FALSE,"Peru","Huanuco",FALSE,,,,,,,,
"HUANUCO_01_2020","HUANUCO_01_2020_P177",1,"potato","CIP316353.719","tubers",27.7777777777778,,TRUE,"doi:10.21223/B7HWWH",1377,FALSE,FALSE,"Peru","Huanuco",FALSE,,,,,,,,
"HUANUCO_01_2020","HUANUCO_01_2020_P178",1,"potato","CIP316385.138","tubers",41.2962962962963,,TRUE,"doi:10.21223/B7HWWH",1378,FALSE,FALSE,"Peru","Huanuco",FALSE,,,,,,,,
"HUANUCO_01_2020","HUANUCO_01_2020_P179",1,"potato","Yungay","tubers",11.1111111111111,,TRUE,"doi:10.21223/B7HWWH",1379,FALSE,FALSE,"Peru","Huanuco",FALSE,,,,,,,,
"HUANUCO_01_2020","HUANUCO_01_2020_P180",1,"potato","CIP316359.216","tubers",49.4444444444444,,TRUE,"doi:10.21223/B7HWWH",1380,FALSE,FALSE,"Peru","Huanuco",FALSE,,,,,,,,
"HUANUCO_01_2020","HUANUCO_01_2020_P181",1,"potato","CIP316362.137","tubers",27.4074074074074,,TRUE,"doi:10.21223/B7HWWH",1381,FALSE,FALSE,"Peru","Huanuco",FALSE,,,,,,,,
"HUANUCO_01_2020","HUANUCO_01_2020_P182",1,"potato","CIP317008.407","tubers",31.9259259259259,,TRUE,"doi:10.21223/B7HWWH",1382,FALSE,FALSE,"Peru","Huanuco",FALSE,,,,,,,,
"HUANUCO_01_2020","HUANUCO_01_2020_P183",1,"potato","CIP316355.170","tubers",36.6666666666667,,TRUE,"doi:10.21223/B7HWWH",1383,FALSE,FALSE,"Peru","Huanuco",FALSE,,,,,,,,
"HUANUCO_01_2020","HUANUCO_01_2020_P184",1,"potato","CIP316387.145","tubers",19.6296296296296,,TRUE,"doi:10.21223/B7HWWH",1384,FALSE,FALSE,"Peru","Huanuco",FALSE,,,,,,,,
"HUANUCO_01_2020","HUANUCO_01_2020_P185",1,"potato","CIP316364.136","tubers",22.7777777777778,,TRUE,"doi:10.21223/B7HWWH",1385,FALSE,FALSE,"Peru","Huanuco",FALSE,,,,,,,,
"HUANUCO_01_2020","HUANUCO_01_2020_P186",1,"potato","Yungay","tubers",8.33333333333333,,TRUE,"doi:10.21223/B7HWWH",1386,FALSE,FALSE,"Peru","Huanuco",FALSE,,,,,,,,
"HUANUCO_01_2020","HUANUCO_01_2020_P187",1,"potato","CIP316359.247","tubers",32.6666666666667,,TRUE,"doi:10.21223/B7HWWH",1387,FALSE,FALSE,"Peru","Huanuco",FALSE,,,,,,,,
"HUANUCO_01_2020","HUANUCO_01_2020_P188",1,"potato","CIP316357.110","tubers",35.5925925925926,,TRUE,"doi:10.21223/B7HWWH",1388,FALSE,FALSE,"Peru","Huanuco",FALSE,,,,,,,,
"HUANUCO_01_2020","HUANUCO_01_2020_P189",1,"potato","CIP398208.670","tubers",23.5185185185185,,TRUE,"doi:10.21223/B7HWWH",1389,FALSE,FALSE,"Peru","Huanuco",FALSE,,,,,,,,
"HUANUCO_01_2020","HUANUCO_01_2020_P190",1,"potato","CIP316366.101","tubers",23.7777777777778,,TRUE,"doi:10.21223/B7HWWH",1390,FALSE,FALSE,"Peru","Huanuco",FALSE,,,,,,,,
"HUANUCO_01_2020","HUANUCO_01_2020_P191",1,"potato","CIP316352.118","tubers",35.1851851851852,,TRUE,"doi:10.21223/B7HWWH",1391,FALSE,FALSE,"Peru","Huanuco",FALSE,,,,,,,,
"HUANUCO_01_2020","HUANUCO_01_2020_P192",1,"potato","CIP316390.152","tubers",41.6666666666667,,TRUE,"doi:10.21223/B7HWWH",1392,FALSE,FALSE,"Peru","Huanuco",FALSE,,,,,,,,
"HUANUCO_01_2020","HUANUCO_01_2020_P193",1,"potato","CIP316359.159","tubers",32.962962962963,,TRUE,"doi:10.21223/B7HWWH",1393,FALSE,FALSE,"Peru","Huanuco",FALSE,,,,,,,,
"HUANUCO_01_2020","HUANUCO_01_2020_P194",1,"potato","CIP316363.119","tubers",32.037037037037,,TRUE,"doi:10.21223/B7HWWH",1394,FALSE,FALSE,"Peru","Huanuco",FALSE,,,,,,,,
"HUANUCO_01_2020","HUANUCO_01_2020_P195",1,"potato","CIP316349.116","tubers",35,,TRUE,"doi:10.21223/B7HWWH",1395,FALSE,FALSE,"Peru","Huanuco",FALSE,,,,,,,,
"HUANUCO_01_2020","HUANUCO_01_2020_P196",1,"potato","CIP316348.174","tubers",36.6666666666667,,TRUE,"doi:10.21223/B7HWWH",1396,FALSE,FALSE,"Peru","Huanuco",FALSE,,,,,,,,
"HUANUCO_01_2020","HUANUCO_01_2020_P197",1,"potato","CIP316357.184","tubers",35.1851851851852,,TRUE,"doi:10.21223/B7HWWH",1397,FALSE,FALSE,"Peru","Huanuco",FALSE,,,,,,,,
"HUANUCO_01_2020","HUANUCO_01_2020_P198",1,"potato","CIP316353.149","tubers",37.2222222222222,,TRUE,"doi:10.21223/B7HWWH",1398,FALSE,FALSE,"Peru","Huanuco",FALSE,,,,,,,,
"HUANUCO_01_2020","HUANUCO_01_2020_P199",1,"potato","CIP316390.107","tubers",25.3703703703704,,TRUE,"doi:10.21223/B7HWWH",1399,FALSE,FALSE,"Peru","Huanuco",FALSE,,,,,,,,
"HUANUCO_01_2020","HUANUCO_01_2020_P200",1,"potato","CIP316375.183","tubers",25.7407407407407,,TRUE,"doi:10.21223/B7HWWH",1400,FALSE,FALSE,"Peru","Huanuco",FALSE,,,,,,,,
"HUANUCO_01_2020","HUANUCO_01_2020_P201",1,"potato","Kory","tubers",40.3703703703704,,TRUE,"doi:10.21223/B7HWWH",1401,FALSE,FALSE,"Peru","Huanuco",FALSE,,,,,,,,
"HUANUCO_01_2020","HUANUCO_01_2020_P202",1,"potato","CIP316391.146","tubers",25,,TRUE,"doi:10.21223/B7HWWH",1402,FALSE,FALSE,"Peru","Huanuco",FALSE,,,,,,,,
"HUANUCO_01_2020","HUANUCO_01_2020_P203",1,"potato","CIP302534.1","tubers",29.2592592592593,,TRUE,"doi:10.21223/B7HWWH",1403,FALSE,FALSE,"Peru","Huanuco",FALSE,,,,,,,,
"HUANUCO_01_2020","HUANUCO_01_2020_P204",1,"potato","CIP316348.239","tubers",22.5925925925926,,TRUE,"doi:10.21223/B7HWWH",1404,FALSE,FALSE,"Peru","Huanuco",FALSE,,,,,,,,
"HUANUCO_01_2020","HUANUCO_01_2020_P205",1,"potato","CIP316358.174","tubers",36.1111111111111,,TRUE,"doi:10.21223/B7HWWH",1405,FALSE,FALSE,"Peru","Huanuco",FALSE,,,,,,,,
"HUANUCO_01_2020","HUANUCO_01_2020_P206",1,"potato","Yungay","tubers",12.962962962963,,TRUE,"doi:10.21223/B7HWWH",1406,FALSE,FALSE,"Peru","Huanuco",FALSE,,,,,,,,
"HUANUCO_01_2020","HUANUCO_01_2020_P207",1,"potato","CIP316363.157","tubers",30.3703703703704,,TRUE,"doi:10.21223/B7HWWH",1407,FALSE,FALSE,"Peru","Huanuco",FALSE,,,,,,,,
"HUANUCO_01_2020","HUANUCO_01_2020_P208",1,"potato","CIP316359.171","tubers",26.2962962962963,,TRUE,"doi:10.21223/B7HWWH",1408,FALSE,FALSE,"Peru","Huanuco",FALSE,,,,,,,,
"HUANUCO_01_2020","HUANUCO_01_2020_P209",1,"potato","CIP316390.126","tubers",22.2222222222222,,TRUE,"doi:10.21223/B7HWWH",1409,FALSE,FALSE,"Peru","Huanuco",FALSE,,,,,,,,
"HUANUCO_01_2020","HUANUCO_01_2020_P210",1,"potato","CIP316389.142","tubers",31.1111111111111,,TRUE,"doi:10.21223/B7HWWH",1410,FALSE,FALSE,"Peru","Huanuco",FALSE,,,,,,,,
"HUANUCO_01_2020","HUANUCO_01_2020_P211",1,"potato","CIP316382.153","tubers",22.962962962963,,TRUE,"doi:10.21223/B7HWWH",1411,FALSE,FALSE,"Peru","Huanuco",FALSE,,,,,,,,
"HUANUCO_01_2020","HUANUCO_01_2020_P212",1,"potato","CIP316361.126","tubers",22.7777777777778,,TRUE,"doi:10.21223/B7HWWH",1412,FALSE,FALSE,"Peru","Huanuco",FALSE,,,,,,,,
"HUANUCO_01_2020","HUANUCO_01_2020_P213",1,"potato","CIP316371.139","tubers",38.8888888888889,,TRUE,"doi:10.21223/B7HWWH",1413,FALSE,FALSE,"Peru","Huanuco",FALSE,,,,,,,,
"HUANUCO_01_2020","HUANUCO_01_2020_P214",1,"potato","CIP316359.133","tubers",37.4074074074074,,TRUE,"doi:10.21223/B7HWWH",1414,FALSE,FALSE,"Peru","Huanuco",FALSE,,,,,,,,
"HUANUCO_01_2020","HUANUCO_01_2020_P215",1,"potato","CIP316378.167","tubers",23.3333333333333,,TRUE,"doi:10.21223/B7HWWH",1415,FALSE,FALSE,"Peru","Huanuco",FALSE,,,,,,,,
"HUANUCO_01_2020","HUANUCO_01_2020_P216",1,"potato","CIP316359.165","tubers",27.037037037037,,TRUE,"doi:10.21223/B7HWWH",1416,FALSE,FALSE,"Peru","Huanuco",FALSE,,,,,,,,
"HUANUCO_01_2020","HUANUCO_01_2020_P217",1,"potato","CIP316353.169","tubers",33.7037037037037,,TRUE,"doi:10.21223/B7HWWH",1417,FALSE,FALSE,"Peru","Huanuco",FALSE,,,,,,,,
"HUANUCO_01_2020","HUANUCO_01_2020_P218",1,"potato","CIP316354.137","tubers",33.7037037037037,,TRUE,"doi:10.21223/B7HWWH",1418,FALSE,FALSE,"Peru","Huanuco",FALSE,,,,,,,,
"HUANUCO_01_2020","HUANUCO_01_2020_P219",1,"potato","CIP316352.166","tubers",36.2962962962963,,TRUE,"doi:10.21223/B7HWWH",1419,FALSE,FALSE,"Peru","Huanuco",FALSE,,,,,,,,
"HUANUCO_01_2020","HUANUCO_01_2020_P220",1,"potato","CIP316358.113","tubers",34.8148148148148,,TRUE,"doi:10.21223/B7HWWH",1420,FALSE,FALSE,"Peru","Huanuco",FALSE,,,,,,,,
"HUANUCO_01_2020","HUANUCO_01_2020_P221",1,"potato","CIP316354.123","tubers",20.1851851851852,,TRUE,"doi:10.21223/B7HWWH",1421,FALSE,FALSE,"Peru","Huanuco",FALSE,,,,,,,,
"HUANUCO_01_2020","HUANUCO_01_2020_P222",1,"potato","CIP316386.106","tubers",20,,TRUE,"doi:10.21223/B7HWWH",1422,FALSE,FALSE,"Peru","Huanuco",FALSE,,,,,,,,
"HUANUCO_01_2020","HUANUCO_01_2020_P223",1,"potato","CIP316360.117","tubers",28.8888888888889,,TRUE,"doi:10.21223/B7HWWH",1423,FALSE,FALSE,"Peru","Huanuco",FALSE,,,,,,,,
"HUANUCO_01_2020","HUANUCO_01_2020_P224",1,"potato","CIP302531.43","tubers",33.7037037037037,,TRUE,"doi:10.21223/B7HWWH",1424,FALSE,FALSE,"Peru","Huanuco",FALSE,,,,,,,,
"HUANUCO_01_2020","HUANUCO_01_2020_P225",1,"potato","CIP316366.148","tubers",31.8518518518518,,TRUE,"doi:10.21223/B7HWWH",1425,FALSE,FALSE,"Peru","Huanuco",FALSE,,,,,,,,
"HUANUCO_01_2020","HUANUCO_01_2020_P226",1,"potato","CIP316354.154","tubers",41.6666666666667,,TRUE,"doi:10.21223/B7HWWH",1426,FALSE,FALSE,"Peru","Huanuco",FALSE,,,,,,,,
"HUANUCO_01_2020","HUANUCO_01_2020_P227",1,"potato","CIP316377.127","tubers",28.8888888888889,,TRUE,"doi:10.21223/B7HWWH",1427,FALSE,FALSE,"Peru","Huanuco",FALSE,,,,,,,,
"HUANUCO_01_2020","HUANUCO_01_2020_P228",1,"potato","CIP317017.85","tubers",13.3333333333333,,TRUE,"doi:10.21223/B7HWWH",1428,FALSE,FALSE,"Peru","Huanuco",FALSE,,,,,,,,
"HUANUCO_01_2020","HUANUCO_01_2020_P229",1,"potato","Amarilis","tubers",14.8888888888889,,TRUE,"doi:10.21223/B7HWWH",1429,FALSE,FALSE,"Peru","Huanuco",FALSE,,,,,,,,
"HUANUCO_01_2020","HUANUCO_01_2020_P230",1,"potato","CIP316353.432","tubers",30.0740740740741,,TRUE,"doi:10.21223/B7HWWH",1430,FALSE,FALSE,"Peru","Huanuco",FALSE,,,,,,,,
"HUANUCO_01_2020","HUANUCO_01_2020_P231",1,"potato","CIP316367.151","tubers",28.1481481481481,,TRUE,"doi:10.21223/B7HWWH",1431,FALSE,FALSE,"Peru","Huanuco",FALSE,,,,,,,,
"HUANUCO_01_2020","HUANUCO_01_2020_P232",1,"potato","CIP317015.434","tubers",30.6666666666667,,TRUE,"doi:10.21223/B7HWWH",1432,FALSE,FALSE,"Peru","Huanuco",FALSE,,,,,,,,
"HUANUCO_01_2020","HUANUCO_01_2020_P233",1,"potato","CIP316345.241","tubers",28.3333333333333,,TRUE,"doi:10.21223/B7HWWH",1433,FALSE,FALSE,"Peru","Huanuco",FALSE,,,,,,,,
"HUANUCO_01_2020","HUANUCO_01_2020_P234",1,"potato","CIP316349.189","tubers",40,,TRUE,"doi:10.21223/B7HWWH",1434,FALSE,FALSE,"Peru","Huanuco",FALSE,,,,,,,,
"HUANUCO_01_2020","HUANUCO_01_2020_P235",1,"potato","Kory","tubers",42.5925925925926,,TRUE,"doi:10.21223/B7HWWH",1435,FALSE,FALSE,"Peru","Huanuco",FALSE,,,,,,,,
"HUANUCO_01_2020","HUANUCO_01_2020_P236",1,"potato","Amarilis","tubers",15.5555555555556,,TRUE,"doi:10.21223/B7HWWH",1436,FALSE,FALSE,"Peru","Huanuco",FALSE,,,,,,,,
"HUANUCO_01_2020","HUANUCO_01_2020_P237",1,"potato","CIP316382.109","tubers",39.2592592592593,,TRUE,"doi:10.21223/B7HWWH",1437,FALSE,FALSE,"Peru","Huanuco",FALSE,,,,,,,,
"HUANUCO_01_2020","HUANUCO_01_2020_P238",1,"potato","CIP316389.108","tubers",39.2592592592593,,TRUE,"doi:10.21223/B7HWWH",1438,FALSE,FALSE,"Peru","Huanuco",FALSE,,,,,,,,
"HUANUCO_01_2020","HUANUCO_01_2020_P239",1,"potato","CIP316389.111","tubers",39.8148148148148,,TRUE,"doi:10.21223/B7HWWH",1439,FALSE,FALSE,"Peru","Huanuco",FALSE,,,,,,,,
"HUANUCO_01_2020","HUANUCO_01_2020_P240",1,"potato","Yungay","tubers",6.66666666666667,,TRUE,"doi:10.21223/B7HWWH",1440,FALSE,FALSE,"Peru","Huanuco",FALSE,,,,,,,,
"HUANUCO_01_2020","HUANUCO_01_2020_P241",1,"potato","CIP316367.148","tubers",54.6296296296296,,TRUE,"doi:10.21223/B7HWWH",1441,FALSE,FALSE,"Peru","Huanuco",FALSE,,,,,,,,
"HUANUCO_01_2020","HUANUCO_01_2020_P242",1,"potato","CIP316365.166","tubers",34.8148148148148,,TRUE,"doi:10.21223/B7HWWH",1442,FALSE,FALSE,"Peru","Huanuco",FALSE,,,,,,,,
"HUANUCO_01_2020","HUANUCO_01_2020_P243",1,"potato","CIP316357.160","tubers",43.5185185185185,,TRUE,"doi:10.21223/B7HWWH",1443,FALSE,FALSE,"Peru","Huanuco",FALSE,,,,,,,,
"HUANUCO_01_2020","HUANUCO_01_2020_P244",1,"potato","CIP398208.505","tubers",31.1111111111111,,TRUE,"doi:10.21223/B7HWWH",1444,FALSE,FALSE,"Peru","Huanuco",FALSE,,,,,,,,
"HUANUCO_01_2020","HUANUCO_01_2020_P245",1,"potato","CIP316365.158","tubers",38.7037037037037,,TRUE,"doi:10.21223/B7HWWH",1445,FALSE,FALSE,"Peru","Huanuco",FALSE,,,,,,,,
"HUANUCO_01_2020","HUANUCO_01_2020_P246",1,"potato","CIP316358.126","tubers",29.6296296296296,,TRUE,"doi:10.21223/B7HWWH",1446,FALSE,FALSE,"Peru","Huanuco",FALSE,,,,,,,,
"HUANUCO_01_2020","HUANUCO_01_2020_P247",1,"potato","CIP316358.177","tubers",30.5555555555556,,TRUE,"doi:10.21223/B7HWWH",1447,FALSE,FALSE,"Peru","Huanuco",FALSE,,,,,,,,
"HUANUCO_01_2020","HUANUCO_01_2020_P248",1,"potato","Amarilis","tubers",29.6296296296296,,TRUE,"doi:10.21223/B7HWWH",1448,FALSE,FALSE,"Peru","Huanuco",FALSE,,,,,,,,
"HUANUCO_01_2020","HUANUCO_01_2020_P249",1,"potato","CIP316353.101","tubers",39.8148148148148,,TRUE,"doi:10.21223/B7HWWH",1449,FALSE,FALSE,"Peru","Huanuco",FALSE,,,,,,,,
"HUANUCO_01_2020","HUANUCO_01_2020_P250",1,"potato","CIP316373.149","tubers",31.2962962962963,,TRUE,"doi:10.21223/B7HWWH",1450,FALSE,FALSE,"Peru","Huanuco",FALSE,,,,,,,,
"HUANUCO_01_2020","HUANUCO_01_2020_P251",1,"potato","Yungay","tubers",9.07407407407407,,TRUE,"doi:10.21223/B7HWWH",1451,FALSE,FALSE,"Peru","Huanuco",FALSE,,,,,,,,
"HUANUCO_01_2020","HUANUCO_01_2020_P252",1,"potato","CIP316378.162","tubers",23.8888888888889,,TRUE,"doi:10.21223/B7HWWH",1452,FALSE,FALSE,"Peru","Huanuco",FALSE,,,,,,,,
"HUANUCO_01_2020","HUANUCO_01_2020_P253",1,"potato","CIP316351.134","tubers",27.2222222222222,,TRUE,"doi:10.21223/B7HWWH",1453,FALSE,FALSE,"Peru","Huanuco",FALSE,,,,,,,,
"HUANUCO_01_2020","HUANUCO_01_2020_P254",1,"potato","CIP316363.174","tubers",29.0740740740741,,TRUE,"doi:10.21223/B7HWWH",1454,FALSE,FALSE,"Peru","Huanuco",FALSE,,,,,,,,
"HUANUCO_01_2020","HUANUCO_01_2020_P255",1,"potato","CIP316365.140","tubers",37.4074074074074,,TRUE,"doi:10.21223/B7HWWH",1455,FALSE,FALSE,"Peru","Huanuco",FALSE,,,,,,,,
"HUANUCO_01_2020","HUANUCO_01_2020_P256",1,"potato","CIP316392.137","tubers",39.6296296296296,,TRUE,"doi:10.21223/B7HWWH",1456,FALSE,FALSE,"Peru","Huanuco",FALSE,,,,,,,,
"HUANUCO_01_2020","HUANUCO_01_2020_P257",1,"potato","Amarilis","tubers",21.1111111111111,,TRUE,"doi:10.21223/B7HWWH",1457,FALSE,FALSE,"Peru","Huanuco",FALSE,,,,,,,,
"HUANUCO_01_2020","HUANUCO_01_2020_P258",1,"potato","CIP317017.59","tubers",15.3703703703704,,TRUE,"doi:10.21223/B7HWWH",1458,FALSE,FALSE,"Peru","Huanuco",FALSE,,,,,,,,
"HUANUCO_01_2020","HUANUCO_01_2020_P259",1,"potato","CIP316352.152","tubers",48.3703703703704,,TRUE,"doi:10.21223/B7HWWH",1459,FALSE,FALSE,"Peru","Huanuco",FALSE,,,,,,,,
"HUANUCO_01_2020","HUANUCO_01_2020_P260",1,"potato","CIP316387.223","tubers",44.6296296296296,,TRUE,"doi:10.21223/B7HWWH",1460,FALSE,FALSE,"Peru","Huanuco",FALSE,,,,,,,,
"HUANUCO_01_2020","HUANUCO_01_2020_P261",1,"potato","CIP317028.494","tubers",20,,TRUE,"doi:10.21223/B7HWWH",1461,FALSE,FALSE,"Peru","Huanuco",FALSE,,,,,,,,
"HUANUCO_01_2020","HUANUCO_01_2020_P262",1,"potato","CIP316358.182","tubers",42.5925925925926,,TRUE,"doi:10.21223/B7HWWH",1462,FALSE,FALSE,"Peru","Huanuco",FALSE,,,,,,,,
"HUANUCO_01_2020","HUANUCO_01_2020_P263",1,"potato","CIP316377.169","tubers",32.2222222222222,,TRUE,"doi:10.21223/B7HWWH",1463,FALSE,FALSE,"Peru","Huanuco",FALSE,,,,,,,,
"HUANUCO_01_2020","HUANUCO_01_2020_P264",1,"potato","CIP316360.187","tubers",24.8148148148148,,TRUE,"doi:10.21223/B7HWWH",1464,FALSE,FALSE,"Peru","Huanuco",FALSE,,,,,,,,
"HUANUCO_01_2020","HUANUCO_01_2020_P265",1,"potato","Kory","tubers",42.7777777777778,,TRUE,"doi:10.21223/B7HWWH",1465,FALSE,FALSE,"Peru","Huanuco",FALSE,,,,,,,,
"HUANUCO_01_2020","HUANUCO_01_2020_P266",1,"potato","CIP316360.230","tubers",35.9259259259259,,TRUE,"doi:10.21223/B7HWWH",1466,FALSE,FALSE,"Peru","Huanuco",FALSE,,,,,,,,
"HUANUCO_01_2020","HUANUCO_01_2020_P267",1,"potato","CIP316348.244","tubers",19.4444444444444,,TRUE,"doi:10.21223/B7HWWH",1467,FALSE,FALSE,"Peru","Huanuco",FALSE,,,,,,,,
"HUANUCO_01_2020","HUANUCO_01_2020_P268",1,"potato","CIP316345.714","tubers",22.2222222222222,,TRUE,"doi:10.21223/B7HWWH",1468,FALSE,FALSE,"Peru","Huanuco",FALSE,,,,,,,,
"HUANUCO_01_2020","HUANUCO_01_2020_P269",1,"potato","CIP316359.119","tubers",37.7777777777778,,TRUE,"doi:10.21223/B7HWWH",1469,FALSE,FALSE,"Peru","Huanuco",FALSE,,,,,,,,
"HUANUCO_01_2020","HUANUCO_01_2020_P270",1,"potato","CIP316360.177","tubers",25.9259259259259,,TRUE,"doi:10.21223/B7HWWH",1470,FALSE,FALSE,"Peru","Huanuco",FALSE,,,,,,,,
"HUANUCO_01_2020","HUANUCO_01_2020_P271",1,"potato","CIP316360.211","tubers",29.0740740740741,,TRUE,"doi:10.21223/B7HWWH",1471,FALSE,FALSE,"Peru","Huanuco",FALSE,,,,,,,,
"HUANUCO_01_2020","HUANUCO_01_2020_P272",1,"potato","Kory","tubers",39.6296296296296,,TRUE,"doi:10.21223/B7HWWH",1472,FALSE,FALSE,"Peru","Huanuco",FALSE,,,,,,,,
"HUANUCO_01_2020","HUANUCO_01_2020_P273",1,"potato","CIP316385.118","tubers",18.5185185185185,,TRUE,"doi:10.21223/B7HWWH",1473,FALSE,FALSE,"Peru","Huanuco",FALSE,,,,,,,,
"HUANUCO_01_2020","HUANUCO_01_2020_P274",1,"potato","CIP316370.130","tubers",44.4444444444444,,TRUE,"doi:10.21223/B7HWWH",1474,FALSE,FALSE,"Peru","Huanuco",FALSE,,,,,,,,
"HUANUCO_01_2020","HUANUCO_01_2020_P275",1,"potato","CIP316346.204","tubers",32.4074074074074,,TRUE,"doi:10.21223/B7HWWH",1475,FALSE,FALSE,"Peru","Huanuco",FALSE,,,,,,,,
"HUANUCO_01_2020","HUANUCO_01_2020_P276",1,"potato","CIP316345.726","tubers",21.8518518518519,,TRUE,"doi:10.21223/B7HWWH",1476,FALSE,FALSE,"Peru","Huanuco",FALSE,,,,,,,,
"HUANUCO_01_2020","HUANUCO_01_2020_P277",1,"potato","`","tubers",43.5185185185185,,TRUE,"doi:10.21223/B7HWWH",1477,FALSE,FALSE,"Peru","Huanuco",FALSE,,,,,,,,
"HUANUCO_01_2020","HUANUCO_01_2020_P278",1,"potato","CIP316345.245","tubers",45.3703703703704,,TRUE,"doi:10.21223/B7HWWH",1478,FALSE,FALSE,"Peru","Huanuco",FALSE,,,,,,,,
"HUANUCO_01_2020","HUANUCO_01_2020_P279",1,"potato","CIP316361.227","tubers",28.1481481481481,,TRUE,"doi:10.21223/B7HWWH",1479,FALSE,FALSE,"Peru","Huanuco",FALSE,,,,,,,,
"HUANUCO_01_2020","HUANUCO_01_2020_P280",1,"potato","CIP398180.289","tubers",22.7777777777778,,TRUE,"doi:10.21223/B7HWWH",1480,FALSE,FALSE,"Peru","Huanuco",FALSE,,,,,,,,
"HUANUCO_01_2020","HUANUCO_01_2020_P281",1,"potato","CIP316358.230","tubers",25.5555555555556,,TRUE,"doi:10.21223/B7HWWH",1481,FALSE,FALSE,"Peru","Huanuco",FALSE,,,,,,,,
"HUANUCO_01_2020","HUANUCO_01_2020_P282",1,"potato","CIP316345.168","tubers",23.8888888888889,,TRUE,"doi:10.21223/B7HWWH",1482,FALSE,FALSE,"Peru","Huanuco",FALSE,,,,,,,,
"HUANUCO_01_2020","HUANUCO_01_2020_P283",1,"potato","CIP317015.472","tubers",40.9259259259259,,TRUE,"doi:10.21223/B7HWWH",1483,FALSE,FALSE,"Peru","Huanuco",FALSE,,,,,,,,
"HUANUCO_01_2020","HUANUCO_01_2020_P284",1,"potato","CIP316387.198","tubers",30.3703703703704,,TRUE,"doi:10.21223/B7HWWH",1484,FALSE,FALSE,"Peru","Huanuco",FALSE,,,,,,,,
"HUANUCO_01_2020","HUANUCO_01_2020_P285",1,"potato","CIP316384.227","tubers",25.3703703703704,,TRUE,"doi:10.21223/B7HWWH",1485,FALSE,FALSE,"Peru","Huanuco",FALSE,,,,,,,,
"HUANUCO_01_2020","HUANUCO_01_2020_P286",1,"potato","CIP317028.499","tubers",21.2962962962963,,TRUE,"doi:10.21223/B7HWWH",1486,FALSE,FALSE,"Peru","Huanuco",FALSE,,,,,,,,
"HUANUCO_01_2020","HUANUCO_01_2020_P287",1,"potato","Yungay","tubers",2.77777777777778,,TRUE,"doi:10.21223/B7HWWH",1487,FALSE,FALSE,"Peru","Huanuco",FALSE,,,,,,,,
"HUANUCO_01_2020","HUANUCO_01_2020_P288",1,"potato","CIP316344.154","tubers",40.5555555555556,,TRUE,"doi:10.21223/B7HWWH",1488,FALSE,FALSE,"Peru","Huanuco",FALSE,,,,,,,,
"HUANUCO_01_2020","HUANUCO_01_2020_P289",1,"potato","CIP316371.183","tubers",29.8148148148148,,TRUE,"doi:10.21223/B7HWWH",1489,FALSE,FALSE,"Peru","Huanuco",FALSE,,,,,,,,
"HUANUCO_01_2020","HUANUCO_01_2020_P290",1,"potato","CIP316357.206","tubers",51.1111111111111,,TRUE,"doi:10.21223/B7HWWH",1490,FALSE,FALSE,"Peru","Huanuco",FALSE,,,,,,,,
"HUANUCO_01_2020","HUANUCO_01_2020_P291",1,"potato","CIP316367.140","tubers",36.6666666666667,,TRUE,"doi:10.21223/B7HWWH",1491,FALSE,FALSE,"Peru","Huanuco",FALSE,,,,,,,,
"HUANUCO_01_2020","HUANUCO_01_2020_P292",1,"potato","CIP316376.106","tubers",22.037037037037,,TRUE,"doi:10.21223/B7HWWH",1492,FALSE,FALSE,"Peru","Huanuco",FALSE,,,,,,,,
"HUANUCO_01_2020","HUANUCO_01_2020_P293",1,"potato","Yungay","tubers",7.77777777777778,,TRUE,"doi:10.21223/B7HWWH",1493,FALSE,FALSE,"Peru","Huanuco",FALSE,,,,,,,,
"HUANUCO_01_2020","HUANUCO_01_2020_P294",1,"potato","Yungay","tubers",3.33333333333333,,TRUE,"doi:10.21223/B7HWWH",1494,FALSE,FALSE,"Peru","Huanuco",FALSE,,,,,,,,
"HUANUCO_01_2020","HUANUCO_01_2020_P295",1,"potato","CIP316367.174","tubers",38.5185185185185,,TRUE,"doi:10.21223/B7HWWH",1495,FALSE,FALSE,"Peru","Huanuco",FALSE,,,,,,,,
"HUANUCO_01_2020","HUANUCO_01_2020_P296",1,"potato","CIP317015.408","tubers",9.44444444444444,,TRUE,"doi:10.21223/B7HWWH",1496,FALSE,FALSE,"Peru","Huanuco",FALSE,,,,,,,,
"HUANUCO_01_2020","HUANUCO_01_2020_P297",1,"potato","CIP316385.178","tubers",34.0740740740741,,TRUE,"doi:10.21223/B7HWWH",1497,FALSE,FALSE,"Peru","Huanuco",FALSE,,,,,,,,
"HUANUCO_01_2020","HUANUCO_01_2020_P298",1,"potato","CIP316350.145","tubers",33.8888888888889,,TRUE,"doi:10.21223/B7HWWH",1498,FALSE,FALSE,"Peru","Huanuco",FALSE,,,,,,,,
"HUANUCO_01_2020","HUANUCO_01_2020_P299",1,"potato","CIP316386.168","tubers",45.1851851851852,,TRUE,"doi:10.21223/B7HWWH",1499,FALSE,FALSE,"Peru","Huanuco",FALSE,,,,,,,,
"HUANUCO_01_2020","HUANUCO_01_2020_P300",1,"potato","CIP316355.161","tubers",28.5185185185185,,TRUE,"doi:10.21223/B7HWWH",1500,FALSE,FALSE,"Peru","Huanuco",FALSE,,,,,,,,
"HUANUCO_01_2020","HUANUCO_01_2020_P301",1,"potato","CIP316360.155","tubers",19.6296296296296,,TRUE,"doi:10.21223/B7HWWH",1501,FALSE,FALSE,"Peru","Huanuco",FALSE,,,,,,,,
"HUANUCO_01_2020","HUANUCO_01_2020_P302",1,"potato","Kory","tubers",28.7037037037037,,TRUE,"doi:10.21223/B7HWWH",1502,FALSE,FALSE,"Peru","Huanuco",FALSE,,,,,,,,
"HUANUCO_01_2020","HUANUCO_01_2020_P303",1,"potato","CIP316363.167","tubers",24.4444444444444,,TRUE,"doi:10.21223/B7HWWH",1503,FALSE,FALSE,"Peru","Huanuco",FALSE,,,,,,,,
"HUANUCO_01_2020","HUANUCO_01_2020_P304",1,"potato","CIP316360.240","tubers",15.7407407407407,,TRUE,"doi:10.21223/B7HWWH",1504,FALSE,FALSE,"Peru","Huanuco",FALSE,,,,,,,,
"HUANUCO_01_2020","HUANUCO_01_2020_P305",1,"potato","CIP316382.149","tubers",28.5185185185185,,TRUE,"doi:10.21223/B7HWWH",1505,FALSE,FALSE,"Peru","Huanuco",FALSE,,,,,,,,
"HUANUCO_01_2020","HUANUCO_01_2020_P306",1,"potato","CIP316353.136","tubers",32.962962962963,,TRUE,"doi:10.21223/B7HWWH",1506,FALSE,FALSE,"Peru","Huanuco",FALSE,,,,,,,,
"HUANUCO_01_2020","HUANUCO_01_2020_P307",1,"potato","Yungay","tubers",15.5555555555556,,TRUE,"doi:10.21223/B7HWWH",1507,FALSE,FALSE,"Peru","Huanuco",FALSE,,,,,,,,
"HUANUCO_01_2020","HUANUCO_01_2020_P308",1,"potato","CIP316385.149","tubers",31.4814814814815,,TRUE,"doi:10.21223/B7HWWH",1508,FALSE,FALSE,"Peru","Huanuco",FALSE,,,,,,,,
"HUANUCO_01_2020","HUANUCO_01_2020_P309",1,"potato","CIP316361.173","tubers",25.9259259259259,,TRUE,"doi:10.21223/B7HWWH",1509,FALSE,FALSE,"Peru","Huanuco",FALSE,,,,,,,,
"HUANUCO_01_2020","HUANUCO_01_2020_P310",1,"potato","CIP317011.121","tubers",25,,TRUE,"doi:10.21223/B7HWWH",1510,FALSE,FALSE,"Peru","Huanuco",FALSE,,,,,,,,
"HUANUCO_01_2020","HUANUCO_01_2020_P311",1,"potato","CIP316367.117","tubers",50.962962962963,,TRUE,"doi:10.21223/B7HWWH",1511,FALSE,FALSE,"Peru","Huanuco",FALSE,,,,,,,,
"HUANUCO_01_2020","HUANUCO_01_2020_P312",1,"potato","CIP316359.158","tubers",23.3333333333333,,TRUE,"doi:10.21223/B7HWWH",1512,FALSE,FALSE,"Peru","Huanuco",FALSE,,,,,,,,
"HUANUCO_01_2020","HUANUCO_01_2020_P313",1,"potato","CIP316361.231","tubers",42.962962962963,,TRUE,"doi:10.21223/B7HWWH",1513,FALSE,FALSE,"Peru","Huanuco",FALSE,,,,,,,,
"HUANUCO_01_2020","HUANUCO_01_2020_P314",1,"potato","CIP316385.237","tubers",19.4444444444444,,TRUE,"doi:10.21223/B7HWWH",1514,FALSE,FALSE,"Peru","Huanuco",FALSE,,,,,,,,
"HUANUCO_01_2020","HUANUCO_01_2020_P315",1,"potato","CIP316359.124","tubers",26.1111111111111,,TRUE,"doi:10.21223/B7HWWH",1515,FALSE,FALSE,"Peru","Huanuco",FALSE,,,,,,,,
"HUANUCO_01_2020","HUANUCO_01_2020_P316",1,"potato","CIP316384.110","tubers",36.2962962962963,,TRUE,"doi:10.21223/B7HWWH",1516,FALSE,FALSE,"Peru","Huanuco",FALSE,,,,,,,,
"HUANUCO_01_2020","HUANUCO_01_2020_P317",1,"potato","CIP316353.514","tubers",20.7407407407407,,TRUE,"doi:10.21223/B7HWWH",1517,FALSE,FALSE,"Peru","Huanuco",FALSE,,,,,,,,
"HUANUCO_01_2020","HUANUCO_01_2020_P318",1,"potato","CIP302533.49","tubers",33.3333333333333,,TRUE,"doi:10.21223/B7HWWH",1518,FALSE,FALSE,"Peru","Huanuco",FALSE,,,,,,,,
"HUANUCO_01_2020","HUANUCO_01_2020_P319",1,"potato","CIP316356.162","tubers",34.4444444444444,,TRUE,"doi:10.21223/B7HWWH",1519,FALSE,FALSE,"Peru","Huanuco",FALSE,,,,,,,,
"HUANUCO_01_2020","HUANUCO_01_2020_P320",1,"potato","CIP316373.198","tubers",41.2962962962963,,TRUE,"doi:10.21223/B7HWWH",1520,FALSE,FALSE,"Peru","Huanuco",FALSE,,,,,,,,
"HUANUCO_01_2020","HUANUCO_01_2020_P321",1,"potato","CIP316363.111","tubers",28.7037037037037,,TRUE,"doi:10.21223/B7HWWH",1521,FALSE,FALSE,"Peru","Huanuco",FALSE,,,,,,,,
"HUANUCO_01_2020","HUANUCO_01_2020_P322",1,"potato","CIP316363.176","tubers",23.5185185185185,,TRUE,"doi:10.21223/B7HWWH",1522,FALSE,FALSE,"Peru","Huanuco",FALSE,,,,,,,,
"HUANUCO_01_2020","HUANUCO_01_2020_P323",1,"potato","CIP316344.106","tubers",21.4814814814815,,TRUE,"doi:10.21223/B7HWWH",1523,FALSE,FALSE,"Peru","Huanuco",FALSE,,,,,,,,
"HUANUCO_01_2020","HUANUCO_01_2020_P324",1,"potato","Amarilis","tubers",22.4074074074074,,TRUE,"doi:10.21223/B7HWWH",1524,FALSE,FALSE,"Peru","Huanuco",FALSE,,,,,,,,
"HUANUCO_01_2020","HUANUCO_01_2020_P325",1,"potato","Amarilis","tubers",16.2962962962963,,TRUE,"doi:10.21223/B7HWWH",1525,FALSE,FALSE,"Peru","Huanuco",FALSE,,,,,,,,
"HUANUCO_01_2020","HUANUCO_01_2020_P326",1,"potato","CIP316349.174","tubers",31.6666666666667,,TRUE,"doi:10.21223/B7HWWH",1526,FALSE,FALSE,"Peru","Huanuco",FALSE,,,,,,,,
"HUANUCO_01_2020","HUANUCO_01_2020_P327",1,"potato","CIP316360.118","tubers",24.0740740740741,,TRUE,"doi:10.21223/B7HWWH",1527,FALSE,FALSE,"Peru","Huanuco",FALSE,,,,,,,,
"HUANUCO_01_2020","HUANUCO_01_2020_P328",1,"potato","CIP316356.158","tubers",28.3333333333333,,TRUE,"doi:10.21223/B7HWWH",1528,FALSE,FALSE,"Peru","Huanuco",FALSE,,,,,,,,
"HUANUCO_01_2020","HUANUCO_01_2020_P329",1,"potato","CIP316367.164","tubers",33.7037037037037,,TRUE,"doi:10.21223/B7HWWH",1529,FALSE,FALSE,"Peru","Huanuco",FALSE,,,,,,,,
"HUANUCO_01_2020","HUANUCO_01_2020_P330",1,"potato","CIP316360.168","tubers",36.6666666666667,,TRUE,"doi:10.21223/B7HWWH",1530,FALSE,FALSE,"Peru","Huanuco",FALSE,,,,,,,,
"HUANUCO_01_2020","HUANUCO_01_2020_P331",1,"potato","CIP316385.109","tubers",29.8148148148148,,TRUE,"doi:10.21223/B7HWWH",1531,FALSE,FALSE,"Peru","Huanuco",FALSE,,,,,,,,
"HUANUCO_01_2020","HUANUCO_01_2020_P332",1,"potato","CIP316354.169","tubers",40.9259259259259,,TRUE,"doi:10.21223/B7HWWH",1532,FALSE,FALSE,"Peru","Huanuco",FALSE,,,,,,,,
"HUANUCO_01_2020","HUANUCO_01_2020_P333",1,"potato","CIP316353.125","tubers",22.2222222222222,,TRUE,"doi:10.21223/B7HWWH",1533,FALSE,FALSE,"Peru","Huanuco",FALSE,,,,,,,,
"HUANUCO_01_2020","HUANUCO_01_2020_P334",1,"potato","CIP316362.101","tubers",24.2592592592593,,TRUE,"doi:10.21223/B7HWWH",1534,FALSE,FALSE,"Peru","Huanuco",FALSE,,,,,,,,
"HUANUCO_01_2020","HUANUCO_01_2020_P335",1,"potato","CIP316358.223","tubers",37.7777777777778,,TRUE,"doi:10.21223/B7HWWH",1535,FALSE,FALSE,"Peru","Huanuco",FALSE,,,,,,,,
"HUANUCO_01_2020","HUANUCO_01_2020_P336",1,"potato","CIP316353.148","tubers",57.1111111111111,,TRUE,"doi:10.21223/B7HWWH",1536,FALSE,FALSE,"Peru","Huanuco",FALSE,,,,,,,,
"HUANUCO_01_2020","HUANUCO_01_2020_P337",1,"potato","Amarilis","tubers",21.8518518518519,,TRUE,"doi:10.21223/B7HWWH",1537,FALSE,FALSE,"Peru","Huanuco",FALSE,,,,,,,,
"HUANUCO_01_2020","HUANUCO_01_2020_P338",1,"potato","CIP317016.431","tubers",22.5925925925926,,TRUE,"doi:10.21223/B7HWWH",1538,FALSE,FALSE,"Peru","Huanuco",FALSE,,,,,,,,
"HUANUCO_01_2020","HUANUCO_01_2020_P339",1,"potato","Kory","tubers",39.6296296296296,,TRUE,"doi:10.21223/B7HWWH",1539,FALSE,FALSE,"Peru","Huanuco",FALSE,,,,,,,,
"HUANUCO_01_2020","HUANUCO_01_2020_P340",1,"potato","CIP316352.159","tubers",39.8148148148148,,TRUE,"doi:10.21223/B7HWWH",1540,FALSE,FALSE,"Peru","Huanuco",FALSE,,,,,,,,
"HUANUCO_01_2020","HUANUCO_01_2020_P341",1,"potato","Yungay","tubers",1.2962962962963,,TRUE,"doi:10.21223/B7HWWH",1541,FALSE,FALSE,"Peru","Huanuco",FALSE,,,,,,,,
"HUANUCO_01_2020","HUANUCO_01_2020_P342",1,"potato","CIP398208.33","tubers",22.962962962963,,TRUE,"doi:10.21223/B7HWWH",1542,FALSE,FALSE,"Peru","Huanuco",FALSE,,,,,,,,
"HUANUCO_01_2020","HUANUCO_01_2020_P343",1,"potato","CIP316375.101","tubers",39.4444444444444,,TRUE,"doi:10.21223/B7HWWH",1543,FALSE,FALSE,"Peru","Huanuco",FALSE,,,,,,,,
"HUANUCO_01_2020","HUANUCO_01_2020_P344",1,"potato","CIP317029.443","tubers",22.4074074074074,,TRUE,"doi:10.21223/B7HWWH",1544,FALSE,FALSE,"Peru","Huanuco",FALSE,,,,,,,,
"HUANUCO_01_2020","HUANUCO_01_2020_P345",1,"potato","CIP317017.40","tubers",18.8888888888889,,TRUE,"doi:10.21223/B7HWWH",1545,FALSE,FALSE,"Peru","Huanuco",FALSE,,,,,,,,
"HUANUCO_01_2020","HUANUCO_01_2020_P346",1,"potato","CIP316371.141","tubers",40.1851851851852,,TRUE,"doi:10.21223/B7HWWH",1546,FALSE,FALSE,"Peru","Huanuco",FALSE,,,,,,,,
"HUANUCO_01_2020","HUANUCO_01_2020_P347",1,"potato","CIP316360.200","tubers",16.6666666666667,,TRUE,"doi:10.21223/B7HWWH",1547,FALSE,FALSE,"Peru","Huanuco",FALSE,,,,,,,,
"HUANUCO_01_2020","HUANUCO_01_2020_P348",1,"potato","CIP316359.102","tubers",39.6296296296296,,TRUE,"doi:10.21223/B7HWWH",1548,FALSE,FALSE,"Peru","Huanuco",FALSE,,,,,,,,
"HUANUCO_01_2020","HUANUCO_01_2020_P349",1,"potato","CIP316380.131","tubers",33.1481481481481,,TRUE,"doi:10.21223/B7HWWH",1549,FALSE,FALSE,"Peru","Huanuco",FALSE,,,,,,,,
"HUANUCO_01_2020","HUANUCO_01_2020_P350",1,"potato","CIP316361.191","tubers",57.2222222222222,,TRUE,"doi:10.21223/B7HWWH",1550,FALSE,FALSE,"Peru","Huanuco",FALSE,,,,,,,,
"HUANUCO_01_2020","HUANUCO_01_2020_P351",1,"potato","CIP316370.137","tubers",7.96296296296296,,TRUE,"doi:10.21223/B7HWWH",1551,FALSE,FALSE,"Peru","Huanuco",FALSE,,,,,,,,
"HUANUCO_01_2020","HUANUCO_01_2020_P352",1,"potato","Kory","tubers",37.5925925925926,,TRUE,"doi:10.21223/B7HWWH",1552,FALSE,FALSE,"Peru","Huanuco",FALSE,,,,,,,,
"HUANUCO_01_2020","HUANUCO_01_2020_P353",1,"potato","CIP316367.124","tubers",36.4814814814815,,TRUE,"doi:10.21223/B7HWWH",1553,FALSE,FALSE,"Peru","Huanuco",FALSE,,,,,,,,
"HUANUCO_01_2020","HUANUCO_01_2020_P354",1,"potato","CIP316359.218","tubers",43.5185185185185,,TRUE,"doi:10.21223/B7HWWH",1554,FALSE,FALSE,"Peru","Huanuco",FALSE,,,,,,,,
"HUANUCO_01_2020","HUANUCO_01_2020_P355",1,"potato","CIP316385.111","tubers",27.5925925925926,,TRUE,"doi:10.21223/B7HWWH",1555,FALSE,FALSE,"Peru","Huanuco",FALSE,,,,,,,,
"HUANUCO_01_2020","HUANUCO_01_2020_P356",1,"potato","CIP316363.103","tubers",8.33333333333333,,TRUE,"doi:10.21223/B7HWWH",1556,FALSE,FALSE,"Peru","Huanuco",FALSE,,,,,,,,
"HUANUCO_01_2020","HUANUCO_01_2020_P357",1,"potato","CIP316361.118","tubers",47.962962962963,,TRUE,"doi:10.21223/B7HWWH",1557,FALSE,FALSE,"Peru","Huanuco",FALSE,,,,,,,,
"HUANUCO_01_2020","HUANUCO_01_2020_P358",1,"potato","CIP316362.158","tubers",25,,TRUE,"doi:10.21223/B7HWWH",1558,FALSE,FALSE,"Peru","Huanuco",FALSE,,,,,,,,
"HUANUCO_01_2020","HUANUCO_01_2020_P359",1,"potato","CIP316359.234","tubers",21.6666666666667,,TRUE,"doi:10.21223/B7HWWH",1559,FALSE,FALSE,"Peru","Huanuco",FALSE,,,,,,,,
"HUANUCO_01_2020","HUANUCO_01_2020_P360",1,"potato","CIP316361.102","tubers",18.5185185185185,,TRUE,"doi:10.21223/B7HWWH",1560,FALSE,FALSE,"Peru","Huanuco",FALSE,,,,,,,,
"HUANUCO_01_2020","HUANUCO_01_2020_P361",1,"potato","CIP316390.124","tubers",26.4814814814815,,TRUE,"doi:10.21223/B7HWWH",1561,FALSE,FALSE,"Peru","Huanuco",FALSE,,,,,,,,
"HUANUCO_01_2020","HUANUCO_01_2020_P362",1,"potato","CIP316359.122","tubers",35.1851851851852,,TRUE,"doi:10.21223/B7HWWH",1562,FALSE,FALSE,"Peru","Huanuco",FALSE,,,,,,,,
"HUANUCO_01_2020","HUANUCO_01_2020_P363",1,"potato","Yungay","tubers",4.07407407407407,,TRUE,"doi:10.21223/B7HWWH",1563,FALSE,FALSE,"Peru","Huanuco",FALSE,,,,,,,,
"HUANUCO_01_2020","HUANUCO_01_2020_P364",1,"potato","Amarilis","tubers",10.9259259259259,,TRUE,"doi:10.21223/B7HWWH",1564,FALSE,FALSE,"Peru","Huanuco",FALSE,,,,,,,,
"HUANUCO_01_2020","HUANUCO_01_2020_P365",1,"potato","CIP317015.424","tubers",46.1111111111111,,TRUE,"doi:10.21223/B7HWWH",1565,FALSE,FALSE,"Peru","Huanuco",FALSE,,,,,,,,
"HUANUCO_01_2020","HUANUCO_01_2020_P366",1,"potato","Yungay","tubers",3.7037037037037,,TRUE,"doi:10.21223/B7HWWH",1566,FALSE,FALSE,"Peru","Huanuco",FALSE,,,,,,,,
"HUANUCO_01_2020","HUANUCO_01_2020_P367",1,"potato","CIP316358.189","tubers",47.5925925925926,,TRUE,"doi:10.21223/B7HWWH",1567,FALSE,FALSE,"Peru","Huanuco",FALSE,,,,,,,,
"HUANUCO_01_2020","HUANUCO_01_2020_P368",1,"potato","CIP316373.249","tubers",30.3703703703704,,TRUE,"doi:10.21223/B7HWWH",1568,FALSE,FALSE,"Peru","Huanuco",FALSE,,,,,,,,
"HUANUCO_01_2020","HUANUCO_01_2020_P369",1,"potato","CIP316354.153","tubers",34.6296296296296,,TRUE,"doi:10.21223/B7HWWH",1569,FALSE,FALSE,"Peru","Huanuco",FALSE,,,,,,,,
"HUANUCO_01_2020","HUANUCO_01_2020_P370",1,"potato","CIP317015.457","tubers",37.2222222222222,,TRUE,"doi:10.21223/B7HWWH",1570,FALSE,FALSE,"Peru","Huanuco",FALSE,,,,,,,,
"HUANUCO_01_2020","HUANUCO_01_2020_P371",1,"potato","CIP398208.704","tubers",34.0740740740741,,TRUE,"doi:10.21223/B7HWWH",1571,FALSE,FALSE,"Peru","Huanuco",FALSE,,,,,,,,
"HUANUCO_01_2020","HUANUCO_01_2020_P372",1,"potato","CIP316360.220","tubers",30.1851851851852,,TRUE,"doi:10.21223/B7HWWH",1572,FALSE,FALSE,"Peru","Huanuco",FALSE,,,,,,,,
"HUANUCO_01_2020","HUANUCO_01_2020_P373",1,"potato","CIP316360.188","tubers",18.8888888888889,,TRUE,"doi:10.21223/B7HWWH",1573,FALSE,FALSE,"Peru","Huanuco",FALSE,,,,,,,,
"HUANUCO_01_2020","HUANUCO_01_2020_P374",1,"potato","CIP316392.111","tubers",40.5555555555556,,TRUE,"doi:10.21223/B7HWWH",1574,FALSE,FALSE,"Peru","Huanuco",FALSE,,,,,,,,
"HUANUCO_01_2020","HUANUCO_01_2020_P375",1,"potato","CIP316365.146","tubers",10.9259259259259,,TRUE,"doi:10.21223/B7HWWH",1575,FALSE,FALSE,"Peru","Huanuco",FALSE,,,,,,,,
"HUANUCO_01_2020","HUANUCO_01_2020_P376",1,"potato","CIP316363.104","tubers",10.5555555555556,,TRUE,"doi:10.21223/B7HWWH",1576,FALSE,FALSE,"Peru","Huanuco",FALSE,,,,,,,,
"HUANUCO_01_2020","HUANUCO_01_2020_P377",1,"potato","CIP316344.189","tubers",40,,TRUE,"doi:10.21223/B7HWWH",1577,FALSE,FALSE,"Peru","Huanuco",FALSE,,,,,,,,
"HUANUCO_01_2020","HUANUCO_01_2020_P378",1,"potato","CIP316376.174","tubers",36.1111111111111,,TRUE,"doi:10.21223/B7HWWH",1578,FALSE,FALSE,"Peru","Huanuco",FALSE,,,,,,,,
"HUANUCO_01_2020","HUANUCO_01_2020_P379",1,"potato","CIP316360.182","tubers",36.1111111111111,,TRUE,"doi:10.21223/B7HWWH",1579,FALSE,FALSE,"Peru","Huanuco",FALSE,,,,,,,,
"HUANUCO_01_2020","HUANUCO_01_2020_P380",1,"potato","CIP316362.134","tubers",36.2962962962963,,TRUE,"doi:10.21223/B7HWWH",1580,FALSE,FALSE,"Peru","Huanuco",FALSE,,,,,,,,
"HUANUCO_01_2020","HUANUCO_01_2020_P381",1,"potato","CIP316355.137","tubers",46.2962962962963,,TRUE,"doi:10.21223/B7HWWH",1581,FALSE,FALSE,"Peru","Huanuco",FALSE,,,,,,,,
"HUANUCO_01_2020","HUANUCO_01_2020_P382",1,"potato","CIP316385.141","tubers",14.0740740740741,,TRUE,"doi:10.21223/B7HWWH",1582,FALSE,FALSE,"Peru","Huanuco",FALSE,,,,,,,,
"HUANUCO_01_2020","HUANUCO_01_2020_P383",1,"potato","CIP316367.180","tubers",45.3703703703704,,TRUE,"doi:10.21223/B7HWWH",1583,FALSE,FALSE,"Peru","Huanuco",FALSE,,,,,,,,
"HUANUCO_01_2020","HUANUCO_01_2020_P384",1,"potato","CIP316375.102","tubers",35.9259259259259,,TRUE,"doi:10.21223/B7HWWH",1584,FALSE,FALSE,"Peru","Huanuco",FALSE,,,,,,,,
"HUANUCO_01_2020","HUANUCO_01_2020_P385",1,"potato","CIP316356.142","tubers",27.5925925925926,,TRUE,"doi:10.21223/B7HWWH",1585,FALSE,FALSE,"Peru","Huanuco",FALSE,,,,,,,,
"HUANUCO_01_2020","HUANUCO_01_2020_P386",1,"potato","CIP316389.131","tubers",35.1851851851852,,TRUE,"doi:10.21223/B7HWWH",1586,FALSE,FALSE,"Peru","Huanuco",FALSE,,,,,,,,
"HUANUCO_01_2020","HUANUCO_01_2020_P387",1,"potato","CIP316361.244","tubers",39.6296296296296,,TRUE,"doi:10.21223/B7HWWH",1587,FALSE,FALSE,"Peru","Huanuco",FALSE,,,,,,,,
"HUANUCO_01_2020","HUANUCO_01_2020_P388",1,"potato","Kory","tubers",36.6666666666667,,TRUE,"doi:10.21223/B7HWWH",1588,FALSE,FALSE,"Peru","Huanuco",FALSE,,,,,,,,
"HUANUCO_01_2020","HUANUCO_01_2020_P389",1,"potato","CIP316360.139","tubers",25.9259259259259,,TRUE,"doi:10.21223/B7HWWH",1589,FALSE,FALSE,"Peru","Huanuco",FALSE,,,,,,,,
"HUANUCO_01_2020","HUANUCO_01_2020_P390",1,"potato","CIP316368.159","tubers",27.7777777777778,,TRUE,"doi:10.21223/B7HWWH",1590,FALSE,FALSE,"Peru","Huanuco",FALSE,,,,,,,,
"HUANUCO_01_2020","HUANUCO_01_2020_P391",1,"potato","CIP316388.194","tubers",9.44444444444444,,TRUE,"doi:10.21223/B7HWWH",1591,FALSE,FALSE,"Peru","Huanuco",FALSE,,,,,,,,
"HUANUCO_01_2020","HUANUCO_01_2020_P392",1,"potato","Kory","tubers",35,,TRUE,"doi:10.21223/B7HWWH",1592,FALSE,FALSE,"Peru","Huanuco",FALSE,,,,,,,,
"HUANUCO_01_2020","HUANUCO_01_2020_P393",1,"potato","CIP316375.103","tubers",21.2962962962963,,TRUE,"doi:10.21223/B7HWWH",1593,FALSE,FALSE,"Peru","Huanuco",FALSE,,,,,,,,
"HUANUCO_01_2020","HUANUCO_01_2020_P394",1,"potato","CIP398192.213","tubers",30.7407407407407,,TRUE,"doi:10.21223/B7HWWH",1594,FALSE,FALSE,"Peru","Huanuco",FALSE,,,,,,,,
"HUANUCO_01_2020","HUANUCO_01_2020_P395",1,"potato","CIP316367.181","tubers",40.1851851851852,,TRUE,"doi:10.21223/B7HWWH",1595,FALSE,FALSE,"Peru","Huanuco",FALSE,,,,,,,,
"HUANUCO_01_2020","HUANUCO_01_2020_P396",1,"potato","CIP316372.133","tubers",17.037037037037,,TRUE,"doi:10.21223/B7HWWH",1596,FALSE,FALSE,"Peru","Huanuco",FALSE,,,,,,,,
"HUANUCO_01_2020","HUANUCO_01_2020_P397",1,"potato","CIP316359.144","tubers",17.7777777777778,,TRUE,"doi:10.21223/B7HWWH",1597,FALSE,FALSE,"Peru","Huanuco",FALSE,,,,,,,,
"HUANUCO_01_2020","HUANUCO_01_2020_P398",1,"potato","CIP316361.202","tubers",35.3703703703704,,TRUE,"doi:10.21223/B7HWWH",1598,FALSE,FALSE,"Peru","Huanuco",FALSE,,,,,,,,
"HUANUCO_01_2020","HUANUCO_01_2020_P399",1,"potato","CIP316348.246","tubers",30.7407407407407,,TRUE,"doi:10.21223/B7HWWH",1599,FALSE,FALSE,"Peru","Huanuco",FALSE,,,,,,,,
"HUANUCO_01_2020","HUANUCO_01_2020_P400",1,"potato","CIP317015.449","tubers",30.3703703703704,,TRUE,"doi:10.21223/B7HWWH",1600,FALSE,FALSE,"Peru","Huanuco",FALSE,,,,,,,,
"HUANUCO_01_2020","HUANUCO_01_2020_P401",1,"potato","Kory","tubers",29.6296296296296,,TRUE,"doi:10.21223/B7HWWH",1601,FALSE,FALSE,"Peru","Huanuco",FALSE,,,,,,,,
"HUANUCO_01_2020","HUANUCO_01_2020_P402",1,"potato","CIP316344.165","tubers",51.1111111111111,,TRUE,"doi:10.21223/B7HWWH",1602,FALSE,FALSE,"Peru","Huanuco",FALSE,,,,,,,,
"HUANUCO_01_2020","HUANUCO_01_2020_P403",1,"potato","CIP316353.128","tubers",41.8518518518518,,TRUE,"doi:10.21223/B7HWWH",1603,FALSE,FALSE,"Peru","Huanuco",FALSE,,,,,,,,
"HUANUCO_01_2020","HUANUCO_01_2020_P404",1,"potato","CIP316361.246","tubers",34.2592592592593,,TRUE,"doi:10.21223/B7HWWH",1604,FALSE,FALSE,"Peru","Huanuco",FALSE,,,,,,,,
"HUANUCO_01_2020","HUANUCO_01_2020_P405",1,"potato","CIP316361.187","tubers",54.2592592592593,,TRUE,"doi:10.21223/B7HWWH",1605,FALSE,FALSE,"Peru","Huanuco",FALSE,,,,,,,,
"HUANUCO_01_2020","HUANUCO_01_2020_P406",1,"potato","CIP316371.133","tubers",20.5555555555556,,TRUE,"doi:10.21223/B7HWWH",1606,FALSE,FALSE,"Peru","Huanuco",FALSE,,,,,,,,
"HUANUCO_01_2020","HUANUCO_01_2020_P407",1,"potato","CIP316361.121","tubers",25.3703703703704,,TRUE,"doi:10.21223/B7HWWH",1607,FALSE,FALSE,"Peru","Huanuco",FALSE,,,,,,,,
"HUANUCO_01_2020","HUANUCO_01_2020_P408",1,"potato","CIP316345.154","tubers",36.6666666666667,,TRUE,"doi:10.21223/B7HWWH",1608,FALSE,FALSE,"Peru","Huanuco",FALSE,,,,,,,,
"HUANUCO_01_2020","HUANUCO_01_2020_P409",1,"potato","Amarilis","tubers",14.0740740740741,,TRUE,"doi:10.21223/B7HWWH",1609,FALSE,FALSE,"Peru","Huanuco",FALSE,,,,,,,,
"HUANUCO_01_2020","HUANUCO_01_2020_P410",1,"potato","CIP316353.501","tubers",31.8518518518519,,TRUE,"doi:10.21223/B7HWWH",1610,FALSE,FALSE,"Peru","Huanuco",FALSE,,,,,,,,
"HUANUCO_01_2020","HUANUCO_01_2020_P411",1,"potato","CIP316348.208","tubers",30.7407407407407,,TRUE,"doi:10.21223/B7HWWH",1611,FALSE,FALSE,"Peru","Huanuco",FALSE,,,,,,,,
"HUANUCO_01_2020","HUANUCO_01_2020_P412",1,"potato","CIP316367.128","tubers",45,,TRUE,"doi:10.21223/B7HWWH",1612,FALSE,FALSE,"Peru","Huanuco",FALSE,,,,,,,,
"HUANUCO_01_2020","HUANUCO_01_2020_P413",1,"potato","Yungay","tubers",4.07407407407407,,TRUE,"doi:10.21223/B7HWWH",1613,FALSE,FALSE,"Peru","Huanuco",FALSE,,,,,,,,
"HUANUCO_01_2020","HUANUCO_01_2020_P414",1,"potato","CIP316351.142","tubers",26.2962962962963,,TRUE,"doi:10.21223/B7HWWH",1614,FALSE,FALSE,"Peru","Huanuco",FALSE,,,,,,,,
"HUANUCO_01_2020","HUANUCO_01_2020_P415",1,"potato","CIP316359.168","tubers",32.037037037037,,TRUE,"doi:10.21223/B7HWWH",1615,FALSE,FALSE,"Peru","Huanuco",FALSE,,,,,,,,
"HUANUCO_01_2020","HUANUCO_01_2020_P416",1,"potato","CIP316367.173","tubers",39.8148148148148,,TRUE,"doi:10.21223/B7HWWH",1616,FALSE,FALSE,"Peru","Huanuco",FALSE,,,,,,,,
"HUANUCO_01_2020","HUANUCO_01_2020_P417",1,"potato","CIP316345.237","tubers",27.5925925925926,,TRUE,"doi:10.21223/B7HWWH",1617,FALSE,FALSE,"Peru","Huanuco",FALSE,,,,,,,,
"HUANUCO_01_2020","HUANUCO_01_2020_P418",1,"potato","CIP316360.152","tubers",15.3703703703704,,TRUE,"doi:10.21223/B7HWWH",1618,FALSE,FALSE,"Peru","Huanuco",FALSE,,,,,,,,
"HUANUCO_01_2020","HUANUCO_01_2020_P419",1,"potato","CIP316360.169","tubers",3.33333333333333,,TRUE,"doi:10.21223/B7HWWH",1619,FALSE,FALSE,"Peru","Huanuco",FALSE,,,,,,,,
"HUANUCO_01_2020","HUANUCO_01_2020_P420",1,"potato","CIP316365.120","tubers",13.7037037037037,,TRUE,"doi:10.21223/B7HWWH",1620,FALSE,FALSE,"Peru","Huanuco",FALSE,,,,,,,,
"HUANUCO_01_2020","HUANUCO_01_2020_P421",1,"potato","CIP316348.223","tubers",11.6666666666667,,TRUE,"doi:10.21223/B7HWWH",1621,FALSE,FALSE,"Peru","Huanuco",FALSE,,,,,,,,
"HUANUCO_01_2020","HUANUCO_01_2020_P422",1,"potato","CIP316384.153","tubers",22.2222222222222,,TRUE,"doi:10.21223/B7HWWH",1622,FALSE,FALSE,"Peru","Huanuco",FALSE,,,,,,,,
"HUANUCO_01_2020","HUANUCO_01_2020_P423",1,"potato","CIP316353.111","tubers",23.3333333333333,,TRUE,"doi:10.21223/B7HWWH",1623,FALSE,FALSE,"Peru","Huanuco",FALSE,,,,,,,,
"HUANUCO_01_2020","HUANUCO_01_2020_P424",1,"potato","CIP316361.110","tubers",38.1481481481482,,TRUE,"doi:10.21223/B7HWWH",1624,FALSE,FALSE,"Peru","Huanuco",FALSE,,,,,,,,
"HUANUCO_01_2020","HUANUCO_01_2020_P425",1,"potato","CIP316362.180","tubers",37.4074074074074,,TRUE,"doi:10.21223/B7HWWH",1625,FALSE,FALSE,"Peru","Huanuco",FALSE,,,,,,,,
"HUANUCO_01_2020","HUANUCO_01_2020_P426",1,"potato","CIP316368.145","tubers",30.5555555555556,,TRUE,"doi:10.21223/B7HWWH",1626,FALSE,FALSE,"Peru","Huanuco",FALSE,,,,,,,,
"HUANUCO_01_2020","HUANUCO_01_2020_P427",1,"potato","CIP316360.145","tubers",12.037037037037,,TRUE,"doi:10.21223/B7HWWH",1627,FALSE,FALSE,"Peru","Huanuco",FALSE,,,,,,,,
"HUANUCO_01_2020","HUANUCO_01_2020_P428",1,"potato","CIP316361.156","tubers",45.7407407407407,,TRUE,"doi:10.21223/B7HWWH",1628,FALSE,FALSE,"Peru","Huanuco",FALSE,,,,,,,,
"HUANUCO_01_2020","HUANUCO_01_2020_P429",1,"potato","Kory","tubers",24.2592592592593,,TRUE,"doi:10.21223/B7HWWH",1629,FALSE,FALSE,"Peru","Huanuco",FALSE,,,,,,,,
"HUANUCO_01_2020","HUANUCO_01_2020_P430",1,"potato","CIP316365.165","tubers",15.1851851851852,,TRUE,"doi:10.21223/B7HWWH",1630,FALSE,FALSE,"Peru","Huanuco",FALSE,,,,,,,,
"HUANUCO_01_2020","HUANUCO_01_2020_P431",1,"potato","CIP316348.165","tubers",30.1851851851852,,TRUE,"doi:10.21223/B7HWWH",1631,FALSE,FALSE,"Peru","Huanuco",FALSE,,,,,,,,
"HUANUCO_01_2020","HUANUCO_01_2020_P432",1,"potato","CIP316386.161","tubers",23.7037037037037,,TRUE,"doi:10.21223/B7HWWH",1632,FALSE,FALSE,"Peru","Huanuco",FALSE,,,,,,,,
"HUANUCO_01_2020","HUANUCO_01_2020_P433",1,"potato","CIP316391.105","tubers",46.6666666666667,,TRUE,"doi:10.21223/B7HWWH",1633,FALSE,FALSE,"Peru","Huanuco",FALSE,,,,,,,,
"HUANUCO_01_2020","HUANUCO_01_2020_P434",1,"potato","Yungay","tubers",1.11111111111111,,TRUE,"doi:10.21223/B7HWWH",1634,FALSE,FALSE,"Peru","Huanuco",FALSE,,,,,,,,
"HUANUCO_01_2020","HUANUCO_01_2020_P435",1,"potato","CIP316353.166","tubers",30.9259259259259,,TRUE,"doi:10.21223/B7HWWH",1635,FALSE,FALSE,"Peru","Huanuco",FALSE,,,,,,,,
"HUANUCO_01_2020","HUANUCO_01_2020_P436",1,"potato","CIP316359.107","tubers",32.962962962963,,TRUE,"doi:10.21223/B7HWWH",1636,FALSE,FALSE,"Peru","Huanuco",FALSE,,,,,,,,
"HUANUCO_01_2020","HUANUCO_01_2020_P437",1,"potato","CIP316387.187","tubers",27.4074074074074,,TRUE,"doi:10.21223/B7HWWH",1637,FALSE,FALSE,"Peru","Huanuco",FALSE,,,,,,,,
"HUANUCO_01_2020","HUANUCO_01_2020_P438",1,"potato","Kory","tubers",34.6296296296296,,TRUE,"doi:10.21223/B7HWWH",1638,FALSE,FALSE,"Peru","Huanuco",FALSE,,,,,,,,
"HUANUCO_01_2020","HUANUCO_01_2020_P439",1,"potato","CIP316363.108","tubers",23.3333333333333,,TRUE,"doi:10.21223/B7HWWH",1639,FALSE,FALSE,"Peru","Huanuco",FALSE,,,,,,,,
"HUANUCO_01_2020","HUANUCO_01_2020_P440",1,"potato","CIP317016.471","tubers",13.3333333333333,,TRUE,"doi:10.21223/B7HWWH",1640,FALSE,FALSE,"Peru","Huanuco",FALSE,,,,,,,,
"HUANUCO_01_2020","HUANUCO_01_2020_P441",1,"potato","CIP316353.411","tubers",5.55555555555555,,TRUE,"doi:10.21223/B7HWWH",1641,FALSE,FALSE,"Peru","Huanuco",FALSE,,,,,,,,
"HUANUCO_01_2020","HUANUCO_01_2020_P442",1,"potato","CIP316360.156","tubers",27.7777777777778,,TRUE,"doi:10.21223/B7HWWH",1642,FALSE,FALSE,"Peru","Huanuco",FALSE,,,,,,,,
"HUANUCO_01_2020","HUANUCO_01_2020_P443",1,"potato","CIP316361.211","tubers",35.3703703703704,,TRUE,"doi:10.21223/B7HWWH",1643,FALSE,FALSE,"Peru","Huanuco",FALSE,,,,,,,,
"HUANUCO_01_2020","HUANUCO_01_2020_P444",1,"potato","CIP316356.116","tubers",31.8518518518518,,TRUE,"doi:10.21223/B7HWWH",1644,FALSE,FALSE,"Peru","Huanuco",FALSE,,,,,,,,
"HUANUCO_01_2020","HUANUCO_01_2020_P445",1,"potato","CIP316385.174","tubers",14.2592592592593,,TRUE,"doi:10.21223/B7HWWH",1645,FALSE,FALSE,"Peru","Huanuco",FALSE,,,,,,,,
"HUANUCO_01_2020","HUANUCO_01_2020_P446",1,"potato","CIP302533.48","tubers",22.4074074074074,,TRUE,"doi:10.21223/B7HWWH",1646,FALSE,FALSE,"Peru","Huanuco",FALSE,,,,,,,,
"HUANUCO_01_2020","HUANUCO_01_2020_P447",1,"potato","Kory","tubers",31.4814814814815,,TRUE,"doi:10.21223/B7HWWH",1647,FALSE,FALSE,"Peru","Huanuco",FALSE,,,,,,,,
"HUANUCO_01_2020","HUANUCO_01_2020_P448",1,"potato","CIP316377.168","tubers",19.4444444444444,,TRUE,"doi:10.21223/B7HWWH",1648,FALSE,FALSE,"Peru","Huanuco",FALSE,,,,,,,,
"HUANUCO_01_2020","HUANUCO_01_2020_P449",1,"potato","CIP316363.127","tubers",32.4074074074074,,TRUE,"doi:10.21223/B7HWWH",1649,FALSE,FALSE,"Peru","Huanuco",FALSE,,,,,,,,
"HUANUCO_01_2020","HUANUCO_01_2020_P450",1,"potato","CIP316350.173","tubers",40.5555555555556,,TRUE,"doi:10.21223/B7HWWH",1650,FALSE,FALSE,"Peru","Huanuco",FALSE,,,,,,,,
"HUANUCO_01_2020","HUANUCO_01_2020_P451",1,"potato","Kory","tubers",33.8888888888889,,TRUE,"doi:10.21223/B7HWWH",1651,FALSE,FALSE,"Peru","Huanuco",FALSE,,,,,,,,
"HUANUCO_01_2020","HUANUCO_01_2020_P452",1,"potato","CIP316357.146","tubers",41.8518518518518,,TRUE,"doi:10.21223/B7HWWH",1652,FALSE,FALSE,"Peru","Huanuco",FALSE,,,,,,,,
"HUANUCO_01_2020","HUANUCO_01_2020_P453",1,"potato","CIP316361.190","tubers",51.4814814814815,,TRUE,"doi:10.21223/B7HWWH",1653,FALSE,FALSE,"Peru","Huanuco",FALSE,,,,,,,,
"HUANUCO_01_2020","HUANUCO_01_2020_P454",1,"potato","CIP316360.110","tubers",14.6296296296296,,TRUE,"doi:10.21223/B7HWWH",1654,FALSE,FALSE,"Peru","Huanuco",FALSE,,,,,,,,
"HUANUCO_01_2020","HUANUCO_01_2020_P455",1,"potato","Amarilis","tubers",8.7037037037037,,TRUE,"doi:10.21223/B7HWWH",1655,FALSE,FALSE,"Peru","Huanuco",FALSE,,,,,,,,
"HUANUCO_01_2020","HUANUCO_01_2020_P456",1,"potato","CIP316363.183","tubers",27.2222222222222,,TRUE,"doi:10.21223/B7HWWH",1656,FALSE,FALSE,"Peru","Huanuco",FALSE,,,,,,,,
"HUANUCO_01_2020","HUANUCO_01_2020_P457",1,"potato","CIP316348.186","tubers",18.3333333333333,,TRUE,"doi:10.21223/B7HWWH",1657,FALSE,FALSE,"Peru","Huanuco",FALSE,,,,,,,,
"HUANUCO_01_2020","HUANUCO_01_2020_P458",1,"potato","CIP316374.208","tubers",23.5185185185185,,TRUE,"doi:10.21223/B7HWWH",1658,FALSE,FALSE,"Peru","Huanuco",FALSE,,,,,,,,
"HUANUCO_01_2020","HUANUCO_01_2020_P459",1,"potato","CIP316354.112","tubers",41.4814814814815,,TRUE,"doi:10.21223/B7HWWH",1659,FALSE,FALSE,"Peru","Huanuco",FALSE,,,,,,,,
"HUANUCO_01_2020","HUANUCO_01_2020_P460",1,"potato","Yungay","tubers",2.22222222222222,,TRUE,"doi:10.21223/B7HWWH",1660,FALSE,FALSE,"Peru","Huanuco",FALSE,,,,,,,,
"HUANUCO_01_2020","HUANUCO_01_2020_P461",1,"potato","CIP316358.114","tubers",43.7037037037037,,TRUE,"doi:10.21223/B7HWWH",1661,FALSE,FALSE,"Peru","Huanuco",FALSE,,,,,,,,
"HUANUCO_01_2020","HUANUCO_01_2020_P462",1,"potato","CIP316344.181","tubers",27.037037037037,,TRUE,"doi:10.21223/B7HWWH",1662,FALSE,FALSE,"Peru","Huanuco",FALSE,,,,,,,,
"HUANUCO_01_2020","HUANUCO_01_2020_P463",1,"potato","CIP316360.228","tubers",29.6296296296296,,TRUE,"doi:10.21223/B7HWWH",1663,FALSE,FALSE,"Peru","Huanuco",FALSE,,,,,,,,
"HUANUCO_01_2020","HUANUCO_01_2020_P464",1,"potato","CIP316349.117","tubers",34.8148148148148,,TRUE,"doi:10.21223/B7HWWH",1664,FALSE,FALSE,"Peru","Huanuco",FALSE,,,,,,,,
"HUANUCO_01_2020","HUANUCO_01_2020_P465",1,"potato","CIP316350.136","tubers",19.0740740740741,,TRUE,"doi:10.21223/B7HWWH",1665,FALSE,FALSE,"Peru","Huanuco",FALSE,,,,,,,,
"HUANUCO_01_2020","HUANUCO_01_2020_P466",1,"potato","Amarilis","tubers",6.66666666666667,,TRUE,"doi:10.21223/B7HWWH",1666,FALSE,FALSE,"Peru","Huanuco",FALSE,,,,,,,,
"HUANUCO_01_2020","HUANUCO_01_2020_P467",1,"potato","CIP302551.26","tubers",10.9259259259259,,TRUE,"doi:10.21223/B7HWWH",1667,FALSE,FALSE,"Peru","Huanuco",FALSE,,,,,,,,
"HUANUCO_01_2020","HUANUCO_01_2020_P468",1,"potato","CIP316353.130","tubers",65,,TRUE,"doi:10.21223/B7HWWH",1668,FALSE,FALSE,"Peru","Huanuco",FALSE,,,,,,,,
"HUANUCO_01_2020","HUANUCO_01_2020_P469",1,"potato","CIP316358.136","tubers",26.4814814814815,,TRUE,"doi:10.21223/B7HWWH",1669,FALSE,FALSE,"Peru","Huanuco",FALSE,,,,,,,,
"HUANUCO_01_2020","HUANUCO_01_2020_P470",1,"potato","CIP316359.115","tubers",36.2962962962963,,TRUE,"doi:10.21223/B7HWWH",1670,FALSE,FALSE,"Peru","Huanuco",FALSE,,,,,,,,
"HUANUCO_01_2020","HUANUCO_01_2020_P471",1,"potato","CIP316352.184","tubers",33.1481481481481,,TRUE,"doi:10.21223/B7HWWH",1671,FALSE,FALSE,"Peru","Huanuco",FALSE,,,,,,,,
"HUANUCO_01_2020","HUANUCO_01_2020_P472",1,"potato","CIP316376.133","tubers",20,,TRUE,"doi:10.21223/B7HWWH",1672,FALSE,FALSE,"Peru","Huanuco",FALSE,,,,,,,,
"HUANUCO_01_2020","HUANUCO_01_2020_P473",1,"potato","CIP316385.164","tubers",18.5185185185185,,TRUE,"doi:10.21223/B7HWWH",1673,FALSE,FALSE,"Peru","Huanuco",FALSE,,,,,,,,
"HUANUCO_01_2020","HUANUCO_01_2020_P474",1,"potato","CIP316356.145","tubers",23.5185185185185,,TRUE,"doi:10.21223/B7HWWH",1674,FALSE,FALSE,"Peru","Huanuco",FALSE,,,,,,,,
"HUANUCO_01_2020","HUANUCO_01_2020_P475",1,"potato","CIP316360.212","tubers",18.8888888888889,,TRUE,"doi:10.21223/B7HWWH",1675,FALSE,FALSE,"Peru","Huanuco",FALSE,,,,,,,,
"HUANUCO_01_2020","HUANUCO_01_2020_P476",1,"potato","CIP316360.248","tubers",31.2962962962963,,TRUE,"doi:10.21223/B7HWWH",1676,FALSE,FALSE,"Peru","Huanuco",FALSE,,,,,,,,
"HUANUCO_01_2020","HUANUCO_01_2020_P477",1,"potato","CIP316352.160","tubers",22.4074074074074,,TRUE,"doi:10.21223/B7HWWH",1677,FALSE,FALSE,"Peru","Huanuco",FALSE,,,,,,,,
"HUANUCO_01_2020","HUANUCO_01_2020_P478",1,"potato","CIP317016.478","tubers",19.0740740740741,,TRUE,"doi:10.21223/B7HWWH",1678,FALSE,FALSE,"Peru","Huanuco",FALSE,,,,,,,,
"HUANUCO_01_2020","HUANUCO_01_2020_P479",1,"potato","CIP316384.170","tubers",36.8518518518518,,TRUE,"doi:10.21223/B7HWWH",1679,FALSE,FALSE,"Peru","Huanuco",FALSE,,,,,,,,
"HUANUCO_01_2020","HUANUCO_01_2020_P480",1,"potato","CIP316359.238","tubers",30.9259259259259,,TRUE,"doi:10.21223/B7HWWH",1680,FALSE,FALSE,"Peru","Huanuco",FALSE,,,,,,,,
"HUANUCO_01_2020","HUANUCO_01_2020_P481",1,"potato","CIP316358.154","tubers",24.4444444444444,,TRUE,"doi:10.21223/B7HWWH",1681,FALSE,FALSE,"Peru","Huanuco",FALSE,,,,,,,,
"HUANUCO_01_2020","HUANUCO_01_2020_P482",1,"potato","CIP316345.228","tubers",21.8518518518519,,TRUE,"doi:10.21223/B7HWWH",1682,FALSE,FALSE,"Peru","Huanuco",FALSE,,,,,,,,
"HUANUCO_01_2020","HUANUCO_01_2020_P483",1,"potato","CIP316361.184","tubers",32.5925925925926,,TRUE,"doi:10.21223/B7HWWH",1683,FALSE,FALSE,"Peru","Huanuco",FALSE,,,,,,,,
"HUANUCO_01_2020","HUANUCO_01_2020_P484",1,"potato","CIP316364.143","tubers",17.962962962963,,TRUE,"doi:10.21223/B7HWWH",1684,FALSE,FALSE,"Peru","Huanuco",FALSE,,,,,,,,
"HUANUCO_01_2020","HUANUCO_01_2020_P485",1,"potato","CIP304079.10","tubers",17.962962962963,,TRUE,"doi:10.21223/B7HWWH",1685,FALSE,FALSE,"Peru","Huanuco",FALSE,,,,,,,,
"HUANUCO_01_2020","HUANUCO_01_2020_P486",1,"potato","CIP316359.199","tubers",35.1851851851852,,TRUE,"doi:10.21223/B7HWWH",1686,FALSE,FALSE,"Peru","Huanuco",FALSE,,,,,,,,
"HUANUCO_01_2020","HUANUCO_01_2020_P487",1,"potato","CIP316391.136","tubers",35.7407407407407,,TRUE,"doi:10.21223/B7HWWH",1687,FALSE,FALSE,"Peru","Huanuco",FALSE,,,,,,,,
"HUANUCO_01_2020","HUANUCO_01_2020_P488",1,"potato","CIP316378.153","tubers",10.3703703703704,,TRUE,"doi:10.21223/B7HWWH",1688,FALSE,FALSE,"Peru","Huanuco",FALSE,,,,,,,,
"HUANUCO_01_2020","HUANUCO_01_2020_P489",1,"potato","CIP316356.117","tubers",46.6666666666667,,TRUE,"doi:10.21223/B7HWWH",1689,FALSE,FALSE,"Peru","Huanuco",FALSE,,,,,,,,
"HUANUCO_01_2020","HUANUCO_01_2020_P490",1,"potato","Amarilis","tubers",12.4074074074074,,TRUE,"doi:10.21223/B7HWWH",1690,FALSE,FALSE,"Peru","Huanuco",FALSE,,,,,,,,
"HUANUCO_01_2020","HUANUCO_01_2020_P491",1,"potato","CIP316385.125","tubers",22.4074074074074,,TRUE,"doi:10.21223/B7HWWH",1691,FALSE,FALSE,"Peru","Huanuco",FALSE,,,,,,,,
"HUANUCO_01_2020","HUANUCO_01_2020_P492",1,"potato","CIP316385.222","tubers",25.9259259259259,,TRUE,"doi:10.21223/B7HWWH",1692,FALSE,FALSE,"Peru","Huanuco",FALSE,,,,,,,,
"HUANUCO_01_2020","HUANUCO_01_2020_P493",1,"potato","Yungay","tubers",6.11111111111111,,TRUE,"doi:10.21223/B7HWWH",1693,FALSE,FALSE,"Peru","Huanuco",FALSE,,,,,,,,
"HUANUCO_01_2020","HUANUCO_01_2020_P494",1,"potato","CIP316358.214","tubers",36.1111111111111,,TRUE,"doi:10.21223/B7HWWH",1694,FALSE,FALSE,"Peru","Huanuco",FALSE,,,,,,,,
"HUANUCO_01_2020","HUANUCO_01_2020_P495",1,"potato","CIP316391.138","tubers",36.4814814814815,,TRUE,"doi:10.21223/B7HWWH",1695,FALSE,FALSE,"Peru","Huanuco",FALSE,,,,,,,,
"HUANUCO_01_2020","HUANUCO_01_2020_P496",1,"potato","CIP316354.145","tubers",29.4444444444444,,TRUE,"doi:10.21223/B7HWWH",1696,FALSE,FALSE,"Peru","Huanuco",FALSE,,,,,,,,
"HUANUCO_01_2020","HUANUCO_01_2020_P497",1,"potato","CIP316353.144","tubers",38.5185185185185,,TRUE,"doi:10.21223/B7HWWH",1697,FALSE,FALSE,"Peru","Huanuco",FALSE,,,,,,,,
"HUANUCO_01_2020","HUANUCO_01_2020_P498",1,"potato","CIP317015.469","tubers",14.8148148148148,,TRUE,"doi:10.21223/B7HWWH",1698,FALSE,FALSE,"Peru","Huanuco",FALSE,,,,,,,,
"HUANUCO_01_2020","HUANUCO_01_2020_P499",1,"potato","CIP316350.125","tubers",33.6666666666667,,TRUE,"doi:10.21223/B7HWWH",1699,FALSE,FALSE,"Peru","Huanuco",FALSE,,,,,,,,
"HUANUCO_01_2020","HUANUCO_01_2020_P500",1,"potato","CIP316367.159","tubers",31.2962962962963,,TRUE,"doi:10.21223/B7HWWH",1700,FALSE,FALSE,"Peru","Huanuco",FALSE,,,,,,,,
"HUANUCO_01_2020","HUANUCO_01_2020_P501",1,"potato","CIP316356.135","tubers",32.962962962963,,TRUE,"doi:10.21223/B7HWWH",1701,FALSE,FALSE,"Peru","Huanuco",FALSE,,,,,,,,
"HUANUCO_01_2020","HUANUCO_01_2020_P502",1,"potato","CIP317011.409","tubers",7.59259259259259,,TRUE,"doi:10.21223/B7HWWH",1702,FALSE,FALSE,"Peru","Huanuco",FALSE,,,,,,,,
"HUANUCO_01_2020","HUANUCO_01_2020_P503",1,"potato","CIP316367.125","tubers",45.9259259259259,,TRUE,"doi:10.21223/B7HWWH",1703,FALSE,FALSE,"Peru","Huanuco",FALSE,,,,,,,,
"HUANUCO_01_2020","HUANUCO_01_2020_P504",1,"potato","CIP316357.119","tubers",49.0740740740741,,TRUE,"doi:10.21223/B7HWWH",1704,FALSE,FALSE,"Peru","Huanuco",FALSE,,,,,,,,
"HUANUCO_01_2020","HUANUCO_01_2020_P505",1,"potato","CIP316345.741","tubers",25.3703703703704,,TRUE,"doi:10.21223/B7HWWH",1705,FALSE,FALSE,"Peru","Huanuco",FALSE,,,,,,,,
"HUANUCO_01_2020","HUANUCO_01_2020_P506",1,"potato","CIP316379.114","tubers",11.1111111111111,,TRUE,"doi:10.21223/B7HWWH",1706,FALSE,FALSE,"Peru","Huanuco",FALSE,,,,,,,,
"HUANUCO_01_2020","HUANUCO_01_2020_P507",1,"potato","CIP316360.195","tubers",33.8888888888889,,TRUE,"doi:10.21223/B7HWWH",1707,FALSE,FALSE,"Peru","Huanuco",FALSE,,,,,,,,
"HUANUCO_01_2020","HUANUCO_01_2020_P508",1,"potato","Yungay","tubers",5,,TRUE,"doi:10.21223/B7HWWH",1708,FALSE,FALSE,"Peru","Huanuco",FALSE,,,,,,,,
"HUANUCO_01_2020","HUANUCO_01_2020_P509",1,"potato","Kory","tubers",40.5555555555556,,TRUE,"doi:10.21223/B7HWWH",1709,FALSE,FALSE,"Peru","Huanuco",FALSE,,,,,,,,
"HUANUCO_01_2020","HUANUCO_01_2020_P510",1,"potato","CIP317017.81","tubers",28.8888888888889,,TRUE,"doi:10.21223/B7HWWH",1710,FALSE,FALSE,"Peru","Huanuco",FALSE,,,,,,,,
"HUANUCO_01_2020","HUANUCO_01_2020_P511",1,"potato","Kory","tubers",38.5185185185185,,TRUE,"doi:10.21223/B7HWWH",1711,FALSE,FALSE,"Peru","Huanuco",FALSE,,,,,,,,
"HUANUCO_01_2020","HUANUCO_01_2020_P512",1,"potato","CIP316364.151","tubers",23.5185185185185,,TRUE,"doi:10.21223/B7HWWH",1712,FALSE,FALSE,"Peru","Huanuco",FALSE,,,,,,,,
"HUANUCO_01_2020","HUANUCO_01_2020_P513",1,"potato","CIP316359.169","tubers",12.962962962963,,TRUE,"doi:10.21223/B7HWWH",1713,FALSE,FALSE,"Peru","Huanuco",FALSE,,,,,,,,
"HUANUCO_01_2020","HUANUCO_01_2020_P514",1,"potato","CIP316358.109","tubers",18.1481481481481,,TRUE,"doi:10.21223/B7HWWH",1714,FALSE,FALSE,"Peru","Huanuco",FALSE,,,,,,,,
"HUANUCO_01_2020","HUANUCO_01_2020_P515",1,"potato","CIP316386.141","tubers",34.8148148148148,,TRUE,"doi:10.21223/B7HWWH",1715,FALSE,FALSE,"Peru","Huanuco",FALSE,,,,,,,,
"HUANUCO_01_2020","HUANUCO_01_2020_P516",1,"potato","CIP316371.198","tubers",57.2222222222222,,TRUE,"doi:10.21223/B7HWWH",1716,FALSE,FALSE,"Peru","Huanuco",FALSE,,,,,,,,
"HUANUCO_01_2020","HUANUCO_01_2020_P517",1,"potato","CIP316386.142","tubers",15.3703703703704,,TRUE,"doi:10.21223/B7HWWH",1717,FALSE,FALSE,"Peru","Huanuco",FALSE,,,,,,,,
"HUANUCO_01_2020","HUANUCO_01_2020_P518",1,"potato","CIP316367.144","tubers",11.1111111111111,,TRUE,"doi:10.21223/B7HWWH",1718,FALSE,FALSE,"Peru","Huanuco",FALSE,,,,,,,,
"HUANUCO_01_2020","HUANUCO_01_2020_P519",1,"potato","CIP316354.172","tubers",30.7407407407407,,TRUE,"doi:10.21223/B7HWWH",1719,FALSE,FALSE,"Peru","Huanuco",FALSE,,,,,,,,
"HUANUCO_01_2020","HUANUCO_01_2020_P520",1,"potato","CIP316352.125","tubers",32.7777777777778,,TRUE,"doi:10.21223/B7HWWH",1720,FALSE,FALSE,"Peru","Huanuco",FALSE,,,,,,,,
"HUANUCO_01_2020","HUANUCO_01_2020_P521",1,"potato","CIP317017.26","tubers",28.3333333333333,,TRUE,"doi:10.21223/B7HWWH",1721,FALSE,FALSE,"Peru","Huanuco",FALSE,,,,,,,,
"HUANUCO_01_2020","HUANUCO_01_2020_P522",1,"potato","CIP316348.238","tubers",47.2222222222222,,TRUE,"doi:10.21223/B7HWWH",1722,FALSE,FALSE,"Peru","Huanuco",FALSE,,,,,,,,
"HUANUCO_01_2020","HUANUCO_01_2020_P523",1,"potato","CIP316362.167","tubers",6.2962962962963,,TRUE,"doi:10.21223/B7HWWH",1723,FALSE,FALSE,"Peru","Huanuco",FALSE,,,,,,,,
"HUANUCO_01_2020","HUANUCO_01_2020_P524",1,"potato","CIP316386.166","tubers",16.1111111111111,,TRUE,"doi:10.21223/B7HWWH",1724,FALSE,FALSE,"Peru","Huanuco",FALSE,,,,,,,,
"HUANUCO_01_2020","HUANUCO_01_2020_P525",1,"potato","CIP316345.247","tubers",25.1851851851852,,TRUE,"doi:10.21223/B7HWWH",1725,FALSE,FALSE,"Peru","Huanuco",FALSE,,,,,,,,
"HUANUCO_01_2020","HUANUCO_01_2020_P526",1,"potato","Kory","tubers",42.962962962963,,TRUE,"doi:10.21223/B7HWWH",1726,FALSE,FALSE,"Peru","Huanuco",FALSE,,,,,,,,
"HUANUCO_01_2020","HUANUCO_01_2020_P527",1,"potato","CIP316363.110","tubers",30.5555555555556,,TRUE,"doi:10.21223/B7HWWH",1727,FALSE,FALSE,"Peru","Huanuco",FALSE,,,,,,,,
"HUANUCO_01_2020","HUANUCO_01_2020_P528",1,"potato","CIP302533.74","tubers",9.62962962962963,,TRUE,"doi:10.21223/B7HWWH",1728,FALSE,FALSE,"Peru","Huanuco",FALSE,,,,,,,,
"HUANUCO_01_2020","HUANUCO_01_2020_P529",1,"potato","Amarilis","tubers",9.81481481481481,,TRUE,"doi:10.21223/B7HWWH",1729,FALSE,FALSE,"Peru","Huanuco",FALSE,,,,,,,,
"HUANUCO_01_2020","HUANUCO_01_2020_P530",1,"potato","CIP316387.132","tubers",13.5185185185185,,TRUE,"doi:10.21223/B7HWWH",1730,FALSE,FALSE,"Peru","Huanuco",FALSE,,,,,,,,
"HUANUCO_01_2020","HUANUCO_01_2020_P531",1,"potato","CIP316385.230","tubers",33.1481481481481,,TRUE,"doi:10.21223/B7HWWH",1731,FALSE,FALSE,"Peru","Huanuco",FALSE,,,,,,,,
"HUANUCO_01_2020","HUANUCO_01_2020_P532",1,"potato","CIP316367.171","tubers",39.4444444444444,,TRUE,"doi:10.21223/B7HWWH",1732,FALSE,FALSE,"Peru","Huanuco",FALSE,,,,,,,,
"HUANUCO_01_2020","HUANUCO_01_2020_P533",1,"potato","CIP316371.166","tubers",17.4074074074074,,TRUE,"doi:10.21223/B7HWWH",1733,FALSE,FALSE,"Peru","Huanuco",FALSE,,,,,,,,
"HUANUCO_01_2020","HUANUCO_01_2020_P534",1,"potato","CIP316373.137","tubers",33.5185185185185,,TRUE,"doi:10.21223/B7HWWH",1734,FALSE,FALSE,"Peru","Huanuco",FALSE,,,,,,,,
"HUANUCO_01_2020","HUANUCO_01_2020_P535",1,"potato","CIP316363.140","tubers",13.7037037037037,,TRUE,"doi:10.21223/B7HWWH",1735,FALSE,FALSE,"Peru","Huanuco",FALSE,,,,,,,,
"HUANUCO_01_2020","HUANUCO_01_2020_P536",1,"potato","CIP316384.146","tubers",31.8518518518519,,TRUE,"doi:10.21223/B7HWWH",1736,FALSE,FALSE,"Peru","Huanuco",FALSE,,,,,,,,
"HUANUCO_01_2020","HUANUCO_01_2020_P537",1,"potato","CIP316360.235","tubers",28.5185185185185,,TRUE,"doi:10.21223/B7HWWH",1737,FALSE,FALSE,"Peru","Huanuco",FALSE,,,,,,,,
"HUANUCO_01_2020","HUANUCO_01_2020_P538",1,"potato","CIP316358.144","tubers",14.0740740740741,,TRUE,"doi:10.21223/B7HWWH",1738,FALSE,FALSE,"Peru","Huanuco",FALSE,,,,,,,,
"HUANUCO_01_2020","HUANUCO_01_2020_P539",1,"potato","CIP316361.185","tubers",38.8888888888889,,TRUE,"doi:10.21223/B7HWWH",1739,FALSE,FALSE,"Peru","Huanuco",FALSE,,,,,,,,
"HUANUCO_01_2020","HUANUCO_01_2020_P540",1,"potato","Amarilis","tubers",11.4814814814815,,TRUE,"doi:10.21223/B7HWWH",1740,FALSE,FALSE,"Peru","Huanuco",FALSE,,,,,,,,
"HUANUCO_01_2020","HUANUCO_01_2020_P541",1,"potato","CIP316387.236","tubers",27.2222222222222,,TRUE,"doi:10.21223/B7HWWH",1741,FALSE,FALSE,"Peru","Huanuco",FALSE,,,,,,,,
"HUANUCO_01_2020","HUANUCO_01_2020_P542",1,"potato","CIP316370.143","tubers",52.7037037037037,,TRUE,"doi:10.21223/B7HWWH",1742,FALSE,FALSE,"Peru","Huanuco",FALSE,,,,,,,,
"HUANUCO_01_2020","HUANUCO_01_2020_P543",1,"potato","CIP316356.123","tubers",22.7777777777778,,TRUE,"doi:10.21223/B7HWWH",1743,FALSE,FALSE,"Peru","Huanuco",FALSE,,,,,,,,
"HUANUCO_01_2020","HUANUCO_01_2020_P544",1,"potato","CIP316353.165","tubers",32.037037037037,,TRUE,"doi:10.21223/B7HWWH",1744,FALSE,FALSE,"Peru","Huanuco",FALSE,,,,,,,,
"HUANUCO_01_2020","HUANUCO_01_2020_P545",1,"potato","CIP316349.160","tubers",34.2222222222222,,TRUE,"doi:10.21223/B7HWWH",1745,FALSE,FALSE,"Peru","Huanuco",FALSE,,,,,,,,
"HUANUCO_01_2020","HUANUCO_01_2020_P546",1,"potato","CIP316367.183","tubers",25.3703703703704,,TRUE,"doi:10.21223/B7HWWH",1746,FALSE,FALSE,"Peru","Huanuco",FALSE,,,,,,,,
"HUANUCO_01_2020","HUANUCO_01_2020_P547",1,"potato","CIP316352.178","tubers",29.0740740740741,,TRUE,"doi:10.21223/B7HWWH",1747,FALSE,FALSE,"Peru","Huanuco",FALSE,,,,,,,,
"HUANUCO_01_2020","HUANUCO_01_2020_P548",1,"potato","CIP316353.499","tubers",19.8148148148148,,TRUE,"doi:10.21223/B7HWWH",1748,FALSE,FALSE,"Peru","Huanuco",FALSE,,,,,,,,
"HUANUCO_01_2020","HUANUCO_01_2020_P549",1,"potato","CIP316359.173","tubers",30.1851851851852,,TRUE,"doi:10.21223/B7HWWH",1749,FALSE,FALSE,"Peru","Huanuco",FALSE,,,,,,,,
"HUANUCO_01_2020","HUANUCO_01_2020_P550",1,"potato","CIP316351.140","tubers",20.3703703703704,,TRUE,"doi:10.21223/B7HWWH",1750,FALSE,FALSE,"Peru","Huanuco",FALSE,,,,,,,,
"HUANUCO_01_2020","HUANUCO_01_2020_P551",1,"potato","CIP316376.153","tubers",16.4814814814815,,TRUE,"doi:10.21223/B7HWWH",1751,FALSE,FALSE,"Peru","Huanuco",FALSE,,,,,,,,
"HUANUCO_01_2020","HUANUCO_01_2020_P552",1,"potato","CIP316348.171","tubers",32.2222222222222,,TRUE,"doi:10.21223/B7HWWH",1752,FALSE,FALSE,"Peru","Huanuco",FALSE,,,,,,,,
"HUANUCO_01_2020","HUANUCO_01_2020_P553",1,"potato","Amarilis","tubers",6.2962962962963,,TRUE,"doi:10.21223/B7HWWH",1753,FALSE,FALSE,"Peru","Huanuco",FALSE,,,,,,,,
"HUANUCO_01_2020","HUANUCO_01_2020_P554",1,"potato","CIP316350.104","tubers",42.037037037037,,TRUE,"doi:10.21223/B7HWWH",1754,FALSE,FALSE,"Peru","Huanuco",FALSE,,,,,,,,
"HUANUCO_01_2020","HUANUCO_01_2020_P555",1,"potato","CIP398098.65","tubers",24.0740740740741,,TRUE,"doi:10.21223/B7HWWH",1755,FALSE,FALSE,"Peru","Huanuco",FALSE,,,,,,,,
"HUANUCO_01_2020","HUANUCO_01_2020_P556",1,"potato","Amarilis","tubers",16.6666666666667,,TRUE,"doi:10.21223/B7HWWH",1756,FALSE,FALSE,"Peru","Huanuco",FALSE,,,,,,,,
"HUANUCO_01_2020","HUANUCO_01_2020_P557",1,"potato","CIP316362.155","tubers",7.59259259259259,,TRUE,"doi:10.21223/B7HWWH",1757,FALSE,FALSE,"Peru","Huanuco",FALSE,,,,,,,,
"HUANUCO_01_2020","HUANUCO_01_2020_P558",1,"potato","CIP316352.113","tubers",7.03703703703704,,TRUE,"doi:10.21223/B7HWWH",1758,FALSE,FALSE,"Peru","Huanuco",FALSE,,,,,,,,
"HUANUCO_01_2020","HUANUCO_01_2020_P559",1,"potato","CIP316361.117","tubers",35.1851851851852,,TRUE,"doi:10.21223/B7HWWH",1759,FALSE,FALSE,"Peru","Huanuco",FALSE,,,,,,,,
"HUANUCO_01_2020","HUANUCO_01_2020_P560",1,"potato","CIP316357.156","tubers",40.7407407407407,,TRUE,"doi:10.21223/B7HWWH",1760,FALSE,FALSE,"Peru","Huanuco",FALSE,,,,,,,,
"HUANUCO_01_2020","HUANUCO_01_2020_P561",1,"potato","CIP317017.65","tubers",26.8518518518519,,TRUE,"doi:10.21223/B7HWWH",1761,FALSE,FALSE,"Peru","Huanuco",FALSE,,,,,,,,
"HUANUCO_01_2020","HUANUCO_01_2020_P562",1,"potato","Amarilis","tubers",5.55555555555555,,TRUE,"doi:10.21223/B7HWWH",1762,FALSE,FALSE,"Peru","Huanuco",FALSE,,,,,,,,
"HUANUCO_01_2020","HUANUCO_01_2020_P563",1,"potato","CIP316361.108","tubers",29.6296296296296,,TRUE,"doi:10.21223/B7HWWH",1763,FALSE,FALSE,"Peru","Huanuco",FALSE,,,,,,,,
"HUANUCO_01_2020","HUANUCO_01_2020_P564",1,"potato","CIP316361.101","tubers",38.8888888888889,,TRUE,"doi:10.21223/B7HWWH",1764,FALSE,FALSE,"Peru","Huanuco",FALSE,,,,,,,,
"HUANUCO_01_2020","HUANUCO_01_2020_P565",1,"potato","CIP316357.226","tubers",38.7037037037037,,TRUE,"doi:10.21223/B7HWWH",1765,FALSE,FALSE,"Peru","Huanuco",FALSE,,,,,,,,
"HUANUCO_01_2020","HUANUCO_01_2020_P566",1,"potato","CIP316370.116","tubers",46.8518518518518,,TRUE,"doi:10.21223/B7HWWH",1766,FALSE,FALSE,"Peru","Huanuco",FALSE,,,,,,,,
"HUANUCO_01_2020","HUANUCO_01_2020_P567",1,"potato","CIP316358.184","tubers",19.8888888888889,,TRUE,"doi:10.21223/B7HWWH",1767,FALSE,FALSE,"Peru","Huanuco",FALSE,,,,,,,,
"HUANUCO_01_2020","HUANUCO_01_2020_P568",1,"potato","CIP316384.116","tubers",36.6666666666667,,TRUE,"doi:10.21223/B7HWWH",1768,FALSE,FALSE,"Peru","Huanuco",FALSE,,,,,,,,
"HUANUCO_01_2020","HUANUCO_01_2020_P569",1,"potato","CIP316359.228","tubers",45.3703703703704,,TRUE,"doi:10.21223/B7HWWH",1769,FALSE,FALSE,"Peru","Huanuco",FALSE,,,,,,,,
"HUANUCO_01_2020","HUANUCO_01_2020_P570",1,"potato","Amarilis","tubers",15.3703703703704,,TRUE,"doi:10.21223/B7HWWH",1770,FALSE,FALSE,"Peru","Huanuco",FALSE,,,,,,,,
"HUANUCO_01_2020","HUANUCO_01_2020_P571",1,"potato","CIP316353.158","tubers",34.0740740740741,,TRUE,"doi:10.21223/B7HWWH",1771,FALSE,FALSE,"Peru","Huanuco",FALSE,,,,,,,,
"HUANUCO_01_2020","HUANUCO_01_2020_P572",1,"potato","CIP316359.249","tubers",35.9259259259259,,TRUE,"doi:10.21223/B7HWWH",1772,FALSE,FALSE,"Peru","Huanuco",FALSE,,,,,,,,
"HUANUCO_01_2020","HUANUCO_01_2020_P573",1,"potato","Kory","tubers",31.8518518518518,,TRUE,"doi:10.21223/B7HWWH",1773,FALSE,FALSE,"Peru","Huanuco",FALSE,,,,,,,,
"HUANUCO_01_2020","HUANUCO_01_2020_P574",1,"potato","CIP316359.167","tubers",25.5555555555556,,TRUE,"doi:10.21223/B7HWWH",1774,FALSE,FALSE,"Peru","Huanuco",FALSE,,,,,,,,
"HUANUCO_01_2020","HUANUCO_01_2020_P575",1,"potato","CIP316379.149","tubers",32.962962962963,,TRUE,"doi:10.21223/B7HWWH",1775,FALSE,FALSE,"Peru","Huanuco",FALSE,,,,,,,,
"HUANUCO_01_2020","HUANUCO_01_2020_P576",1,"potato","CIP317015.460","tubers",25.1851851851852,,TRUE,"doi:10.21223/B7HWWH",1776,FALSE,FALSE,"Peru","Huanuco",FALSE,,,,,,,,
"HUANUCO_01_2020","HUANUCO_01_2020_P577",1,"potato","CIP316378.134","tubers",29.6296296296296,,TRUE,"doi:10.21223/B7HWWH",1777,FALSE,FALSE,"Peru","Huanuco",FALSE,,,,,,,,
"HUANUCO_01_2020","HUANUCO_01_2020_P578",1,"potato","CIP316367.160","tubers",24.0740740740741,,TRUE,"doi:10.21223/B7HWWH",1778,FALSE,FALSE,"Peru","Huanuco",FALSE,,,,,,,,
"HUANUCO_01_2020","HUANUCO_01_2020_P579",1,"potato","Kory","tubers",33.7037037037037,,TRUE,"doi:10.21223/B7HWWH",1779,FALSE,FALSE,"Peru","Huanuco",FALSE,,,,,,,,
"HUANUCO_01_2020","HUANUCO_01_2020_P580",1,"potato","CIP316364.154","tubers",18.1481481481481,,TRUE,"doi:10.21223/B7HWWH",1780,FALSE,FALSE,"Peru","Huanuco",FALSE,,,,,,,,
"HUANUCO_01_2020","HUANUCO_01_2020_P581",1,"potato","CIP398201.510","tubers",31.8518518518518,,TRUE,"doi:10.21223/B7HWWH",1781,FALSE,FALSE,"Peru","Huanuco",FALSE,,,,,,,,
"HUANUCO_01_2020","HUANUCO_01_2020_P582",1,"potato","CIP316373.238","tubers",16.6666666666667,,TRUE,"doi:10.21223/B7HWWH",1782,FALSE,FALSE,"Peru","Huanuco",FALSE,,,,,,,,
"HUANUCO_01_2020","HUANUCO_01_2020_P583",1,"potato","CIP316365.127","tubers",16.6666666666667,,TRUE,"doi:10.21223/B7HWWH",1783,FALSE,FALSE,"Peru","Huanuco",FALSE,,,,,,,,
"HUANUCO_01_2020","HUANUCO_01_2020_P584",1,"potato","CIP316385.146","tubers",19.4444444444444,,TRUE,"doi:10.21223/B7HWWH",1784,FALSE,FALSE,"Peru","Huanuco",FALSE,,,,,,,,
"HUANUCO_01_2020","HUANUCO_01_2020_P585",1,"potato","CIP316371.125","tubers",18.7037037037037,,TRUE,"doi:10.21223/B7HWWH",1785,FALSE,FALSE,"Peru","Huanuco",FALSE,,,,,,,,
"HUANUCO_01_2020","HUANUCO_01_2020_P586",1,"potato","CIP316360.199","tubers",27.037037037037,,TRUE,"doi:10.21223/B7HWWH",1786,FALSE,FALSE,"Peru","Huanuco",FALSE,,,,,,,,
"HUANUCO_01_2020","HUANUCO_01_2020_P587",1,"potato","CIP316389.146","tubers",39.8148148148148,,TRUE,"doi:10.21223/B7HWWH",1787,FALSE,FALSE,"Peru","Huanuco",FALSE,,,,,,,,
"HUANUCO_01_2020","HUANUCO_01_2020_P588",1,"potato","CIP316377.152","tubers",17.5925925925926,,TRUE,"doi:10.21223/B7HWWH",1788,FALSE,FALSE,"Peru","Huanuco",FALSE,,,,,,,,
"HUANUCO_01_2020","HUANUCO_01_2020_P589",1,"potato","CIP316386.121","tubers",40.3703703703704,,TRUE,"doi:10.21223/B7HWWH",1789,FALSE,FALSE,"Peru","Huanuco",FALSE,,,,,,,,
"HUANUCO_01_2020","HUANUCO_01_2020_P590",1,"potato","CIP316367.177","tubers",38.8888888888889,,TRUE,"doi:10.21223/B7HWWH",1790,FALSE,FALSE,"Peru","Huanuco",FALSE,,,,,,,,
"HUANUCO_01_2020","HUANUCO_01_2020_P591",1,"potato","CIP316390.109","tubers",34.2592592592593,,TRUE,"doi:10.21223/B7HWWH",1791,FALSE,FALSE,"Peru","Huanuco",FALSE,,,,,,,,
"HUANUCO_01_2020","HUANUCO_01_2020_P592",1,"potato","CIP316362.121","tubers",23.3333333333333,,TRUE,"doi:10.21223/B7HWWH",1792,FALSE,FALSE,"Peru","Huanuco",FALSE,,,,,,,,
"HUANUCO_01_2020","HUANUCO_01_2020_P593",1,"potato","CIP316390.167","tubers",38.7037037037037,,TRUE,"doi:10.21223/B7HWWH",1793,FALSE,FALSE,"Peru","Huanuco",FALSE,,,,,,,,
"HUANUCO_01_2020","HUANUCO_01_2020_P594",1,"potato","CIP316353.120","tubers",6.85185185185185,,TRUE,"doi:10.21223/B7HWWH",1794,FALSE,FALSE,"Peru","Huanuco",FALSE,,,,,,,,
"HUANUCO_01_2020","HUANUCO_01_2020_P595",1,"potato","CIP316383.140","tubers",32.7777777777778,,TRUE,"doi:10.21223/B7HWWH",1795,FALSE,FALSE,"Peru","Huanuco",FALSE,,,,,,,,
"HUANUCO_01_2020","HUANUCO_01_2020_P596",1,"potato","Kory","tubers",47.4074074074074,,TRUE,"doi:10.21223/B7HWWH",1796,FALSE,FALSE,"Peru","Huanuco",FALSE,,,,,,,,
"HUANUCO_01_2020","HUANUCO_01_2020_P597",1,"potato","CIP317029.430","tubers",48.3333333333333,,TRUE,"doi:10.21223/B7HWWH",1797,FALSE,FALSE,"Peru","Huanuco",FALSE,,,,,,,,
"HUANUCO_01_2020","HUANUCO_01_2020_P598",1,"potato","Yungay","tubers",6.48148148148148,,TRUE,"doi:10.21223/B7HWWH",1798,FALSE,FALSE,"Peru","Huanuco",FALSE,,,,,,,,
"HUANUCO_01_2020","HUANUCO_01_2020_P599",1,"potato","CIP316360.158","tubers",2.96296296296296,,TRUE,"doi:10.21223/B7HWWH",1799,FALSE,FALSE,"Peru","Huanuco",FALSE,,,,,,,,
"HUANUCO_01_2020","HUANUCO_01_2020_P600",1,"potato","CIP316385.116","tubers",10.5555555555556,,TRUE,"doi:10.21223/B7HWWH",1800,FALSE,FALSE,"Peru","Huanuco",FALSE,,,,,,,,
"HUANUCO_01_2020","HUANUCO_01_2020_P601",2,"potato","CIP316358.144","tubers",18.1481481481481,,TRUE,"doi:10.21223/B7HWWH",1801,FALSE,FALSE,"Peru","Huanuco",FALSE,,,,,,,,
"HUANUCO_01_2020","HUANUCO_01_2020_P602",2,"potato","CIP316360.220","tubers",24.6296296296296,,TRUE,"doi:10.21223/B7HWWH",1802,FALSE,FALSE,"Peru","Huanuco",FALSE,,,,,,,,
"HUANUCO_01_2020","HUANUCO_01_2020_P603",2,"potato","CIP317015.436","tubers",47.2222222222222,,TRUE,"doi:10.21223/B7HWWH",1803,FALSE,FALSE,"Peru","Huanuco",FALSE,,,,,,,,
"HUANUCO_01_2020","HUANUCO_01_2020_P604",2,"potato","CIP316367.194","tubers",66.8518518518518,,TRUE,"doi:10.21223/B7HWWH",1804,FALSE,FALSE,"Peru","Huanuco",FALSE,,,,,,,,
"HUANUCO_01_2020","HUANUCO_01_2020_P605",2,"potato","CIP316352.118","tubers",37.5925925925926,,TRUE,"doi:10.21223/B7HWWH",1805,FALSE,FALSE,"Peru","Huanuco",FALSE,,,,,,,,
"HUANUCO_01_2020","HUANUCO_01_2020_P606",2,"potato","CIP316391.105","tubers",75.9259259259259,,TRUE,"doi:10.21223/B7HWWH",1806,FALSE,FALSE,"Peru","Huanuco",FALSE,,,,,,,,
"HUANUCO_01_2020","HUANUCO_01_2020_P607",2,"potato","CIP316360.227","tubers",24.6296296296296,,TRUE,"doi:10.21223/B7HWWH",1807,FALSE,FALSE,"Peru","Huanuco",FALSE,,,,,,,,
"HUANUCO_01_2020","HUANUCO_01_2020_P608",2,"potato","CIP316356.162","tubers",46.1111111111111,,TRUE,"doi:10.21223/B7HWWH",1808,FALSE,FALSE,"Peru","Huanuco",FALSE,,,,,,,,
"HUANUCO_01_2020","HUANUCO_01_2020_P609",2,"potato","Kory","tubers",35.5555555555556,,TRUE,"doi:10.21223/B7HWWH",1809,FALSE,FALSE,"Peru","Huanuco",FALSE,,,,,,,,
"HUANUCO_01_2020","HUANUCO_01_2020_P610",2,"potato","CIP398098.65","tubers",21.2962962962963,,TRUE,"doi:10.21223/B7HWWH",1810,FALSE,FALSE,"Peru","Huanuco",FALSE,,,,,,,,
"HUANUCO_01_2020","HUANUCO_01_2020_P611",2,"potato","CIP316368.159","tubers",39.8148148148148,,TRUE,"doi:10.21223/B7HWWH",1811,FALSE,FALSE,"Peru","Huanuco",FALSE,,,,,,,,
"HUANUCO_01_2020","HUANUCO_01_2020_P612",2,"potato","CIP316353.719","tubers",19.2592592592593,,TRUE,"doi:10.21223/B7HWWH",1812,FALSE,FALSE,"Peru","Huanuco",FALSE,,,,,,,,
"HUANUCO_01_2020","HUANUCO_01_2020_P613",2,"potato","CIP316357.119","tubers",55.9259259259259,,TRUE,"doi:10.21223/B7HWWH",1813,FALSE,FALSE,"Peru","Huanuco",FALSE,,,,,,,,
"HUANUCO_01_2020","HUANUCO_01_2020_P614",2,"potato","CIP316384.227","tubers",13.8888888888889,,TRUE,"doi:10.21223/B7HWWH",1814,FALSE,FALSE,"Peru","Huanuco",FALSE,,,,,,,,
"HUANUCO_01_2020","HUANUCO_01_2020_P615",2,"potato","CIP316362.101","tubers",30,,TRUE,"doi:10.21223/B7HWWH",1815,FALSE,FALSE,"Peru","Huanuco",FALSE,,,,,,,,
"HUANUCO_01_2020","HUANUCO_01_2020_P616",2,"potato","CIP316359.134","tubers",56.1111111111111,,TRUE,"doi:10.21223/B7HWWH",1816,FALSE,FALSE,"Peru","Huanuco",FALSE,,,,,,,,
"HUANUCO_01_2020","HUANUCO_01_2020_P617",2,"potato","Amarilis","tubers",9.07407407407407,,TRUE,"doi:10.21223/B7HWWH",1817,FALSE,FALSE,"Peru","Huanuco",FALSE,,,,,,,,
"HUANUCO_01_2020","HUANUCO_01_2020_P618",2,"potato","Yungay","tubers",7.77777777777778,,TRUE,"doi:10.21223/B7HWWH",1818,FALSE,FALSE,"Peru","Huanuco",FALSE,,,,,,,,
"HUANUCO_01_2020","HUANUCO_01_2020_P619",2,"potato","CIP316360.158","tubers",29.6296296296296,,TRUE,"doi:10.21223/B7HWWH",1819,FALSE,FALSE,"Peru","Huanuco",FALSE,,,,,,,,
"HUANUCO_01_2020","HUANUCO_01_2020_P620",2,"potato","CIP316349.189","tubers",35.1851851851852,,TRUE,"doi:10.21223/B7HWWH",1820,FALSE,FALSE,"Peru","Huanuco",FALSE,,,,,,,,
"HUANUCO_01_2020","HUANUCO_01_2020_P621",2,"potato","CIP316362.167","tubers",13.8888888888889,,TRUE,"doi:10.21223/B7HWWH",1821,FALSE,FALSE,"Peru","Huanuco",FALSE,,,,,,,,
"HUANUCO_01_2020","HUANUCO_01_2020_P622",2,"potato","CIP316348.151","tubers",45.7407407407407,,TRUE,"doi:10.21223/B7HWWH",1822,FALSE,FALSE,"Peru","Huanuco",FALSE,,,,,,,,
"HUANUCO_01_2020","HUANUCO_01_2020_P623",2,"potato","CIP302551.26","tubers",11.8518518518519,,TRUE,"doi:10.21223/B7HWWH",1823,FALSE,FALSE,"Peru","Huanuco",FALSE,,,,,,,,
"HUANUCO_01_2020","HUANUCO_01_2020_P624",2,"potato","CIP316384.152","tubers",35.7407407407407,,TRUE,"doi:10.21223/B7HWWH",1824,FALSE,FALSE,"Peru","Huanuco",FALSE,,,,,,,,
"HUANUCO_01_2020","HUANUCO_01_2020_P625",2,"potato","CIP316387.198","tubers",31.4814814814815,,TRUE,"doi:10.21223/B7HWWH",1825,FALSE,FALSE,"Peru","Huanuco",FALSE,,,,,,,,
"HUANUCO_01_2020","HUANUCO_01_2020_P626",2,"potato","CIP316367.173","tubers",25.3703703703704,,TRUE,"doi:10.21223/B7HWWH",1826,FALSE,FALSE,"Peru","Huanuco",FALSE,,,,,,,,
"HUANUCO_01_2020","HUANUCO_01_2020_P627",2,"potato","CIP316375.103","tubers",18.1481481481481,,TRUE,"doi:10.21223/B7HWWH",1827,FALSE,FALSE,"Peru","Huanuco",FALSE,,,,,,,,
"HUANUCO_01_2020","HUANUCO_01_2020_P628",2,"potato","CIP316390.167","tubers",46.8518518518518,,TRUE,"doi:10.21223/B7HWWH",1828,FALSE,FALSE,"Peru","Huanuco",FALSE,,,,,,,,
"HUANUCO_01_2020","HUANUCO_01_2020_P629",2,"potato","CIP316367.147","tubers",47.2222222222222,,TRUE,"doi:10.21223/B7HWWH",1829,FALSE,FALSE,"Peru","Huanuco",FALSE,,,,,,,,
"HUANUCO_01_2020","HUANUCO_01_2020_P630",2,"potato","CIP317028.494","tubers",12.7777777777778,,TRUE,"doi:10.21223/B7HWWH",1830,FALSE,FALSE,"Peru","Huanuco",FALSE,,,,,,,,
"HUANUCO_01_2020","HUANUCO_01_2020_P631",2,"potato","CIP316371.139","tubers",41.8518518518518,,TRUE,"doi:10.21223/B7HWWH",1831,FALSE,FALSE,"Peru","Huanuco",FALSE,,,,,,,,
"HUANUCO_01_2020","HUANUCO_01_2020_P632",2,"potato","CIP316382.149","tubers",37.7777777777778,,TRUE,"doi:10.21223/B7HWWH",1832,FALSE,FALSE,"Peru","Huanuco",FALSE,,,,,,,,
"HUANUCO_01_2020","HUANUCO_01_2020_P633",2,"potato","CIP317017.85","tubers",2.22222222222222,,TRUE,"doi:10.21223/B7HWWH",1833,FALSE,FALSE,"Peru","Huanuco",FALSE,,,,,,,,
"HUANUCO_01_2020","HUANUCO_01_2020_P634",2,"potato","CIP316363.167","tubers",29.4444444444444,,TRUE,"doi:10.21223/B7HWWH",1834,FALSE,FALSE,"Peru","Huanuco",FALSE,,,,,,,,
"HUANUCO_01_2020","HUANUCO_01_2020_P635",2,"potato","Yungay","tubers",9.44444444444444,,TRUE,"doi:10.21223/B7HWWH",1835,FALSE,FALSE,"Peru","Huanuco",FALSE,,,,,,,,
"HUANUCO_01_2020","HUANUCO_01_2020_P636",2,"potato","CIP398208.219","tubers",30.1851851851852,,TRUE,"doi:10.21223/B7HWWH",1836,FALSE,FALSE,"Peru","Huanuco",FALSE,,,,,,,,
"HUANUCO_01_2020","HUANUCO_01_2020_P637",2,"potato","CIP316360.116","tubers",28.5185185185185,,TRUE,"doi:10.21223/B7HWWH",1837,FALSE,FALSE,"Peru","Huanuco",FALSE,,,,,,,,
"HUANUCO_01_2020","HUANUCO_01_2020_P638",2,"potato","CIP316367.102","tubers",46.4814814814815,,TRUE,"doi:10.21223/B7HWWH",1838,FALSE,FALSE,"Peru","Huanuco",FALSE,,,,,,,,
"HUANUCO_01_2020","HUANUCO_01_2020_P639",2,"potato","CIP316385.116","tubers",23.3333333333333,,TRUE,"doi:10.21223/B7HWWH",1839,FALSE,FALSE,"Peru","Huanuco",FALSE,,,,,,,,
"HUANUCO_01_2020","HUANUCO_01_2020_P640",2,"potato","CIP316360.145","tubers",14.4444444444444,,TRUE,"doi:10.21223/B7HWWH",1840,FALSE,FALSE,"Peru","Huanuco",FALSE,,,,,,,,
"HUANUCO_01_2020","HUANUCO_01_2020_P641",2,"potato","CIP316385.109","tubers",32.5925925925926,,TRUE,"doi:10.21223/B7HWWH",1841,FALSE,FALSE,"Peru","Huanuco",FALSE,,,,,,,,
"HUANUCO_01_2020","HUANUCO_01_2020_P642",2,"potato","CIP316350.120","tubers",38.7037037037037,,TRUE,"doi:10.21223/B7HWWH",1842,FALSE,FALSE,"Peru","Huanuco",FALSE,,,,,,,,
"HUANUCO_01_2020","HUANUCO_01_2020_P643",2,"potato","CIP316356.135","tubers",37.962962962963,,TRUE,"doi:10.21223/B7HWWH",1843,FALSE,FALSE,"Peru","Huanuco",FALSE,,,,,,,,
"HUANUCO_01_2020","HUANUCO_01_2020_P644",2,"potato","CIP317015.435","tubers",24.8148148148148,,TRUE,"doi:10.21223/B7HWWH",1844,FALSE,FALSE,"Peru","Huanuco",FALSE,,,,,,,,
"HUANUCO_01_2020","HUANUCO_01_2020_P645",2,"potato","CIP317016.431","tubers",30,,TRUE,"doi:10.21223/B7HWWH",1845,FALSE,FALSE,"Peru","Huanuco",FALSE,,,,,,,,
"HUANUCO_01_2020","HUANUCO_01_2020_P646",2,"potato","CIP316358.174","tubers",35.3703703703704,,TRUE,"doi:10.21223/B7HWWH",1846,FALSE,FALSE,"Peru","Huanuco",FALSE,,,,,,,,
"HUANUCO_01_2020","HUANUCO_01_2020_P647",2,"potato","CIP316356.117","tubers",47.7777777777778,,TRUE,"doi:10.21223/B7HWWH",1847,FALSE,FALSE,"Peru","Huanuco",FALSE,,,,,,,,
"HUANUCO_01_2020","HUANUCO_01_2020_P648",2,"potato","CIP316365.146","tubers",32.5925925925926,,TRUE,"doi:10.21223/B7HWWH",1848,FALSE,FALSE,"Peru","Huanuco",FALSE,,,,,,,,
"HUANUCO_01_2020","HUANUCO_01_2020_P649",2,"potato","CIP316360.101","tubers",29.2592592592593,,TRUE,"doi:10.21223/B7HWWH",1849,FALSE,FALSE,"Peru","Huanuco",FALSE,,,,,,,,
"HUANUCO_01_2020","HUANUCO_01_2020_P650",2,"potato","Yungay","tubers",14.0740740740741,,TRUE,"doi:10.21223/B7HWWH",1850,FALSE,FALSE,"Peru","Huanuco",FALSE,,,,,,,,
"HUANUCO_01_2020","HUANUCO_01_2020_P651",2,"potato","CIP317017.59","tubers",21.6666666666667,,TRUE,"doi:10.21223/B7HWWH",1851,FALSE,FALSE,"Peru","Huanuco",FALSE,,,,,,,,
"HUANUCO_01_2020","HUANUCO_01_2020_P652",2,"potato","CIP316358.230","tubers",23.1481481481481,,TRUE,"doi:10.21223/B7HWWH",1852,FALSE,FALSE,"Peru","Huanuco",FALSE,,,,,,,,
"HUANUCO_01_2020","HUANUCO_01_2020_P653",2,"potato","CIP316359.167","tubers",23.3333333333333,,TRUE,"doi:10.21223/B7HWWH",1853,FALSE,FALSE,"Peru","Huanuco",FALSE,,,,,,,,
"HUANUCO_01_2020","HUANUCO_01_2020_P654",2,"potato","CIP316361.101","tubers",33.8888888888889,,TRUE,"doi:10.21223/B7HWWH",1854,FALSE,FALSE,"Peru","Huanuco",FALSE,,,,,,,,
"HUANUCO_01_2020","HUANUCO_01_2020_P655",2,"potato","Amarilis","tubers",10.3703703703704,,TRUE,"doi:10.21223/B7HWWH",1855,FALSE,FALSE,"Peru","Huanuco",FALSE,,,,,,,,
"HUANUCO_01_2020","HUANUCO_01_2020_P656",2,"potato","CIP316385.230","tubers",33.3333333333333,,TRUE,"doi:10.21223/B7HWWH",1856,FALSE,FALSE,"Peru","Huanuco",FALSE,,,,,,,,
"HUANUCO_01_2020","HUANUCO_01_2020_P657",2,"potato","CIP316353.501","tubers",45.9259259259259,,TRUE,"doi:10.21223/B7HWWH",1857,FALSE,FALSE,"Peru","Huanuco",FALSE,,,,,,,,
"HUANUCO_01_2020","HUANUCO_01_2020_P658",2,"potato","CIP316361.110","tubers",35,,TRUE,"doi:10.21223/B7HWWH",1858,FALSE,FALSE,"Peru","Huanuco",FALSE,,,,,,,,
"HUANUCO_01_2020","HUANUCO_01_2020_P659",2,"potato","Amarilis","tubers",16.8518518518519,,TRUE,"doi:10.21223/B7HWWH",1859,FALSE,FALSE,"Peru","Huanuco",FALSE,,,,,,,,
"HUANUCO_01_2020","HUANUCO_01_2020_P660",2,"potato","CIP316367.132","tubers",69.2592592592593,,TRUE,"doi:10.21223/B7HWWH",1860,FALSE,FALSE,"Peru","Huanuco",FALSE,,,,,,,,
"HUANUCO_01_2020","HUANUCO_01_2020_P661",2,"potato","CIP316379.114","tubers",22.4074074074074,,TRUE,"doi:10.21223/B7HWWH",1861,FALSE,FALSE,"Peru","Huanuco",FALSE,,,,,,,,
"HUANUCO_01_2020","HUANUCO_01_2020_P662",2,"potato","CIP316365.133","tubers",32.7777777777778,,TRUE,"doi:10.21223/B7HWWH",1862,FALSE,FALSE,"Peru","Huanuco",FALSE,,,,,,,,
"HUANUCO_01_2020","HUANUCO_01_2020_P663",2,"potato","CIP316387.153","tubers",18.5185185185185,,TRUE,"doi:10.21223/B7HWWH",1863,FALSE,FALSE,"Peru","Huanuco",FALSE,,,,,,,,
"HUANUCO_01_2020","HUANUCO_01_2020_P664",2,"potato","CIP316364.136","tubers",23.1481481481481,,TRUE,"doi:10.21223/B7HWWH",1864,FALSE,FALSE,"Peru","Huanuco",FALSE,,,,,,,,
"HUANUCO_01_2020","HUANUCO_01_2020_P665",2,"potato","CIP316376.174","tubers",34.0740740740741,,TRUE,"doi:10.21223/B7HWWH",1865,FALSE,FALSE,"Peru","Huanuco",FALSE,,,,,,,,
"HUANUCO_01_2020","HUANUCO_01_2020_P666",2,"potato","CIP316361.181","tubers",38.1481481481482,,TRUE,"doi:10.21223/B7HWWH",1866,FALSE,FALSE,"Peru","Huanuco",FALSE,,,,,,,,
"HUANUCO_01_2020","HUANUCO_01_2020_P667",2,"potato","Kory","tubers",50.7407407407407,,TRUE,"doi:10.21223/B7HWWH",1867,FALSE,FALSE,"Peru","Huanuco",FALSE,,,,,,,,
"HUANUCO_01_2020","HUANUCO_01_2020_P668",2,"potato","CIP316360.187","tubers",20.9259259259259,,TRUE,"doi:10.21223/B7HWWH",1868,FALSE,FALSE,"Peru","Huanuco",FALSE,,,,,,,,
"HUANUCO_01_2020","HUANUCO_01_2020_P669",2,"potato","Yungay","tubers",12.2222222222222,,TRUE,"doi:10.21223/B7HWWH",1869,FALSE,FALSE,"Peru","Huanuco",FALSE,,,,,,,,
"HUANUCO_01_2020","HUANUCO_01_2020_P670",2,"potato","CIP316378.108","tubers",29.4444444444444,,TRUE,"doi:10.21223/B7HWWH",1870,FALSE,FALSE,"Peru","Huanuco",FALSE,,,,,,,,
"HUANUCO_01_2020","HUANUCO_01_2020_P671",2,"potato","CIP316371.133","tubers",17.037037037037,,TRUE,"doi:10.21223/B7HWWH",1871,FALSE,FALSE,"Peru","Huanuco",FALSE,,,,,,,,
"HUANUCO_01_2020","HUANUCO_01_2020_P672",2,"potato","CIP316353.499","tubers",27.2222222222222,,TRUE,"doi:10.21223/B7HWWH",1872,FALSE,FALSE,"Peru","Huanuco",FALSE,,,,,,,,
"HUANUCO_01_2020","HUANUCO_01_2020_P673",2,"potato","CIP316360.155","tubers",22.7777777777778,,TRUE,"doi:10.21223/B7HWWH",1873,FALSE,FALSE,"Peru","Huanuco",FALSE,,,,,,,,
"HUANUCO_01_2020","HUANUCO_01_2020_P674",2,"potato","CIP316353.432","tubers",16.1111111111111,,TRUE,"doi:10.21223/B7HWWH",1874,FALSE,FALSE,"Peru","Huanuco",FALSE,,,,,,,,
"HUANUCO_01_2020","HUANUCO_01_2020_P675",2,"potato","CIP316357.136","tubers",25.3703703703704,,TRUE,"doi:10.21223/B7HWWH",1875,FALSE,FALSE,"Peru","Huanuco",FALSE,,,,,,,,
"HUANUCO_01_2020","HUANUCO_01_2020_P676",2,"potato","CIP316352.125","tubers",36.4814814814815,,TRUE,"doi:10.21223/B7HWWH",1876,FALSE,FALSE,"Peru","Huanuco",FALSE,,,,,,,,
"HUANUCO_01_2020","HUANUCO_01_2020_P677",2,"potato","CIP398208.670","tubers",28.1481481481481,,TRUE,"doi:10.21223/B7HWWH",1877,FALSE,FALSE,"Peru","Huanuco",FALSE,,,,,,,,
"HUANUCO_01_2020","HUANUCO_01_2020_P678",2,"potato","CIP316358.184","tubers",26.2962962962963,,TRUE,"doi:10.21223/B7HWWH",1878,FALSE,FALSE,"Peru","Huanuco",FALSE,,,,,,,,
"HUANUCO_01_2020","HUANUCO_01_2020_P679",2,"potato","CIP316363.127","tubers",31.6666666666667,,TRUE,"doi:10.21223/B7HWWH",1879,FALSE,FALSE,"Peru","Huanuco",FALSE,,,,,,,,
"HUANUCO_01_2020","HUANUCO_01_2020_P680",2,"potato","Kory","tubers",55.7407407407407,,TRUE,"doi:10.21223/B7HWWH",1880,FALSE,FALSE,"Peru","Huanuco",FALSE,,,,,,,,
"HUANUCO_01_2020","HUANUCO_01_2020_P681",2,"potato","CIP317017.17","tubers",24.2592592592593,,TRUE,"doi:10.21223/B7HWWH",1881,FALSE,FALSE,"Peru","Huanuco",FALSE,,,,,,,,
"HUANUCO_01_2020","HUANUCO_01_2020_P682",2,"potato","CIP316367.125","tubers",44.2592592592593,,TRUE,"doi:10.21223/B7HWWH",1882,FALSE,FALSE,"Peru","Huanuco",FALSE,,,,,,,,
"HUANUCO_01_2020","HUANUCO_01_2020_P683",2,"potato","Kory","tubers",22.037037037037,,TRUE,"doi:10.21223/B7HWWH",1883,FALSE,FALSE,"Peru","Huanuco",FALSE,,,,,,,,
"HUANUCO_01_2020","HUANUCO_01_2020_P684",2,"potato","CIP316353.125","tubers",17.4074074074074,,TRUE,"doi:10.21223/B7HWWH",1884,FALSE,FALSE,"Peru","Huanuco",FALSE,,,,,,,,
"HUANUCO_01_2020","HUANUCO_01_2020_P685",2,"potato","CIP316377.127","tubers",32.5925925925926,,TRUE,"doi:10.21223/B7HWWH",1885,FALSE,FALSE,"Peru","Huanuco",FALSE,,,,,,,,
"HUANUCO_01_2020","HUANUCO_01_2020_P686",2,"potato","CIP316345.726","tubers",23.1851851851852,,TRUE,"doi:10.21223/B7HWWH",1886,FALSE,FALSE,"Peru","Huanuco",FALSE,,,,,,,,
"HUANUCO_01_2020","HUANUCO_01_2020_P687",2,"potato","CIP316356.145","tubers",28.5185185185185,,TRUE,"doi:10.21223/B7HWWH",1887,FALSE,FALSE,"Peru","Huanuco",FALSE,,,,,,,,
"HUANUCO_01_2020","HUANUCO_01_2020_P688",2,"potato","CIP316386.166","tubers",23.8888888888889,,TRUE,"doi:10.21223/B7HWWH",1888,FALSE,FALSE,"Peru","Huanuco",FALSE,,,,,,,,
"HUANUCO_01_2020","HUANUCO_01_2020_P689",2,"potato","CIP316360.182","tubers",37.037037037037,,TRUE,"doi:10.21223/B7HWWH",1889,FALSE,FALSE,"Peru","Huanuco",FALSE,,,,,,,,
"HUANUCO_01_2020","HUANUCO_01_2020_P690",2,"potato","CIP316363.102","tubers",27.5925925925926,,TRUE,"doi:10.21223/B7HWWH",1890,FALSE,FALSE,"Peru","Huanuco",FALSE,,,,,,,,
"HUANUCO_01_2020","HUANUCO_01_2020_P691",2,"potato","CIP316345.154","tubers",28.7037037037037,,TRUE,"doi:10.21223/B7HWWH",1891,FALSE,FALSE,"Peru","Huanuco",FALSE,,,,,,,,
"HUANUCO_01_2020","HUANUCO_01_2020_P692",2,"potato","CIP316349.116","tubers",40.5555555555556,,TRUE,"doi:10.21223/B7HWWH",1892,FALSE,FALSE,"Peru","Huanuco",FALSE,,,,,,,,
"HUANUCO_01_2020","HUANUCO_01_2020_P693",2,"potato","CIP398180.289","tubers",29.4444444444444,,TRUE,"doi:10.21223/B7HWWH",1893,FALSE,FALSE,"Peru","Huanuco",FALSE,,,,,,,,
"HUANUCO_01_2020","HUANUCO_01_2020_P694",2,"potato","CIP316356.142","tubers",44.0740740740741,,TRUE,"doi:10.21223/B7HWWH",1894,FALSE,FALSE,"Peru","Huanuco",FALSE,,,,,,,,
"HUANUCO_01_2020","HUANUCO_01_2020_P695",2,"potato","CIP316359.119","tubers",42.4074074074074,,TRUE,"doi:10.21223/B7HWWH",1895,FALSE,FALSE,"Peru","Huanuco",FALSE,,,,,,,,
"HUANUCO_01_2020","HUANUCO_01_2020_P696",2,"potato","CIP316377.115","tubers",30.5555555555556,,TRUE,"doi:10.21223/B7HWWH",1896,FALSE,FALSE,"Peru","Huanuco",FALSE,,,,,,,,
"HUANUCO_01_2020","HUANUCO_01_2020_P697",2,"potato","CIP316352.166","tubers",28.3333333333333,,TRUE,"doi:10.21223/B7HWWH",1897,FALSE,FALSE,"Peru","Huanuco",FALSE,,,,,,,,
"HUANUCO_01_2020","HUANUCO_01_2020_P698",2,"potato","CIP316373.137","tubers",36.6666666666667,,TRUE,"doi:10.21223/B7HWWH",1898,FALSE,FALSE,"Peru","Huanuco",FALSE,,,,,,,,
"HUANUCO_01_2020","HUANUCO_01_2020_P699",2,"potato","Amarilis","tubers",14.6296296296296,,TRUE,"doi:10.21223/B7HWWH",1899,FALSE,FALSE,"Peru","Huanuco",FALSE,,,,,,,,
"HUANUCO_01_2020","HUANUCO_01_2020_P700",2,"potato","CIP316354.137","tubers",38.7037037037037,,TRUE,"doi:10.21223/B7HWWH",1900,FALSE,FALSE,"Peru","Huanuco",FALSE,,,,,,,,
"HUANUCO_01_2020","HUANUCO_01_2020_P701",2,"potato","CIP316378.162","tubers",25.1851851851852,,TRUE,"doi:10.21223/B7HWWH",1901,FALSE,FALSE,"Peru","Huanuco",FALSE,,,,,,,,
"HUANUCO_01_2020","HUANUCO_01_2020_P702",2,"potato","Yungay","tubers",4.40740740740741,,TRUE,"doi:10.21223/B7HWWH",1902,FALSE,FALSE,"Peru","Huanuco",FALSE,,,,,,,,
"HUANUCO_01_2020","HUANUCO_01_2020_P703",2,"potato","CIP316371.125","tubers",24.6296296296296,,TRUE,"doi:10.21223/B7HWWH",1903,FALSE,FALSE,"Peru","Huanuco",FALSE,,,,,,,,
"HUANUCO_01_2020","HUANUCO_01_2020_P704",2,"potato","CIP316387.187","tubers",36.4814814814815,,TRUE,"doi:10.21223/B7HWWH",1904,FALSE,FALSE,"Peru","Huanuco",FALSE,,,,,,,,
"HUANUCO_01_2020","HUANUCO_01_2020_P705",2,"potato","CIP316385.164","tubers",24.0740740740741,,TRUE,"doi:10.21223/B7HWWH",1905,FALSE,FALSE,"Peru","Huanuco",FALSE,,,,,,,,
"HUANUCO_01_2020","HUANUCO_01_2020_P706",2,"potato","CIP316370.143","tubers",50.1851851851852,,TRUE,"doi:10.21223/B7HWWH",1906,FALSE,FALSE,"Peru","Huanuco",FALSE,,,,,,,,
"HUANUCO_01_2020","HUANUCO_01_2020_P707",2,"potato","CIP316360.168","tubers",41.8518518518518,,TRUE,"doi:10.21223/B7HWWH",1907,FALSE,FALSE,"Peru","Huanuco",FALSE,,,,,,,,
"HUANUCO_01_2020","HUANUCO_01_2020_P708",2,"potato","Yungay","tubers",9.44444444444444,,TRUE,"doi:10.21223/B7HWWH",1908,FALSE,FALSE,"Peru","Huanuco",FALSE,,,,,,,,
"HUANUCO_01_2020","HUANUCO_01_2020_P709",2,"potato","CIP317016.438","tubers",7.96296296296296,,TRUE,"doi:10.21223/B7HWWH",1909,FALSE,FALSE,"Peru","Huanuco",FALSE,,,,,,,,
"HUANUCO_01_2020","HUANUCO_01_2020_P710",2,"potato","CIP316361.203","tubers",16.1111111111111,,TRUE,"doi:10.21223/B7HWWH",1910,FALSE,FALSE,"Peru","Huanuco",FALSE,,,,,,,,
"HUANUCO_01_2020","HUANUCO_01_2020_P711",2,"potato","CIP316361.118","tubers",54.0740740740741,,TRUE,"doi:10.21223/B7HWWH",1911,FALSE,FALSE,"Peru","Huanuco",FALSE,,,,,,,,
"HUANUCO_01_2020","HUANUCO_01_2020_P712",2,"potato","CIP316390.121","tubers",45.5555555555556,,TRUE,"doi:10.21223/B7HWWH",1912,FALSE,FALSE,"Peru","Huanuco",FALSE,,,,,,,,
"HUANUCO_01_2020","HUANUCO_01_2020_P713",2,"potato","CIP316360.185","tubers",46.1111111111111,,TRUE,"doi:10.21223/B7HWWH",1913,FALSE,FALSE,"Peru","Huanuco",FALSE,,,,,,,,
"HUANUCO_01_2020","HUANUCO_01_2020_P714",2,"potato","CIP316389.146","tubers",40.9259259259259,,TRUE,"doi:10.21223/B7HWWH",1914,FALSE,FALSE,"Peru","Huanuco",FALSE,,,,,,,,
"HUANUCO_01_2020","HUANUCO_01_2020_P715",2,"potato","CIP316387.104","tubers",28.3333333333333,,TRUE,"doi:10.21223/B7HWWH",1915,FALSE,FALSE,"Peru","Huanuco",FALSE,,,,,,,,
"HUANUCO_01_2020","HUANUCO_01_2020_P716",2,"potato","CIP316348.170","tubers",32.5925925925926,,TRUE,"doi:10.21223/B7HWWH",1916,FALSE,FALSE,"Peru","Huanuco",FALSE,,,,,,,,
"HUANUCO_01_2020","HUANUCO_01_2020_P717",2,"potato","CIP317011.121","tubers",15.5555555555556,,TRUE,"doi:10.21223/B7HWWH",1917,FALSE,FALSE,"Peru","Huanuco",FALSE,,,,,,,,
"HUANUCO_01_2020","HUANUCO_01_2020_P718",2,"potato","CIP316361.222","tubers",35.3703703703704,,TRUE,"doi:10.21223/B7HWWH",1918,FALSE,FALSE,"Peru","Huanuco",FALSE,,,,,,,,
"HUANUCO_01_2020","HUANUCO_01_2020_P719",2,"potato","CIP316358.154","tubers",22.962962962963,,TRUE,"doi:10.21223/B7HWWH",1919,FALSE,FALSE,"Peru","Huanuco",FALSE,,,,,,,,
"HUANUCO_01_2020","HUANUCO_01_2020_P720",2,"potato","Kory","tubers",18.7037037037037,,TRUE,"doi:10.21223/B7HWWH",1920,FALSE,FALSE,"Peru","Huanuco",FALSE,,,,,,,,
"HUANUCO_01_2020","HUANUCO_01_2020_P721",2,"potato","CIP316367.191","tubers",37.037037037037,,TRUE,"doi:10.21223/B7HWWH",1921,FALSE,FALSE,"Peru","Huanuco",FALSE,,,,,,,,
"HUANUCO_01_2020","HUANUCO_01_2020_P722",2,"potato","CIP316359.242","tubers",36.4814814814815,,TRUE,"doi:10.21223/B7HWWH",1922,FALSE,FALSE,"Peru","Huanuco",FALSE,,,,,,,,
"HUANUCO_01_2020","HUANUCO_01_2020_P723",2,"potato","CIP316353.169","tubers",24.4444444444444,,TRUE,"doi:10.21223/B7HWWH",1923,FALSE,FALSE,"Peru","Huanuco",FALSE,,,,,,,,
"HUANUCO_01_2020","HUANUCO_01_2020_P724",2,"potato","CIP316359.249","tubers",34.6296296296296,,TRUE,"doi:10.21223/B7HWWH",1924,FALSE,FALSE,"Peru","Huanuco",FALSE,,,,,,,,
"HUANUCO_01_2020","HUANUCO_01_2020_P725",2,"potato","CIP398190.200","tubers",33.3333333333333,,TRUE,"doi:10.21223/B7HWWH",1925,FALSE,FALSE,"Peru","Huanuco",FALSE,,,,,,,,
"HUANUCO_01_2020","HUANUCO_01_2020_P726",2,"potato","CIP316358.179","tubers",32.7777777777778,,TRUE,"doi:10.21223/B7HWWH",1926,FALSE,FALSE,"Peru","Huanuco",FALSE,,,,,,,,
"HUANUCO_01_2020","HUANUCO_01_2020_P727",2,"potato","CIP317028.499","tubers",11.8518518518519,,TRUE,"doi:10.21223/B7HWWH",1927,FALSE,FALSE,"Peru","Huanuco",FALSE,,,,,,,,
"HUANUCO_01_2020","HUANUCO_01_2020_P728",2,"potato","CIP316382.151","tubers",28.1481481481481,,TRUE,"doi:10.21223/B7HWWH",1928,FALSE,FALSE,"Peru","Huanuco",FALSE,,,,,,,,
"HUANUCO_01_2020","HUANUCO_01_2020_P729",2,"potato","CIP316365.158","tubers",34.4444444444444,,TRUE,"doi:10.21223/B7HWWH",1929,FALSE,FALSE,"Peru","Huanuco",FALSE,,,,,,,,
"HUANUCO_01_2020","HUANUCO_01_2020_P730",2,"potato","CIP316361.250","tubers",38.8888888888889,,TRUE,"doi:10.21223/B7HWWH",1930,FALSE,FALSE,"Peru","Huanuco",FALSE,,,,,,,,
"HUANUCO_01_2020","HUANUCO_01_2020_P731",2,"potato","CIP316358.182","tubers",32.7777777777778,,TRUE,"doi:10.21223/B7HWWH",1931,FALSE,FALSE,"Peru","Huanuco",FALSE,,,,,,,,
"HUANUCO_01_2020","HUANUCO_01_2020_P732",2,"potato","Yungay","tubers",7.22222222222222,,TRUE,"doi:10.21223/B7HWWH",1932,FALSE,FALSE,"Peru","Huanuco",FALSE,,,,,,,,
"HUANUCO_01_2020","HUANUCO_01_2020_P733",2,"potato","Kory","tubers",54.0740740740741,,TRUE,"doi:10.21223/B7HWWH",1933,FALSE,FALSE,"Peru","Huanuco",FALSE,,,,,,,,
"HUANUCO_01_2020","HUANUCO_01_2020_P734",2,"potato","CIP316360.212","tubers",27.962962962963,,TRUE,"doi:10.21223/B7HWWH",1934,FALSE,FALSE,"Peru","Huanuco",FALSE,,,,,,,,
"HUANUCO_01_2020","HUANUCO_01_2020_P735",2,"potato","CIP316387.156","tubers",43.8888888888889,,TRUE,"doi:10.21223/B7HWWH",1935,FALSE,FALSE,"Peru","Huanuco",FALSE,,,,,,,,
"HUANUCO_01_2020","HUANUCO_01_2020_P736",2,"potato","CIP316361.117","tubers",64.2592592592593,,TRUE,"doi:10.21223/B7HWWH",1936,FALSE,FALSE,"Peru","Huanuco",FALSE,,,,,,,,
"HUANUCO_01_2020","HUANUCO_01_2020_P737",2,"potato","CIP317017.40","tubers",0.925925925925926,,TRUE,"doi:10.21223/B7HWWH",1937,FALSE,FALSE,"Peru","Huanuco",FALSE,,,,,,,,
"HUANUCO_01_2020","HUANUCO_01_2020_P738",2,"potato","CIP316365.120","tubers",15,,TRUE,"doi:10.21223/B7HWWH",1938,FALSE,FALSE,"Peru","Huanuco",FALSE,,,,,,,,
"HUANUCO_01_2020","HUANUCO_01_2020_P739",2,"potato","Yungay","tubers",5.37037037037037,,TRUE,"doi:10.21223/B7HWWH",1939,FALSE,FALSE,"Peru","Huanuco",FALSE,,,,,,,,
"HUANUCO_01_2020","HUANUCO_01_2020_P740",2,"potato","CIP316349.174","tubers",23.1481481481481,,TRUE,"doi:10.21223/B7HWWH",1940,FALSE,FALSE,"Peru","Huanuco",FALSE,,,,,,,,
"HUANUCO_01_2020","HUANUCO_01_2020_P741",2,"potato","CIP316357.206","tubers",55.1851851851852,,TRUE,"doi:10.21223/B7HWWH",1941,FALSE,FALSE,"Peru","Huanuco",FALSE,,,,,,,,
"HUANUCO_01_2020","HUANUCO_01_2020_P742",2,"potato","CIP316392.111","tubers",37.037037037037,,TRUE,"doi:10.21223/B7HWWH",1942,FALSE,FALSE,"Peru","Huanuco",FALSE,,,,,,,,
"HUANUCO_01_2020","HUANUCO_01_2020_P743",2,"potato","CIP316361.156","tubers",46.1111111111111,,TRUE,"doi:10.21223/B7HWWH",1943,FALSE,FALSE,"Peru","Huanuco",FALSE,,,,,,,,
"HUANUCO_01_2020","HUANUCO_01_2020_P744",2,"potato","CIP316355.170","tubers",20.9259259259259,,TRUE,"doi:10.21223/B7HWWH",1944,FALSE,FALSE,"Peru","Huanuco",FALSE,,,,,,,,
"HUANUCO_01_2020","HUANUCO_01_2020_P745",2,"potato","CIP316358.109","tubers",20.7407407407407,,TRUE,"doi:10.21223/B7HWWH",1945,FALSE,FALSE,"Peru","Huanuco",FALSE,,,,,,,,
"HUANUCO_01_2020","HUANUCO_01_2020_P746",2,"potato","CIP316367.151","tubers",33.5185185185185,,TRUE,"doi:10.21223/B7HWWH",1946,FALSE,FALSE,"Peru","Huanuco",FALSE,,,,,,,,
"HUANUCO_01_2020","HUANUCO_01_2020_P747",2,"potato","Yungay","tubers",7.40740740740741,,TRUE,"doi:10.21223/B7HWWH",1947,FALSE,FALSE,"Peru","Huanuco",FALSE,,,,,,,,
"HUANUCO_01_2020","HUANUCO_01_2020_P748",2,"potato","CIP316361.209","tubers",18.7037037037037,,TRUE,"doi:10.21223/B7HWWH",1948,FALSE,FALSE,"Peru","Huanuco",FALSE,,,,,,,,
"HUANUCO_01_2020","HUANUCO_01_2020_P749",2,"potato","CIP316353.128","tubers",35.5555555555556,,TRUE,"doi:10.21223/B7HWWH",1949,FALSE,FALSE,"Peru","Huanuco",FALSE,,,,,,,,
"HUANUCO_01_2020","HUANUCO_01_2020_P750",2,"potato","CIP316360.235","tubers",35.1851851851852,,TRUE,"doi:10.21223/B7HWWH",1950,FALSE,FALSE,"Peru","Huanuco",FALSE,,,,,,,,
"HUANUCO_01_2020","HUANUCO_01_2020_P751",2,"potato","CIP316384.142","tubers",34.0740740740741,,TRUE,"doi:10.21223/B7HWWH",1951,FALSE,FALSE,"Peru","Huanuco",FALSE,,,,,,,,
"HUANUCO_01_2020","HUANUCO_01_2020_P752",2,"potato","CIP316357.187","tubers",18.7037037037037,,TRUE,"doi:10.21223/B7HWWH",1952,FALSE,FALSE,"Peru","Huanuco",FALSE,,,,,,,,
"HUANUCO_01_2020","HUANUCO_01_2020_P753",2,"potato","CIP316350.136","tubers",41.1111111111111,,TRUE,"doi:10.21223/B7HWWH",1953,FALSE,FALSE,"Peru","Huanuco",FALSE,,,,,,,,
"HUANUCO_01_2020","HUANUCO_01_2020_P754",2,"potato","CIP316352.110","tubers",16.1111111111111,,TRUE,"doi:10.21223/B7HWWH",1954,FALSE,FALSE,"Peru","Huanuco",FALSE,,,,,,,,
"HUANUCO_01_2020","HUANUCO_01_2020_P755",2,"potato","CIP316365.125","tubers",32.037037037037,,TRUE,"doi:10.21223/B7HWWH",1955,FALSE,FALSE,"Peru","Huanuco",FALSE,,,,,,,,
"HUANUCO_01_2020","HUANUCO_01_2020_P756",2,"potato","CIP316358.223","tubers",50,,TRUE,"doi:10.21223/B7HWWH",1956,FALSE,FALSE,"Peru","Huanuco",FALSE,,,,,,,,
"HUANUCO_01_2020","HUANUCO_01_2020_P757",2,"potato","CIP316360.229","tubers",37.7777777777778,,TRUE,"doi:10.21223/B7HWWH",1957,FALSE,FALSE,"Peru","Huanuco",FALSE,,,,,,,,
"HUANUCO_01_2020","HUANUCO_01_2020_P758",2,"potato","CIP316367.117","tubers",25.7407407407407,,TRUE,"doi:10.21223/B7HWWH",1958,FALSE,FALSE,"Peru","Huanuco",FALSE,,,,,,,,
"HUANUCO_01_2020","HUANUCO_01_2020_P759",2,"potato","CIP316360.199","tubers",19.8148148148148,,TRUE,"doi:10.21223/B7HWWH",1959,FALSE,FALSE,"Peru","Huanuco",FALSE,,,,,,,,
"HUANUCO_01_2020","HUANUCO_01_2020_P760",2,"potato","CIP316362.115","tubers",17.8148148148148,,TRUE,"doi:10.21223/B7HWWH",1960,FALSE,FALSE,"Peru","Huanuco",FALSE,,,,,,,,
"HUANUCO_01_2020","HUANUCO_01_2020_P761",2,"potato","CIP316356.116","tubers",45.5555555555556,,TRUE,"doi:10.21223/B7HWWH",1961,FALSE,FALSE,"Peru","Huanuco",FALSE,,,,,,,,
"HUANUCO_01_2020","HUANUCO_01_2020_P762",2,"potato","CIP316357.196","tubers",32.037037037037,,TRUE,"doi:10.21223/B7HWWH",1962,FALSE,FALSE,"Peru","Huanuco",FALSE,,,,,,,,
"HUANUCO_01_2020","HUANUCO_01_2020_P763",2,"potato","Yungay","tubers",5.18518518518519,,TRUE,"doi:10.21223/B7HWWH",1963,FALSE,FALSE,"Peru","Huanuco",FALSE,,,,,,,,
"HUANUCO_01_2020","HUANUCO_01_2020_P764",2,"potato","CIP316367.144","tubers",15.7407407407407,,TRUE,"doi:10.21223/B7HWWH",1964,FALSE,FALSE,"Peru","Huanuco",FALSE,,,,,,,,
"HUANUCO_01_2020","HUANUCO_01_2020_P765",2,"potato","CIP316353.101","tubers",40,,TRUE,"doi:10.21223/B7HWWH",1965,FALSE,FALSE,"Peru","Huanuco",FALSE,,,,,,,,
"HUANUCO_01_2020","HUANUCO_01_2020_P766",2,"potato","CIP316358.126","tubers",29.0740740740741,,TRUE,"doi:10.21223/B7HWWH",1966,FALSE,FALSE,"Peru","Huanuco",FALSE,,,,,,,,
"HUANUCO_01_2020","HUANUCO_01_2020_P767",2,"potato","CIP317029.430","tubers",39.2592592592593,,TRUE,"doi:10.21223/B7HWWH",1967,FALSE,FALSE,"Peru","Huanuco",FALSE,,,,,,,,
"HUANUCO_01_2020","HUANUCO_01_2020_P768",2,"potato","Kory","tubers",44.4444444444444,,TRUE,"doi:10.21223/B7HWWH",1968,FALSE,FALSE,"Peru","Huanuco",FALSE,,,,,,,,
"HUANUCO_01_2020","HUANUCO_01_2020_P769",2,"potato","CIP316390.107","tubers",28.1481481481481,,TRUE,"doi:10.21223/B7HWWH",1969,FALSE,FALSE,"Peru","Huanuco",FALSE,,,,,,,,
"HUANUCO_01_2020","HUANUCO_01_2020_P770",2,"potato","CIP316360.159","tubers",30.5555555555556,,TRUE,"doi:10.21223/B7HWWH",1970,FALSE,FALSE,"Peru","Huanuco",FALSE,,,,,,,,
"HUANUCO_01_2020","HUANUCO_01_2020_P771",2,"potato","Amarilis","tubers",11.6666666666667,,TRUE,"doi:10.21223/B7HWWH",1971,FALSE,FALSE,"Peru","Huanuco",FALSE,,,,,,,,
"HUANUCO_01_2020","HUANUCO_01_2020_P772",2,"potato","CIP316361.246","tubers",41.8518518518518,,TRUE,"doi:10.21223/B7HWWH",1972,FALSE,FALSE,"Peru","Huanuco",FALSE,,,,,,,,
"HUANUCO_01_2020","HUANUCO_01_2020_P773",2,"potato","CIP316362.134","tubers",44.2592592592593,,TRUE,"doi:10.21223/B7HWWH",1973,FALSE,FALSE,"Peru","Huanuco",FALSE,,,,,,,,
"HUANUCO_01_2020","HUANUCO_01_2020_P774",2,"potato","CIP398192.213","tubers",36.8518518518518,,TRUE,"doi:10.21223/B7HWWH",1974,FALSE,FALSE,"Peru","Huanuco",FALSE,,,,,,,,
"HUANUCO_01_2020","HUANUCO_01_2020_P775",2,"potato","CIP317011.409","tubers",27.5925925925926,,TRUE,"doi:10.21223/B7HWWH",1975,FALSE,FALSE,"Peru","Huanuco",FALSE,,,,,,,,
"HUANUCO_01_2020","HUANUCO_01_2020_P776",2,"potato","CIP316359.228","tubers",64.4444444444444,,TRUE,"doi:10.21223/B7HWWH",1976,FALSE,FALSE,"Peru","Huanuco",FALSE,,,,,,,,
"HUANUCO_01_2020","HUANUCO_01_2020_P777",2,"potato","Amarilis","tubers",21.2962962962963,,TRUE,"doi:10.21223/B7HWWH",1977,FALSE,FALSE,"Peru","Huanuco",FALSE,,,,,,,,
"HUANUCO_01_2020","HUANUCO_01_2020_P778",2,"potato","CIP316376.120","tubers",45.7407407407407,,TRUE,"doi:10.21223/B7HWWH",1978,FALSE,FALSE,"Peru","Huanuco",FALSE,,,,,,,,
"HUANUCO_01_2020","HUANUCO_01_2020_P779",2,"potato","CIP316358.232","tubers",32.2222222222222,,TRUE,"doi:10.21223/B7HWWH",1979,FALSE,FALSE,"Peru","Huanuco",FALSE,,,,,,,,
"HUANUCO_01_2020","HUANUCO_01_2020_P780",2,"potato","CIP316355.137","tubers",46.8518518518518,,TRUE,"doi:10.21223/B7HWWH",1980,FALSE,FALSE,"Peru","Huanuco",FALSE,,,,,,,,
"HUANUCO_01_2020","HUANUCO_01_2020_P781",2,"potato","CIP316366.148","tubers",32.5925925925926,,TRUE,"doi:10.21223/B7HWWH",1981,FALSE,FALSE,"Peru","Huanuco",FALSE,,,,,,,,
"HUANUCO_01_2020","HUANUCO_01_2020_P782",2,"potato","CIP316370.130","tubers",35.5555555555556,,TRUE,"doi:10.21223/B7HWWH",1982,FALSE,FALSE,"Peru","Huanuco",FALSE,,,,,,,,
"HUANUCO_01_2020","HUANUCO_01_2020_P783",2,"potato","CIP316352.152","tubers",38.3333333333333,,TRUE,"doi:10.21223/B7HWWH",1983,FALSE,FALSE,"Peru","Huanuco",FALSE,,,,,,,,
"HUANUCO_01_2020","HUANUCO_01_2020_P784",2,"potato","CIP316363.115","tubers",25.7407407407407,,TRUE,"doi:10.21223/B7HWWH",1984,FALSE,FALSE,"Peru","Huanuco",FALSE,,,,,,,,
"HUANUCO_01_2020","HUANUCO_01_2020_P785",2,"potato","Yungay","tubers",5.92592592592593,,TRUE,"doi:10.21223/B7HWWH",1985,FALSE,FALSE,"Peru","Huanuco",FALSE,,,,,,,,
"HUANUCO_01_2020","HUANUCO_01_2020_P786",2,"potato","CIP316356.123","tubers",27.5925925925926,,TRUE,"doi:10.21223/B7HWWH",1986,FALSE,FALSE,"Peru","Huanuco",FALSE,,,,,,,,
"HUANUCO_01_2020","HUANUCO_01_2020_P787",2,"potato","CIP316361.196","tubers",22.4074074074074,,TRUE,"doi:10.21223/B7HWWH",1987,FALSE,FALSE,"Peru","Huanuco",FALSE,,,,,,,,
"HUANUCO_01_2020","HUANUCO_01_2020_P788",2,"potato","Kory","tubers",43.3333333333333,,TRUE,"doi:10.21223/B7HWWH",1988,FALSE,FALSE,"Peru","Huanuco",FALSE,,,,,,,,
"HUANUCO_01_2020","HUANUCO_01_2020_P789",2,"potato","CIP316344.106","tubers",22.962962962963,,TRUE,"doi:10.21223/B7HWWH",1989,FALSE,FALSE,"Peru","Huanuco",FALSE,,,,,,,,
"HUANUCO_01_2020","HUANUCO_01_2020_P790",2,"potato","CIP316361.190","tubers",54.4444444444444,,TRUE,"doi:10.21223/B7HWWH",1990,FALSE,FALSE,"Peru","Huanuco",FALSE,,,,,,,,
"HUANUCO_01_2020","HUANUCO_01_2020_P791",2,"potato","CIP316359.199","tubers",33.8888888888889,,TRUE,"doi:10.21223/B7HWWH",1991,FALSE,FALSE,"Peru","Huanuco",FALSE,,,,,,,,
"HUANUCO_01_2020","HUANUCO_01_2020_P792",2,"potato","CIP316360.200","tubers",16.6666666666667,,TRUE,"doi:10.21223/B7HWWH",1992,FALSE,FALSE,"Peru","Huanuco",FALSE,,,,,,,,
"HUANUCO_01_2020","HUANUCO_01_2020_P793",2,"potato","CIP316380.150","tubers",27.2222222222222,,TRUE,"doi:10.21223/B7HWWH",1993,FALSE,FALSE,"Peru","Huanuco",FALSE,,,,,,,,
"HUANUCO_01_2020","HUANUCO_01_2020_P794",2,"potato","CIP316348.208","tubers",31.6666666666667,,TRUE,"doi:10.21223/B7HWWH",1994,FALSE,FALSE,"Peru","Huanuco",FALSE,,,,,,,,
"HUANUCO_01_2020","HUANUCO_01_2020_P795",2,"potato","CIP316357.207","tubers",28.3333333333333,,TRUE,"doi:10.21223/B7HWWH",1995,FALSE,FALSE,"Peru","Huanuco",FALSE,,,,,,,,
"HUANUCO_01_2020","HUANUCO_01_2020_P796",2,"potato","CIP316385.141","tubers",8.7037037037037,,TRUE,"doi:10.21223/B7HWWH",1996,FALSE,FALSE,"Peru","Huanuco",FALSE,,,,,,,,
"HUANUCO_01_2020","HUANUCO_01_2020_P797",2,"potato","CIP316359.122","tubers",26.4814814814815,,TRUE,"doi:10.21223/B7HWWH",1997,FALSE,FALSE,"Peru","Huanuco",FALSE,,,,,,,,
"HUANUCO_01_2020","HUANUCO_01_2020_P798",2,"potato","CIP302533.48","tubers",19.8148148148148,,TRUE,"doi:10.21223/B7HWWH",1998,FALSE,FALSE,"Peru","Huanuco",FALSE,,,,,,,,
"HUANUCO_01_2020","HUANUCO_01_2020_P799",2,"potato","CIP316382.118","tubers",18.5185185185185,,TRUE,"doi:10.21223/B7HWWH",1999,FALSE,FALSE,"Peru","Huanuco",FALSE,,,,,,,,
"HUANUCO_01_2020","HUANUCO_01_2020_P800",2,"potato","CIP316384.146","tubers",34.2592592592593,,TRUE,"doi:10.21223/B7HWWH",2000,FALSE,FALSE,"Peru","Huanuco",FALSE,,,,,,,,
"HUANUCO_01_2020","HUANUCO_01_2020_P801",2,"potato","Kory","tubers",43.1481481481482,,TRUE,"doi:10.21223/B7HWWH",2001,FALSE,FALSE,"Peru","Huanuco",FALSE,,,,,,,,
"HUANUCO_01_2020","HUANUCO_01_2020_P802",2,"potato","CIP316345.237","tubers",25.9259259259259,,TRUE,"doi:10.21223/B7HWWH",2002,FALSE,FALSE,"Peru","Huanuco",FALSE,,,,,,,,
"HUANUCO_01_2020","HUANUCO_01_2020_P803",2,"potato","CIP316355.162","tubers",46.1111111111111,,TRUE,"doi:10.21223/B7HWWH",2003,FALSE,FALSE,"Peru","Huanuco",FALSE,,,,,,,,
"HUANUCO_01_2020","HUANUCO_01_2020_P804",2,"potato","CIP316350.123","tubers",42.5925925925926,,TRUE,"doi:10.21223/B7HWWH",2004,FALSE,FALSE,"Peru","Huanuco",FALSE,,,,,,,,
"HUANUCO_01_2020","HUANUCO_01_2020_P805",2,"potato","Yungay","tubers",4.25925925925926,,TRUE,"doi:10.21223/B7HWWH",2005,FALSE,FALSE,"Peru","Huanuco",FALSE,,,,,,,,
"HUANUCO_01_2020","HUANUCO_01_2020_P806",2,"potato","CIP316386.121","tubers",41.4814814814815,,TRUE,"doi:10.21223/B7HWWH",2006,FALSE,FALSE,"Peru","Huanuco",FALSE,,,,,,,,
"HUANUCO_01_2020","HUANUCO_01_2020_P807",2,"potato","CIP316365.127","tubers",13.8888888888889,,TRUE,"doi:10.21223/B7HWWH",2007,FALSE,FALSE,"Peru","Huanuco",FALSE,,,,,,,,
"HUANUCO_01_2020","HUANUCO_01_2020_P808",2,"potato","CIP316345.741","tubers",22.962962962963,,TRUE,"doi:10.21223/B7HWWH",2008,FALSE,FALSE,"Peru","Huanuco",FALSE,,,,,,,,
"HUANUCO_01_2020","HUANUCO_01_2020_P809",2,"potato","CIP316367.139","tubers",18.5185185185185,,TRUE,"doi:10.21223/B7HWWH",2009,FALSE,FALSE,"Peru","Huanuco",FALSE,,,,,,,,
"HUANUCO_01_2020","HUANUCO_01_2020_P810",2,"potato","CIP316362.155","tubers",22.962962962963,,TRUE,"doi:10.21223/B7HWWH",2010,FALSE,FALSE,"Peru","Huanuco",FALSE,,,,,,,,
"HUANUCO_01_2020","HUANUCO_01_2020_P811",2,"potato","CIP316360.211","tubers",43.3333333333333,,TRUE,"doi:10.21223/B7HWWH",2011,FALSE,FALSE,"Peru","Huanuco",FALSE,,,,,,,,
"HUANUCO_01_2020","HUANUCO_01_2020_P812",2,"potato","CIP316359.216","tubers",50,,TRUE,"doi:10.21223/B7HWWH",2012,FALSE,FALSE,"Peru","Huanuco",FALSE,,,,,,,,
"HUANUCO_01_2020","HUANUCO_01_2020_P813",2,"potato","CIP316353.139","tubers",43.8888888888889,,TRUE,"doi:10.21223/B7HWWH",2013,FALSE,FALSE,"Peru","Huanuco",FALSE,,,,,,,,
"HUANUCO_01_2020","HUANUCO_01_2020_P814",2,"potato","CIP316363.166","tubers",12.4074074074074,,TRUE,"doi:10.21223/B7HWWH",2014,FALSE,FALSE,"Peru","Huanuco",FALSE,,,,,,,,
"HUANUCO_01_2020","HUANUCO_01_2020_P815",2,"potato","CIP316378.153","tubers",15.9259259259259,,TRUE,"doi:10.21223/B7HWWH",2015,FALSE,FALSE,"Peru","Huanuco",FALSE,,,,,,,,
"HUANUCO_01_2020","HUANUCO_01_2020_P816",2,"potato","CIP316353.149","tubers",45.1851851851852,,TRUE,"doi:10.21223/B7HWWH",2016,FALSE,FALSE,"Peru","Huanuco",FALSE,,,,,,,,
"HUANUCO_01_2020","HUANUCO_01_2020_P817",2,"potato","CIP316345.168","tubers",38.1481481481482,,TRUE,"doi:10.21223/B7HWWH",2017,FALSE,FALSE,"Peru","Huanuco",FALSE,,,,,,,,
"HUANUCO_01_2020","HUANUCO_01_2020_P818",2,"potato","CIP316359.165","tubers",27.962962962963,,TRUE,"doi:10.21223/B7HWWH",2018,FALSE,FALSE,"Peru","Huanuco",FALSE,,,,,,,,
"HUANUCO_01_2020","HUANUCO_01_2020_P819",2,"potato","CIP316384.110","tubers",34.4444444444444,,TRUE,"doi:10.21223/B7HWWH",2019,FALSE,FALSE,"Peru","Huanuco",FALSE,,,,,,,,
"HUANUCO_01_2020","HUANUCO_01_2020_P820",2,"potato","CIP316371.141","tubers",31.8518518518518,,TRUE,"doi:10.21223/B7HWWH",2020,FALSE,FALSE,"Peru","Huanuco",FALSE,,,,,,,,
"HUANUCO_01_2020","HUANUCO_01_2020_P821",2,"potato","CIP316357.156","tubers",42.962962962963,,TRUE,"doi:10.21223/B7HWWH",2021,FALSE,FALSE,"Peru","Huanuco",FALSE,,,,,,,,
"HUANUCO_01_2020","HUANUCO_01_2020_P822",2,"potato","CIP316363.110","tubers",36.2962962962963,,TRUE,"doi:10.21223/B7HWWH",2022,FALSE,FALSE,"Peru","Huanuco",FALSE,,,,,,,,
"HUANUCO_01_2020","HUANUCO_01_2020_P823",2,"potato","CIP316361.236","tubers",37.4074074074074,,TRUE,"doi:10.21223/B7HWWH",2023,FALSE,FALSE,"Peru","Huanuco",FALSE,,,,,,,,
"HUANUCO_01_2020","HUANUCO_01_2020_P824",2,"potato","Yungay","tubers",5.55555555555555,,TRUE,"doi:10.21223/B7HWWH",2024,FALSE,FALSE,"Peru","Huanuco",FALSE,,,,,,,,
"HUANUCO_01_2020","HUANUCO_01_2020_P825",2,"potato","CIP316353.143","tubers",36.6666666666667,,TRUE,"doi:10.21223/B7HWWH",2025,FALSE,FALSE,"Peru","Huanuco",FALSE,,,,,,,,
"HUANUCO_01_2020","HUANUCO_01_2020_P826",2,"potato","CIP316376.133","tubers",28.7037037037037,,TRUE,"doi:10.21223/B7HWWH",2026,FALSE,FALSE,"Peru","Huanuco",FALSE,,,,,,,,
"HUANUCO_01_2020","HUANUCO_01_2020_P827",2,"potato","CIP316357.216","tubers",37.4074074074074,,TRUE,"doi:10.21223/B7HWWH",2027,FALSE,FALSE,"Peru","Huanuco",FALSE,,,,,,,,
"HUANUCO_01_2020","HUANUCO_01_2020_P828",2,"potato","CIP316357.160","tubers",41.1111111111111,,TRUE,"doi:10.21223/B7HWWH",2028,FALSE,FALSE,"Peru","Huanuco",FALSE,,,,,,,,
"HUANUCO_01_2020","HUANUCO_01_2020_P829",2,"potato","CIP316377.152","tubers",25.1851851851852,,TRUE,"doi:10.21223/B7HWWH",2029,FALSE,FALSE,"Peru","Huanuco",FALSE,,,,,,,,
"HUANUCO_01_2020","HUANUCO_01_2020_P830",2,"potato","CIP316361.211","tubers",38.8888888888889,,TRUE,"doi:10.21223/B7HWWH",2030,FALSE,FALSE,"Peru","Huanuco",FALSE,,,,,,,,
"HUANUCO_01_2020","HUANUCO_01_2020_P831",2,"potato","CIP316360.248","tubers",38.8888888888889,,TRUE,"doi:10.21223/B7HWWH",2031,FALSE,FALSE,"Peru","Huanuco",FALSE,,,,,,,,
"HUANUCO_01_2020","HUANUCO_01_2020_P832",2,"potato","CIP398098.203","tubers",27.4074074074074,,TRUE,"doi:10.21223/B7HWWH",2032,FALSE,FALSE,"Peru","Huanuco",FALSE,,,,,,,,
"HUANUCO_01_2020","HUANUCO_01_2020_P833",2,"potato","CIP316353.161","tubers",48.5185185185185,,TRUE,"doi:10.21223/B7HWWH",2033,FALSE,FALSE,"Peru","Huanuco",FALSE,,,,,,,,
"HUANUCO_01_2020","HUANUCO_01_2020_P834",2,"potato","CIP317029.443","tubers",11.1111111111111,,TRUE,"doi:10.21223/B7HWWH",2034,FALSE,FALSE,"Peru","Huanuco",FALSE,,,,,,,,
"HUANUCO_01_2020","HUANUCO_01_2020_P835",2,"potato","Kory","tubers",51.8518518518518,,TRUE,"doi:10.21223/B7HWWH",2035,FALSE,FALSE,"Peru","Huanuco",FALSE,,,,,,,,
"HUANUCO_01_2020","HUANUCO_01_2020_P836",2,"potato","Amarilis","tubers",13.7037037037037,,TRUE,"doi:10.21223/B7HWWH",2036,FALSE,FALSE,"Peru","Huanuco",FALSE,,,,,,,,
"HUANUCO_01_2020","HUANUCO_01_2020_P837",2,"potato","CIP316358.189","tubers",41.6666666666667,,TRUE,"doi:10.21223/B7HWWH",2037,FALSE,FALSE,"Peru","Huanuco",FALSE,,,,,,,,
"HUANUCO_01_2020","HUANUCO_01_2020_P838",2,"potato","Kory","tubers",41.8518518518518,,TRUE,"doi:10.21223/B7HWWH",2038,FALSE,FALSE,"Peru","Huanuco",FALSE,,,,,,,,
"HUANUCO_01_2020","HUANUCO_01_2020_P839",2,"potato","CIP316370.116","tubers",50,,TRUE,"doi:10.21223/B7HWWH",2039,FALSE,FALSE,"Peru","Huanuco",FALSE,,,,,,,,
"HUANUCO_01_2020","HUANUCO_01_2020_P840",2,"potato","CIP316353.741","tubers",57.037037037037,,TRUE,"doi:10.21223/B7HWWH",2040,FALSE,FALSE,"Peru","Huanuco",FALSE,,,,,,,,
"HUANUCO_01_2020","HUANUCO_01_2020_P841",2,"potato","CIP316345.245","tubers",41.4814814814815,,TRUE,"doi:10.21223/B7HWWH",2041,FALSE,FALSE,"Peru","Huanuco",FALSE,,,,,,,,
"HUANUCO_01_2020","HUANUCO_01_2020_P842",2,"potato","CIP316389.111","tubers",41.8518518518518,,TRUE,"doi:10.21223/B7HWWH",2042,FALSE,FALSE,"Peru","Huanuco",FALSE,,,,,,,,
"HUANUCO_01_2020","HUANUCO_01_2020_P843",2,"potato","Amarilis","tubers",13.7037037037037,,TRUE,"doi:10.21223/B7HWWH",2043,FALSE,FALSE,"Peru","Huanuco",FALSE,,,,,,,,
"HUANUCO_01_2020","HUANUCO_01_2020_P844",2,"potato","CIP316361.184","tubers",41.1111111111111,,TRUE,"doi:10.21223/B7HWWH",2044,FALSE,FALSE,"Peru","Huanuco",FALSE,,,,,,,,
"HUANUCO_01_2020","HUANUCO_01_2020_P845",2,"potato","CIP316386.161","tubers",18.5185185185185,,TRUE,"doi:10.21223/B7HWWH",2045,FALSE,FALSE,"Peru","Huanuco",FALSE,,,,,,,,
"HUANUCO_01_2020","HUANUCO_01_2020_P846",2,"potato","CIP316345.714","tubers",19.0740740740741,,TRUE,"doi:10.21223/B7HWWH",2046,FALSE,FALSE,"Peru","Huanuco",FALSE,,,,,,,,
"HUANUCO_01_2020","HUANUCO_01_2020_P847",2,"potato","CIP316360.228","tubers",31.5925925925926,,TRUE,"doi:10.21223/B7HWWH",2047,FALSE,FALSE,"Peru","Huanuco",FALSE,,,,,,,,
"HUANUCO_01_2020","HUANUCO_01_2020_P848",2,"potato","CIP304079.10","tubers",17.2222222222222,,TRUE,"doi:10.21223/B7HWWH",2048,FALSE,FALSE,"Peru","Huanuco",FALSE,,,,,,,,
"HUANUCO_01_2020","HUANUCO_01_2020_P849",2,"potato","CIP316352.182","tubers",21.4814814814815,,TRUE,"doi:10.21223/B7HWWH",2049,FALSE,FALSE,"Peru","Huanuco",FALSE,,,,,,,,
"HUANUCO_01_2020","HUANUCO_01_2020_P850",2,"potato","CIP316390.126","tubers",22.7777777777778,,TRUE,"doi:10.21223/B7HWWH",2050,FALSE,FALSE,"Peru","Huanuco",FALSE,,,,,,,,
"HUANUCO_01_2020","HUANUCO_01_2020_P851",2,"potato","CIP316364.140","tubers",49.0740740740741,,TRUE,"doi:10.21223/B7HWWH",2051,FALSE,FALSE,"Peru","Huanuco",FALSE,,,,,,,,
"HUANUCO_01_2020","HUANUCO_01_2020_P852",2,"potato","CIP316363.176","tubers",15.1851851851852,,TRUE,"doi:10.21223/B7HWWH",2052,FALSE,FALSE,"Peru","Huanuco",FALSE,,,,,,,,
"HUANUCO_01_2020","HUANUCO_01_2020_P853",2,"potato","CIP316372.133","tubers",17.5925925925926,,TRUE,"doi:10.21223/B7HWWH",2053,FALSE,FALSE,"Peru","Huanuco",FALSE,,,,,,,,
"HUANUCO_01_2020","HUANUCO_01_2020_P854",2,"potato","CIP316348.238","tubers",35.3703703703704,,TRUE,"doi:10.21223/B7HWWH",2054,FALSE,FALSE,"Peru","Huanuco",FALSE,,,,,,,,
"HUANUCO_01_2020","HUANUCO_01_2020_P855",2,"potato","CIP316348.165","tubers",35.1851851851852,,TRUE,"doi:10.21223/B7HWWH",2055,FALSE,FALSE,"Peru","Huanuco",FALSE,,,,,,,,
"HUANUCO_01_2020","HUANUCO_01_2020_P856",2,"potato","CIP316367.193","tubers",34.2592592592593,,TRUE,"doi:10.21223/B7HWWH",2056,FALSE,FALSE,"Peru","Huanuco",FALSE,,,,,,,,
"HUANUCO_01_2020","HUANUCO_01_2020_P857",2,"potato","CIP316353.165","tubers",27.7777777777778,,TRUE,"doi:10.21223/B7HWWH",2057,FALSE,FALSE,"Peru","Huanuco",FALSE,,,,,,,,
"HUANUCO_01_2020","HUANUCO_01_2020_P858",2,"potato","CIP316350.108","tubers",24.6296296296296,,TRUE,"doi:10.21223/B7HWWH",2058,FALSE,FALSE,"Peru","Huanuco",FALSE,,,,,,,,
"HUANUCO_01_2020","HUANUCO_01_2020_P859",2,"potato","CIP316353.145","tubers",26.2962962962963,,TRUE,"doi:10.21223/B7HWWH",2059,FALSE,FALSE,"Peru","Huanuco",FALSE,,,,,,,,
"HUANUCO_01_2020","HUANUCO_01_2020_P860",2,"potato","CIP316385.146","tubers",20.3703703703704,,TRUE,"doi:10.21223/B7HWWH",2060,FALSE,FALSE,"Peru","Huanuco",FALSE,,,,,,,,
"HUANUCO_01_2020","HUANUCO_01_2020_P861",2,"potato","CIP316359.215","tubers",9.44444444444444,,TRUE,"doi:10.21223/B7HWWH",2061,FALSE,FALSE,"Peru","Huanuco",FALSE,,,,,,,,
"HUANUCO_01_2020","HUANUCO_01_2020_P862",2,"potato","CIP316353.173","tubers",38.1481481481482,,TRUE,"doi:10.21223/B7HWWH",2062,FALSE,FALSE,"Peru","Huanuco",FALSE,,,,,,,,
"HUANUCO_01_2020","HUANUCO_01_2020_P863",2,"potato","Amarilis","tubers",12.7777777777778,,TRUE,"doi:10.21223/B7HWWH",2063,FALSE,FALSE,"Peru","Huanuco",FALSE,,,,,,,,
"HUANUCO_01_2020","HUANUCO_01_2020_P864",2,"potato","Kory","tubers",34.0740740740741,,TRUE,"doi:10.21223/B7HWWH",2064,FALSE,FALSE,"Peru","Huanuco",FALSE,,,,,,,,
"HUANUCO_01_2020","HUANUCO_01_2020_P865",2,"potato","CIP316373.249","tubers",30,,TRUE,"doi:10.21223/B7HWWH",2065,FALSE,FALSE,"Peru","Huanuco",FALSE,,,,,,,,
"HUANUCO_01_2020","HUANUCO_01_2020_P866",2,"potato","CIP316359.102","tubers",41.8518518518518,,TRUE,"doi:10.21223/B7HWWH",2066,FALSE,FALSE,"Peru","Huanuco",FALSE,,,,,,,,
"HUANUCO_01_2020","HUANUCO_01_2020_P867",2,"potato","CIP316387.236","tubers",31.8518518518518,,TRUE,"doi:10.21223/B7HWWH",2067,FALSE,FALSE,"Peru","Huanuco",FALSE,,,,,,,,
"HUANUCO_01_2020","HUANUCO_01_2020_P868",2,"potato","Yungay","tubers",4.81481481481481,,TRUE,"doi:10.21223/B7HWWH",2068,FALSE,FALSE,"Peru","Huanuco",FALSE,,,,,,,,
"HUANUCO_01_2020","HUANUCO_01_2020_P869",2,"potato","CIP316360.177","tubers",19.2592592592593,,TRUE,"doi:10.21223/B7HWWH",2069,FALSE,FALSE,"Peru","Huanuco",FALSE,,,,,,,,
"HUANUCO_01_2020","HUANUCO_01_2020_P870",2,"potato","CIP316359.247","tubers",37.4074074074074,,TRUE,"doi:10.21223/B7HWWH",2070,FALSE,FALSE,"Peru","Huanuco",FALSE,,,,,,,,
"HUANUCO_01_2020","HUANUCO_01_2020_P871",2,"potato","CIP316362.152","tubers",34.8148148148148,,TRUE,"doi:10.21223/B7HWWH",2071,FALSE,FALSE,"Peru","Huanuco",FALSE,,,,,,,,
"HUANUCO_01_2020","HUANUCO_01_2020_P872",2,"potato","CIP316349.117","tubers",13.8888888888889,,TRUE,"doi:10.21223/B7HWWH",2072,FALSE,FALSE,"Peru","Huanuco",FALSE,,,,,,,,
"HUANUCO_01_2020","HUANUCO_01_2020_P873",2,"potato","Yungay","tubers",15,,TRUE,"doi:10.21223/B7HWWH",2073,FALSE,FALSE,"Peru","Huanuco",FALSE,,,,,,,,
"HUANUCO_01_2020","HUANUCO_01_2020_P874",2,"potato","CIP316371.183","tubers",34.2592592592593,,TRUE,"doi:10.21223/B7HWWH",2074,FALSE,FALSE,"Peru","Huanuco",FALSE,,,,,,,,
"HUANUCO_01_2020","HUANUCO_01_2020_P875",2,"potato","CIP316384.143","tubers",31.8518518518518,,TRUE,"doi:10.21223/B7HWWH",2075,FALSE,FALSE,"Peru","Huanuco",FALSE,,,,,,,,
"HUANUCO_01_2020","HUANUCO_01_2020_P876",2,"potato","CIP317015.449","tubers",30,,TRUE,"doi:10.21223/B7HWWH",2076,FALSE,FALSE,"Peru","Huanuco",FALSE,,,,,,,,
"HUANUCO_01_2020","HUANUCO_01_2020_P877",2,"potato","CIP398201.510","tubers",41.1111111111111,,TRUE,"doi:10.21223/B7HWWH",2077,FALSE,FALSE,"Peru","Huanuco",FALSE,,,,,,,,
"HUANUCO_01_2020","HUANUCO_01_2020_P878",2,"potato","CIP316385.178","tubers",37.962962962963,,TRUE,"doi:10.21223/B7HWWH",2078,FALSE,FALSE,"Peru","Huanuco",FALSE,,,,,,,,
"HUANUCO_01_2020","HUANUCO_01_2020_P879",2,"potato","CIP316389.108","tubers",37.962962962963,,TRUE,"doi:10.21223/B7HWWH",2079,FALSE,FALSE,"Peru","Huanuco",FALSE,,,,,,,,
"HUANUCO_01_2020","HUANUCO_01_2020_P880",2,"potato","CIP316360.241","tubers",33.3333333333333,,TRUE,"doi:10.21223/B7HWWH",2080,FALSE,FALSE,"Peru","Huanuco",FALSE,,,,,,,,
"HUANUCO_01_2020","HUANUCO_01_2020_P881",2,"potato","CIP316357.110","tubers",21.1111111111111,,TRUE,"doi:10.21223/B7HWWH",2081,FALSE,FALSE,"Peru","Huanuco",FALSE,,,,,,,,
"HUANUCO_01_2020","HUANUCO_01_2020_P882",2,"potato","CIP316352.178","tubers",27.5925925925926,,TRUE,"doi:10.21223/B7HWWH",2082,FALSE,FALSE,"Peru","Huanuco",FALSE,,,,,,,,
"HUANUCO_01_2020","HUANUCO_01_2020_P883",2,"potato","CIP316363.174","tubers",33.7037037037037,,TRUE,"doi:10.21223/B7HWWH",2083,FALSE,FALSE,"Peru","Huanuco",FALSE,,,,,,,,
"HUANUCO_01_2020","HUANUCO_01_2020_P884",2,"potato","CIP316356.158","tubers",33.8888888888889,,TRUE,"doi:10.21223/B7HWWH",2084,FALSE,FALSE,"Peru","Huanuco",FALSE,,,,,,,,
"HUANUCO_01_2020","HUANUCO_01_2020_P885",2,"potato","Kory","tubers",37.4074074074074,,TRUE,"doi:10.21223/B7HWWH",2085,FALSE,FALSE,"Peru","Huanuco",FALSE,,,,,,,,
"HUANUCO_01_2020","HUANUCO_01_2020_P886",2,"potato","CIP316353.733","tubers",30.3703703703704,,TRUE,"doi:10.21223/B7HWWH",2086,FALSE,FALSE,"Peru","Huanuco",FALSE,,,,,,,,
"HUANUCO_01_2020","HUANUCO_01_2020_P887",2,"potato","CIP316386.134","tubers",48.1481481481482,,TRUE,"doi:10.21223/B7HWWH",2087,FALSE,FALSE,"Peru","Huanuco",FALSE,,,,,,,,
"HUANUCO_01_2020","HUANUCO_01_2020_P888",2,"potato","CIP316361.126","tubers",25.7407407407407,,TRUE,"doi:10.21223/B7HWWH",2088,FALSE,FALSE,"Peru","Huanuco",FALSE,,,,,,,,
"HUANUCO_01_2020","HUANUCO_01_2020_P889",2,"potato","CIP316362.179","tubers",20.3703703703704,,TRUE,"doi:10.21223/B7HWWH",2089,FALSE,FALSE,"Peru","Huanuco",FALSE,,,,,,,,
"HUANUCO_01_2020","HUANUCO_01_2020_P890",2,"potato","CIP316361.173","tubers",27.4074074074074,,TRUE,"doi:10.21223/B7HWWH",2090,FALSE,FALSE,"Peru","Huanuco",FALSE,,,,,,,,
"HUANUCO_01_2020","HUANUCO_01_2020_P891",2,"potato","CIP317014.230","tubers",25.5555555555556,,TRUE,"doi:10.21223/B7HWWH",2091,FALSE,FALSE,"Peru","Huanuco",FALSE,,,,,,,,
"HUANUCO_01_2020","HUANUCO_01_2020_P892",2,"potato","CIP316359.159","tubers",43.1481481481482,,TRUE,"doi:10.21223/B7HWWH",2092,FALSE,FALSE,"Peru","Huanuco",FALSE,,,,,,,,
"HUANUCO_01_2020","HUANUCO_01_2020_P893",2,"potato","Yungay","tubers",13.8888888888889,,TRUE,"doi:10.21223/B7HWWH",2093,FALSE,FALSE,"Peru","Huanuco",FALSE,,,,,,,,
"HUANUCO_01_2020","HUANUCO_01_2020_P894",2,"potato","CIP317015.424","tubers",48.3333333333333,,TRUE,"doi:10.21223/B7HWWH",2094,FALSE,FALSE,"Peru","Huanuco",FALSE,,,,,,,,
"HUANUCO_01_2020","HUANUCO_01_2020_P895",2,"potato","CIP316361.191","tubers",50.7407407407407,,TRUE,"doi:10.21223/B7HWWH",2095,FALSE,FALSE,"Peru","Huanuco",FALSE,,,,,,,,
"HUANUCO_01_2020","HUANUCO_01_2020_P896",2,"potato","Kory","tubers",47.5925925925926,,TRUE,"doi:10.21223/B7HWWH",2096,FALSE,FALSE,"Peru","Huanuco",FALSE,,,,,,,,
"HUANUCO_01_2020","HUANUCO_01_2020_P897",2,"potato","CIP316359.227","tubers",29.0740740740741,,TRUE,"doi:10.21223/B7HWWH",2097,FALSE,FALSE,"Peru","Huanuco",FALSE,,,,,,,,
"HUANUCO_01_2020","HUANUCO_01_2020_P898",2,"potato","CIP316345.228","tubers",28.1481481481481,,TRUE,"doi:10.21223/B7HWWH",2098,FALSE,FALSE,"Peru","Huanuco",FALSE,,,,,,,,
"HUANUCO_01_2020","HUANUCO_01_2020_P899",2,"potato","CIP316386.142","tubers",17.5925925925926,,TRUE,"doi:10.21223/B7HWWH",2099,FALSE,FALSE,"Peru","Huanuco",FALSE,,,,,,,,
"HUANUCO_01_2020","HUANUCO_01_2020_P900",2,"potato","CIP316352.184","tubers",46.2962962962963,,TRUE,"doi:10.21223/B7HWWH",2100,FALSE,FALSE,"Peru","Huanuco",FALSE,,,,,,,,
"HUANUCO_01_2020","HUANUCO_01_2020_P901",2,"potato","CIP316384.116","tubers",49.0740740740741,,TRUE,"doi:10.21223/B7HWWH",2101,FALSE,FALSE,"Peru","Huanuco",FALSE,,,,,,,,
"HUANUCO_01_2020","HUANUCO_01_2020_P902",2,"potato","CIP316357.184","tubers",32.962962962963,,TRUE,"doi:10.21223/B7HWWH",2102,FALSE,FALSE,"Peru","Huanuco",FALSE,,,,,,,,
"HUANUCO_01_2020","HUANUCO_01_2020_P903",2,"potato","CIP316367.181","tubers",38.5185185185185,,TRUE,"doi:10.21223/B7HWWH",2103,FALSE,FALSE,"Peru","Huanuco",FALSE,,,,,,,,
"HUANUCO_01_2020","HUANUCO_01_2020_P904",2,"potato","Amarilis","tubers",17.4074074074074,,TRUE,"doi:10.21223/B7HWWH",2104,FALSE,FALSE,"Peru","Huanuco",FALSE,,,,,,,,
"HUANUCO_01_2020","HUANUCO_01_2020_P905",2,"potato","CIP316353.130","tubers",56.6666666666667,,TRUE,"doi:10.21223/B7HWWH",2105,FALSE,FALSE,"Peru","Huanuco",FALSE,,,,,,,,
"HUANUCO_01_2020","HUANUCO_01_2020_P906",2,"potato","CIP316379.155","tubers",19.6296296296296,,TRUE,"doi:10.21223/B7HWWH",2106,FALSE,FALSE,"Peru","Huanuco",FALSE,,,,,,,,
"HUANUCO_01_2020","HUANUCO_01_2020_P907",2,"potato","CIP316373.149","tubers",25.7407407407407,,TRUE,"doi:10.21223/B7HWWH",2107,FALSE,FALSE,"Peru","Huanuco",FALSE,,,,,,,,
"HUANUCO_01_2020","HUANUCO_01_2020_P908",2,"potato","CIP316363.165","tubers",21.1111111111111,,TRUE,"doi:10.21223/B7HWWH",2108,FALSE,FALSE,"Peru","Huanuco",FALSE,,,,,,,,
"HUANUCO_01_2020","HUANUCO_01_2020_P909",2,"potato","CIP316366.120","tubers",30.3703703703704,,TRUE,"doi:10.21223/B7HWWH",2109,FALSE,FALSE,"Peru","Huanuco",FALSE,,,,,,,,
"HUANUCO_01_2020","HUANUCO_01_2020_P910",2,"potato","CIP316386.106","tubers",17.7777777777778,,TRUE,"doi:10.21223/B7HWWH",2110,FALSE,FALSE,"Peru","Huanuco",FALSE,,,,,,,,
"HUANUCO_01_2020","HUANUCO_01_2020_P911",2,"potato","CIP316361.102","tubers",19.6296296296296,,TRUE,"doi:10.21223/B7HWWH",2111,FALSE,FALSE,"Peru","Huanuco",FALSE,,,,,,,,
"HUANUCO_01_2020","HUANUCO_01_2020_P912",2,"potato","Kory","tubers",46.2962962962963,,TRUE,"doi:10.21223/B7HWWH",2112,FALSE,FALSE,"Peru","Huanuco",FALSE,,,,,,,,
"HUANUCO_01_2020","HUANUCO_01_2020_P913",2,"potato","CIP316367.124","tubers",29.6296296296296,,TRUE,"doi:10.21223/B7HWWH",2113,FALSE,FALSE,"Peru","Huanuco",FALSE,,,,,,,,
"HUANUCO_01_2020","HUANUCO_01_2020_P914",2,"potato","CIP316361.132","tubers",39.4444444444444,,TRUE,"doi:10.21223/B7HWWH",2114,FALSE,FALSE,"Peru","Huanuco",FALSE,,,,,,,,
"HUANUCO_01_2020","HUANUCO_01_2020_P915",2,"potato","Amarilis","tubers",16.2962962962963,,TRUE,"doi:10.21223/B7HWWH",2115,FALSE,FALSE,"Peru","Huanuco",FALSE,,,,,,,,
"HUANUCO_01_2020","HUANUCO_01_2020_P916",2,"potato","CIP317016.450","tubers",28.8888888888889,,TRUE,"doi:10.21223/B7HWWH",2116,FALSE,FALSE,"Peru","Huanuco",FALSE,,,,,,,,
"HUANUCO_01_2020","HUANUCO_01_2020_P917",2,"potato","CIP316358.103","tubers",34.4444444444444,,TRUE,"doi:10.21223/B7HWWH",2117,FALSE,FALSE,"Peru","Huanuco",FALSE,,,,,,,,
"HUANUCO_01_2020","HUANUCO_01_2020_P918",2,"potato","CIP316375.102","tubers",30.9259259259259,,TRUE,"doi:10.21223/B7HWWH",2118,FALSE,FALSE,"Peru","Huanuco",FALSE,,,,,,,,
"HUANUCO_01_2020","HUANUCO_01_2020_P919",2,"potato","CIP316360.118","tubers",17.7777777777778,,TRUE,"doi:10.21223/B7HWWH",2119,FALSE,FALSE,"Peru","Huanuco",FALSE,,,,,,,,
"HUANUCO_01_2020","HUANUCO_01_2020_P920",2,"potato","CIP316350.145","tubers",26.8518518518519,,TRUE,"doi:10.21223/B7HWWH",2120,FALSE,FALSE,"Peru","Huanuco",FALSE,,,,,,,,
"HUANUCO_01_2020","HUANUCO_01_2020_P921",2,"potato","Kory","tubers",36.1111111111111,,TRUE,"doi:10.21223/B7HWWH",2121,FALSE,FALSE,"Peru","Huanuco",FALSE,,,,,,,,
"HUANUCO_01_2020","HUANUCO_01_2020_P922",2,"potato","CIP398203.5","tubers",13.5185185185185,,TRUE,"doi:10.21223/B7HWWH",2122,FALSE,FALSE,"Peru","Huanuco",FALSE,,,,,,,,
"HUANUCO_01_2020","HUANUCO_01_2020_P923",2,"potato","CIP316363.104","tubers",14.6296296296296,,TRUE,"doi:10.21223/B7HWWH",2123,FALSE,FALSE,"Peru","Huanuco",FALSE,,,,,,,,
"HUANUCO_01_2020","HUANUCO_01_2020_P924",2,"potato","CIP316353.411","tubers",25.5555555555556,,TRUE,"doi:10.21223/B7HWWH",2124,FALSE,FALSE,"Peru","Huanuco",FALSE,,,,,,,,
"HUANUCO_01_2020","HUANUCO_01_2020_P925",2,"potato","CIP316362.175","tubers",29.6296296296296,,TRUE,"doi:10.21223/B7HWWH",2125,FALSE,FALSE,"Peru","Huanuco",FALSE,,,,,,,,
"HUANUCO_01_2020","HUANUCO_01_2020_P926",2,"potato","CIP317017.26","tubers",22.7777777777778,,TRUE,"doi:10.21223/B7HWWH",2126,FALSE,FALSE,"Peru","Huanuco",FALSE,,,,,,,,
"HUANUCO_01_2020","HUANUCO_01_2020_P927",2,"potato","CIP316366.137","tubers",34.2592592592593,,TRUE,"doi:10.21223/B7HWWH",2127,FALSE,FALSE,"Peru","Huanuco",FALSE,,,,,,,,
"HUANUCO_01_2020","HUANUCO_01_2020_P928",2,"potato","CIP316350.104","tubers",58.3333333333333,,TRUE,"doi:10.21223/B7HWWH",2128,FALSE,FALSE,"Peru","Huanuco",FALSE,,,,,,,,
"HUANUCO_01_2020","HUANUCO_01_2020_P929",2,"potato","CIP316367.160","tubers",29.6296296296296,,TRUE,"doi:10.21223/B7HWWH",2129,FALSE,FALSE,"Peru","Huanuco",FALSE,,,,,,,,
"HUANUCO_01_2020","HUANUCO_01_2020_P930",2,"potato","CIP316385.174","tubers",18.7037037037037,,TRUE,"doi:10.21223/B7HWWH",2130,FALSE,FALSE,"Peru","Huanuco",FALSE,,,,,,,,
"HUANUCO_01_2020","HUANUCO_01_2020_P931",2,"potato","CIP316354.145","tubers",37.4074074074074,,TRUE,"doi:10.21223/B7HWWH",2131,FALSE,FALSE,"Peru","Huanuco",FALSE,,,,,,,,
"HUANUCO_01_2020","HUANUCO_01_2020_P932",2,"potato","CIP316385.144","tubers",16.4814814814815,,TRUE,"doi:10.21223/B7HWWH",2132,FALSE,FALSE,"Peru","Huanuco",FALSE,,,,,,,,
"HUANUCO_01_2020","HUANUCO_01_2020_P933",2,"potato","CIP316362.137","tubers",26.6666666666667,,TRUE,"doi:10.21223/B7HWWH",2133,FALSE,FALSE,"Peru","Huanuco",FALSE,,,,,,,,
"HUANUCO_01_2020","HUANUCO_01_2020_P934",2,"potato","CIP316361.158","tubers",33.7037037037037,,TRUE,"doi:10.21223/B7HWWH",2134,FALSE,FALSE,"Peru","Huanuco",FALSE,,,,,,,,
"HUANUCO_01_2020","HUANUCO_01_2020_P935",2,"potato","CIP316352.113","tubers",12.7777777777778,,TRUE,"doi:10.21223/B7HWWH",2135,FALSE,FALSE,"Peru","Huanuco",FALSE,,,,,,,,
"HUANUCO_01_2020","HUANUCO_01_2020_P936",2,"potato","CIP316354.112","tubers",28.4074074074074,,TRUE,"doi:10.21223/B7HWWH",2136,FALSE,FALSE,"Peru","Huanuco",FALSE,,,,,,,,
"HUANUCO_01_2020","HUANUCO_01_2020_P937",2,"potato","CIP316365.166","tubers",34.6296296296296,,TRUE,"doi:10.21223/B7HWWH",2137,FALSE,FALSE,"Peru","Huanuco",FALSE,,,,,,,,
"HUANUCO_01_2020","HUANUCO_01_2020_P938",2,"potato","CIP316388.194","tubers",5.55555555555555,,TRUE,"doi:10.21223/B7HWWH",2138,FALSE,FALSE,"Peru","Huanuco",FALSE,,,,,,,,
"HUANUCO_01_2020","HUANUCO_01_2020_P939",2,"potato","Kory","tubers",25.7407407407407,,TRUE,"doi:10.21223/B7HWWH",2139,FALSE,FALSE,"Peru","Huanuco",FALSE,,,,,,,,
"HUANUCO_01_2020","HUANUCO_01_2020_P940",2,"potato","CIP316379.149","tubers",25,,TRUE,"doi:10.21223/B7HWWH",2140,FALSE,FALSE,"Peru","Huanuco",FALSE,,,,,,,,
"HUANUCO_01_2020","HUANUCO_01_2020_P941",2,"potato","CIP316363.155","tubers",21.1111111111111,,TRUE,"doi:10.21223/B7HWWH",2141,FALSE,FALSE,"Peru","Huanuco",FALSE,,,,,,,,
"HUANUCO_01_2020","HUANUCO_01_2020_P942",2,"potato","CIP316363.183","tubers",25.9259259259259,,TRUE,"doi:10.21223/B7HWWH",2142,FALSE,FALSE,"Peru","Huanuco",FALSE,,,,,,,,
"HUANUCO_01_2020","HUANUCO_01_2020_P943",2,"potato","CIP316371.166","tubers",16.8518518518519,,TRUE,"doi:10.21223/B7HWWH",2143,FALSE,FALSE,"Peru","Huanuco",FALSE,,,,,,,,
"HUANUCO_01_2020","HUANUCO_01_2020_P944",2,"potato","CIP316353.152","tubers",17.962962962963,,TRUE,"doi:10.21223/B7HWWH",2144,FALSE,FALSE,"Peru","Huanuco",FALSE,,,,,,,,
"HUANUCO_01_2020","HUANUCO_01_2020_P945",2,"potato","CIP316390.109","tubers",36.4814814814815,,TRUE,"doi:10.21223/B7HWWH",2145,FALSE,FALSE,"Peru","Huanuco",FALSE,,,,,,,,
"HUANUCO_01_2020","HUANUCO_01_2020_P946",2,"potato","Amarilis","tubers",18.3333333333333,,TRUE,"doi:10.21223/B7HWWH",2146,FALSE,FALSE,"Peru","Huanuco",FALSE,,,,,,,,
"HUANUCO_01_2020","HUANUCO_01_2020_P947",2,"potato","CIP398192.553","tubers",32.5925925925926,,TRUE,"doi:10.21223/B7HWWH",2147,FALSE,FALSE,"Peru","Huanuco",FALSE,,,,,,,,
"HUANUCO_01_2020","HUANUCO_01_2020_P948",2,"potato","CIP316353.133","tubers",38.3333333333333,,TRUE,"doi:10.21223/B7HWWH",2148,FALSE,FALSE,"Peru","Huanuco",FALSE,,,,,,,,
"HUANUCO_01_2020","HUANUCO_01_2020_P949",2,"potato","CIP316386.168","tubers",33.5185185185185,,TRUE,"doi:10.21223/B7HWWH",2149,FALSE,FALSE,"Peru","Huanuco",FALSE,,,,,,,,
"HUANUCO_01_2020","HUANUCO_01_2020_P950",2,"potato","CIP316364.151","tubers",40,,TRUE,"doi:10.21223/B7HWWH",2150,FALSE,FALSE,"Peru","Huanuco",FALSE,,,,,,,,
"HUANUCO_01_2020","HUANUCO_01_2020_P951",2,"potato","CIP316344.189","tubers",36.2962962962963,,TRUE,"doi:10.21223/B7HWWH",2151,FALSE,FALSE,"Peru","Huanuco",FALSE,,,,,,,,
"HUANUCO_01_2020","HUANUCO_01_2020_P952",2,"potato","CIP316361.244","tubers",44.4444444444444,,TRUE,"doi:10.21223/B7HWWH",2152,FALSE,FALSE,"Peru","Huanuco",FALSE,,,,,,,,
"HUANUCO_01_2020","HUANUCO_01_2020_P953",2,"potato","CIP316361.108","tubers",27.4074074074074,,TRUE,"doi:10.21223/B7HWWH",2153,FALSE,FALSE,"Peru","Huanuco",FALSE,,,,,,,,
"HUANUCO_01_2020","HUANUCO_01_2020_P954",2,"potato","CIP316353.111","tubers",26.4814814814815,,TRUE,"doi:10.21223/B7HWWH",2154,FALSE,FALSE,"Peru","Huanuco",FALSE,,,,,,,,
"HUANUCO_01_2020","HUANUCO_01_2020_P955",2,"potato","CIP316359.158","tubers",18.5185185185185,,TRUE,"doi:10.21223/B7HWWH",2155,FALSE,FALSE,"Peru","Huanuco",FALSE,,,,,,,,
"HUANUCO_01_2020","HUANUCO_01_2020_P956",2,"potato","CIP316385.237","tubers",14.6296296296296,,TRUE,"doi:10.21223/B7HWWH",2156,FALSE,FALSE,"Peru","Huanuco",FALSE,,,,,,,,
"HUANUCO_01_2020","HUANUCO_01_2020_P957",2,"potato","CIP317016.471","tubers",2.59259259259259,,TRUE,"doi:10.21223/B7HWWH",2157,FALSE,FALSE,"Peru","Huanuco",FALSE,,,,,,,,
"HUANUCO_01_2020","HUANUCO_01_2020_P958",2,"potato","CIP316359.218","tubers",29.0740740740741,,TRUE,"doi:10.21223/B7HWWH",2158,FALSE,FALSE,"Peru","Huanuco",FALSE,,,,,,,,
"HUANUCO_01_2020","HUANUCO_01_2020_P959",2,"potato","Kory","tubers",47.5925925925926,,TRUE,"doi:10.21223/B7HWWH",2159,FALSE,FALSE,"Peru","Huanuco",FALSE,,,,,,,,
"HUANUCO_01_2020","HUANUCO_01_2020_P960",2,"potato","CIP398208.505","tubers",22.2222222222222,,TRUE,"doi:10.21223/B7HWWH",2160,FALSE,FALSE,"Peru","Huanuco",FALSE,,,,,,,,
"HUANUCO_01_2020","HUANUCO_01_2020_P961",2,"potato","CIP316389.142","tubers",25.9259259259259,,TRUE,"doi:10.21223/B7HWWH",2161,FALSE,FALSE,"Peru","Huanuco",FALSE,,,,,,,,
"HUANUCO_01_2020","HUANUCO_01_2020_P962",2,"potato","CIP316358.150","tubers",31.1111111111111,,TRUE,"doi:10.21223/B7HWWH",2162,FALSE,FALSE,"Peru","Huanuco",FALSE,,,,,,,,
"HUANUCO_01_2020","HUANUCO_01_2020_P963",2,"potato","CIP316359.173","tubers",25.3703703703704,,TRUE,"doi:10.21223/B7HWWH",2163,FALSE,FALSE,"Peru","Huanuco",FALSE,,,,,,,,
"HUANUCO_01_2020","HUANUCO_01_2020_P964",2,"potato","CIP316348.186","tubers",18.3333333333333,,TRUE,"doi:10.21223/B7HWWH",2164,FALSE,FALSE,"Peru","Huanuco",FALSE,,,,,,,,
"HUANUCO_01_2020","HUANUCO_01_2020_P965",2,"potato","CIP316367.159","tubers",31.4814814814815,,TRUE,"doi:10.21223/B7HWWH",2165,FALSE,FALSE,"Peru","Huanuco",FALSE,,,,,,,,
"HUANUCO_01_2020","HUANUCO_01_2020_P966",2,"potato","CIP302531.43","tubers",30.7407407407407,,TRUE,"doi:10.21223/B7HWWH",2166,FALSE,FALSE,"Peru","Huanuco",FALSE,,,,,,,,
"HUANUCO_01_2020","HUANUCO_01_2020_P967",2,"potato","CIP316390.152","tubers",35.7407407407407,,TRUE,"doi:10.21223/B7HWWH",2167,FALSE,FALSE,"Peru","Huanuco",FALSE,,,,,,,,
"HUANUCO_01_2020","HUANUCO_01_2020_P968",2,"potato","CIP316359.107","tubers",33.8888888888889,,TRUE,"doi:10.21223/B7HWWH",2168,FALSE,FALSE,"Peru","Huanuco",FALSE,,,,,,,,
"HUANUCO_01_2020","HUANUCO_01_2020_P969",2,"potato","CIP316354.154","tubers",28.7037037037037,,TRUE,"doi:10.21223/B7HWWH",2169,FALSE,FALSE,"Peru","Huanuco",FALSE,,,,,,,,
"HUANUCO_01_2020","HUANUCO_01_2020_P970",2,"potato","CIP316344.154","tubers",30.3703703703704,,TRUE,"doi:10.21223/B7HWWH",2170,FALSE,FALSE,"Peru","Huanuco",FALSE,,,,,,,,
"HUANUCO_01_2020","HUANUCO_01_2020_P971",2,"potato","CIP316376.169","tubers",24.8148148148148,,TRUE,"doi:10.21223/B7HWWH",2171,FALSE,FALSE,"Peru","Huanuco",FALSE,,,,,,,,
"HUANUCO_01_2020","HUANUCO_01_2020_P972",2,"potato","CIP316357.111","tubers",37.5925925925926,,TRUE,"doi:10.21223/B7HWWH",2172,FALSE,FALSE,"Peru","Huanuco",FALSE,,,,,,,,
"HUANUCO_01_2020","HUANUCO_01_2020_P973",2,"potato","CIP316374.208","tubers",31.6666666666667,,TRUE,"doi:10.21223/B7HWWH",2173,FALSE,FALSE,"Peru","Huanuco",FALSE,,,,,,,,
"HUANUCO_01_2020","HUANUCO_01_2020_P974",2,"potato","Yungay","tubers",13.7037037037037,,TRUE,"doi:10.21223/B7HWWH",2174,FALSE,FALSE,"Peru","Huanuco",FALSE,,,,,,,,
"HUANUCO_01_2020","HUANUCO_01_2020_P975",2,"potato","CIP316354.172","tubers",41.1111111111111,,TRUE,"doi:10.21223/B7HWWH",2175,FALSE,FALSE,"Peru","Huanuco",FALSE,,,,,,,,
"HUANUCO_01_2020","HUANUCO_01_2020_P976",2,"potato","CIP316360.169","tubers",3.51851851851852,,TRUE,"doi:10.21223/B7HWWH",2176,FALSE,FALSE,"Peru","Huanuco",FALSE,,,,,,,,
"HUANUCO_01_2020","HUANUCO_01_2020_P977",2,"potato","CIP316361.163","tubers",44.8148148148148,,TRUE,"doi:10.21223/B7HWWH",2177,FALSE,FALSE,"Peru","Huanuco",FALSE,,,,,,,,
"HUANUCO_01_2020","HUANUCO_01_2020_P978",2,"potato","CIP316353.109","tubers",22.962962962963,,TRUE,"doi:10.21223/B7HWWH",2178,FALSE,FALSE,"Peru","Huanuco",FALSE,,,,,,,,
"HUANUCO_01_2020","HUANUCO_01_2020_P979",2,"potato","CIP316362.158","tubers",26.8518518518519,,TRUE,"doi:10.21223/B7HWWH",2179,FALSE,FALSE,"Peru","Huanuco",FALSE,,,,,,,,
"HUANUCO_01_2020","HUANUCO_01_2020_P980",2,"potato","Amarilis","tubers",5.55555555555555,,TRUE,"doi:10.21223/B7HWWH",2180,FALSE,FALSE,"Peru","Huanuco",FALSE,,,,,,,,
"HUANUCO_01_2020","HUANUCO_01_2020_P981",2,"potato","CIP316356.149","tubers",58.7037037037037,,TRUE,"doi:10.21223/B7HWWH",2181,FALSE,FALSE,"Peru","Huanuco",FALSE,,,,,,,,
"HUANUCO_01_2020","HUANUCO_01_2020_P982",2,"potato","CIP316363.140","tubers",21.8518518518519,,TRUE,"doi:10.21223/B7HWWH",2182,FALSE,FALSE,"Peru","Huanuco",FALSE,,,,,,,,
"HUANUCO_01_2020","HUANUCO_01_2020_P983",2,"potato","CIP316367.148","tubers",60.3703703703704,,TRUE,"doi:10.21223/B7HWWH",2183,FALSE,FALSE,"Peru","Huanuco",FALSE,,,,,,,,
"HUANUCO_01_2020","HUANUCO_01_2020_P984",2,"potato","CIP316348.178","tubers",37.4074074074074,,TRUE,"doi:10.21223/B7HWWH",2184,FALSE,FALSE,"Peru","Huanuco",FALSE,,,,,,,,
"HUANUCO_01_2020","HUANUCO_01_2020_P985",2,"potato","CIP316390.138","tubers",19.8148148148148,,TRUE,"doi:10.21223/B7HWWH",2185,FALSE,FALSE,"Peru","Huanuco",FALSE,,,,,,,,
"HUANUCO_01_2020","HUANUCO_01_2020_P986",2,"potato","CIP317028.443","tubers",15.9259259259259,,TRUE,"doi:10.21223/B7HWWH",2186,FALSE,FALSE,"Peru","Huanuco",FALSE,,,,,,,,
"HUANUCO_01_2020","HUANUCO_01_2020_P987",2,"potato","CIP316364.154","tubers",27.5925925925926,,TRUE,"doi:10.21223/B7HWWH",2187,FALSE,FALSE,"Peru","Huanuco",FALSE,,,,,,,,
"HUANUCO_01_2020","HUANUCO_01_2020_P988",2,"potato","CIP316367.164","tubers",35.9259259259259,,TRUE,"doi:10.21223/B7HWWH",2188,FALSE,FALSE,"Peru","Huanuco",FALSE,,,,,,,,
"HUANUCO_01_2020","HUANUCO_01_2020_P989",2,"potato","Yungay","tubers",5.55555555555555,,TRUE,"doi:10.21223/B7HWWH",2189,FALSE,FALSE,"Peru","Huanuco",FALSE,,,,,,,,
"HUANUCO_01_2020","HUANUCO_01_2020_P990",2,"potato","Kory","tubers",44.2592592592593,,TRUE,"doi:10.21223/B7HWWH",2190,FALSE,FALSE,"Peru","Huanuco",FALSE,,,,,,,,
"HUANUCO_01_2020","HUANUCO_01_2020_P991",2,"potato","CIP316360.110","tubers",10.5555555555556,,TRUE,"doi:10.21223/B7HWWH",2191,FALSE,FALSE,"Peru","Huanuco",FALSE,,,,,,,,
"HUANUCO_01_2020","HUANUCO_01_2020_P992",2,"potato","CIP316371.198","tubers",48.5185185185185,,TRUE,"doi:10.21223/B7HWWH",2192,FALSE,FALSE,"Peru","Huanuco",FALSE,,,,,,,,
"HUANUCO_01_2020","HUANUCO_01_2020_P993",2,"potato","CIP316360.230","tubers",35.5555555555556,,TRUE,"doi:10.21223/B7HWWH",2193,FALSE,FALSE,"Peru","Huanuco",FALSE,,,,,,,,
"HUANUCO_01_2020","HUANUCO_01_2020_P994",2,"potato","CIP316366.101","tubers",25.1851851851852,,TRUE,"doi:10.21223/B7HWWH",2194,FALSE,FALSE,"Peru","Huanuco",FALSE,,,,,,,,
"HUANUCO_01_2020","HUANUCO_01_2020_P995",2,"potato","CIP316348.223","tubers",19.4444444444444,,TRUE,"doi:10.21223/B7HWWH",2195,FALSE,FALSE,"Peru","Huanuco",FALSE,,,,,,,,
"HUANUCO_01_2020","HUANUCO_01_2020_P996",2,"potato","CIP316385.222","tubers",14.6296296296296,,TRUE,"doi:10.21223/B7HWWH",2196,FALSE,FALSE,"Peru","Huanuco",FALSE,,,,,,,,
"HUANUCO_01_2020","HUANUCO_01_2020_P997",2,"potato","Amarilis","tubers",10.9259259259259,,TRUE,"doi:10.21223/B7HWWH",2197,FALSE,FALSE,"Peru","Huanuco",FALSE,,,,,,,,
"HUANUCO_01_2020","HUANUCO_01_2020_P998",2,"potato","CIP316375.101","tubers",38.7037037037037,,TRUE,"doi:10.21223/B7HWWH",2198,FALSE,FALSE,"Peru","Huanuco",FALSE,,,,,,,,
"HUANUCO_01_2020","HUANUCO_01_2020_P999",2,"potato","CIP316367.104","tubers",32.5925925925926,,TRUE,"doi:10.21223/B7HWWH",2199,FALSE,FALSE,"Peru","Huanuco",FALSE,,,,,,,,
"HUANUCO_01_2020","HUANUCO_01_2020_P1000",2,"potato","CIP316360.149","tubers",28.1481481481481,,TRUE,"doi:10.21223/B7HWWH",2200,FALSE,FALSE,"Peru","Huanuco",FALSE,,,,,,,,
"HUANUCO_01_2020","HUANUCO_01_2020_P1001",2,"potato","CIP316391.138","tubers",47.4074074074074,,TRUE,"doi:10.21223/B7HWWH",2201,FALSE,FALSE,"Peru","Huanuco",FALSE,,,,,,,,
"HUANUCO_01_2020","HUANUCO_01_2020_P1002",2,"potato","Yungay","tubers",5.18518518518519,,TRUE,"doi:10.21223/B7HWWH",2202,FALSE,FALSE,"Peru","Huanuco",FALSE,,,,,,,,
"HUANUCO_01_2020","HUANUCO_01_2020_P1003",2,"potato","CIP316363.175","tubers",9.62962962962963,,TRUE,"doi:10.21223/B7HWWH",2203,FALSE,FALSE,"Peru","Huanuco",FALSE,,,,,,,,
"HUANUCO_01_2020","HUANUCO_01_2020_P1004",2,"potato","CIP316358.113","tubers",26.4814814814815,,TRUE,"doi:10.21223/B7HWWH",2204,FALSE,FALSE,"Peru","Huanuco",FALSE,,,,,,,,
"HUANUCO_01_2020","HUANUCO_01_2020_P1005",2,"potato","Kory","tubers",43.8888888888889,,TRUE,"doi:10.21223/B7HWWH",2205,FALSE,FALSE,"Peru","Huanuco",FALSE,,,,,,,,
"HUANUCO_01_2020","HUANUCO_01_2020_P1006",2,"potato","CIP316373.238","tubers",22.5925925925926,,TRUE,"doi:10.21223/B7HWWH",2206,FALSE,FALSE,"Peru","Huanuco",FALSE,,,,,,,,
"HUANUCO_01_2020","HUANUCO_01_2020_P1007",2,"potato","Yungay","tubers",7.96296296296296,,TRUE,"doi:10.21223/B7HWWH",2207,FALSE,FALSE,"Peru","Huanuco",FALSE,,,,,,,,
"HUANUCO_01_2020","HUANUCO_01_2020_P1008",2,"potato","CIP316362.111","tubers",16.4814814814815,,TRUE,"doi:10.21223/B7HWWH",2208,FALSE,FALSE,"Peru","Huanuco",FALSE,,,,,,,,
"HUANUCO_01_2020","HUANUCO_01_2020_P1009",2,"potato","CIP398208.704","tubers",39.2592592592593,,TRUE,"doi:10.21223/B7HWWH",2209,FALSE,FALSE,"Peru","Huanuco",FALSE,,,,,,,,
"HUANUCO_01_2020","HUANUCO_01_2020_P1010",2,"potato","CIP316352.160","tubers",24.8148148148148,,TRUE,"doi:10.21223/B7HWWH",2210,FALSE,FALSE,"Peru","Huanuco",FALSE,,,,,,,,
"HUANUCO_01_2020","HUANUCO_01_2020_P1011",2,"potato","CIP316366.136","tubers",21.6666666666667,,TRUE,"doi:10.21223/B7HWWH",2211,FALSE,FALSE,"Peru","Huanuco",FALSE,,,,,,,,
"HUANUCO_01_2020","HUANUCO_01_2020_P1012",2,"potato","CIP316366.126","tubers",25,,TRUE,"doi:10.21223/B7HWWH",2212,FALSE,FALSE,"Peru","Huanuco",FALSE,,,,,,,,
"HUANUCO_01_2020","HUANUCO_01_2020_P1013",2,"potato","CIP316360.180","tubers",26.1111111111111,,TRUE,"doi:10.21223/B7HWWH",2213,FALSE,FALSE,"Peru","Huanuco",FALSE,,,,,,,,
"HUANUCO_01_2020","HUANUCO_01_2020_P1014",2,"potato","CIP316358.145","tubers",22.2222222222222,,TRUE,"doi:10.21223/B7HWWH",2214,FALSE,FALSE,"Peru","Huanuco",FALSE,,,,,,,,
"HUANUCO_01_2020","HUANUCO_01_2020_P1015",2,"potato","CIP316363.119","tubers",10.3703703703704,,TRUE,"doi:10.21223/B7HWWH",2215,FALSE,FALSE,"Peru","Huanuco",FALSE,,,,,,,,
"HUANUCO_01_2020","HUANUCO_01_2020_P1016",2,"potato","CIP316362.180","tubers",36.8518518518518,,TRUE,"doi:10.21223/B7HWWH",2216,FALSE,FALSE,"Peru","Huanuco",FALSE,,,,,,,,
"HUANUCO_01_2020","HUANUCO_01_2020_P1017",2,"potato","CIP316377.169","tubers",24.6296296296296,,TRUE,"doi:10.21223/B7HWWH",2217,FALSE,FALSE,"Peru","Huanuco",FALSE,,,,,,,,
"HUANUCO_01_2020","HUANUCO_01_2020_P1018",2,"potato","CIP316373.198","tubers",33.8888888888889,,TRUE,"doi:10.21223/B7HWWH",2218,FALSE,FALSE,"Peru","Huanuco",FALSE,,,,,,,,
"HUANUCO_01_2020","HUANUCO_01_2020_P1019",2,"potato","CIP316348.246","tubers",24.0740740740741,,TRUE,"doi:10.21223/B7HWWH",2219,FALSE,FALSE,"Peru","Huanuco",FALSE,,,,,,,,
"HUANUCO_01_2020","HUANUCO_01_2020_P1020",2,"potato","CIP316359.234","tubers",25.5555555555556,,TRUE,"doi:10.21223/B7HWWH",2220,FALSE,FALSE,"Peru","Huanuco",FALSE,,,,,,,,
"HUANUCO_01_2020","HUANUCO_01_2020_P1021",2,"potato","Amarilis","tubers",4.25925925925926,,TRUE,"doi:10.21223/B7HWWH",2221,FALSE,FALSE,"Peru","Huanuco",FALSE,,,,,,,,
"HUANUCO_01_2020","HUANUCO_01_2020_P1022",2,"potato","CIP316353.141","tubers",49.0740740740741,,TRUE,"doi:10.21223/B7HWWH",2222,FALSE,FALSE,"Peru","Huanuco",FALSE,,,,,,,,
"HUANUCO_01_2020","HUANUCO_01_2020_P1023",2,"potato","CIP317015.457","tubers",31.4814814814815,,TRUE,"doi:10.21223/B7HWWH",2223,FALSE,FALSE,"Peru","Huanuco",FALSE,,,,,,,,
"HUANUCO_01_2020","HUANUCO_01_2020_P1024",2,"potato","CIP316357.226","tubers",37.962962962963,,TRUE,"doi:10.21223/B7HWWH",2224,FALSE,FALSE,"Peru","Huanuco",FALSE,,,,,,,,
"HUANUCO_01_2020","HUANUCO_01_2020_P1025",2,"potato","CIP316392.137","tubers",35.9259259259259,,TRUE,"doi:10.21223/B7HWWH",2225,FALSE,FALSE,"Peru","Huanuco",FALSE,,,,,,,,
"HUANUCO_01_2020","HUANUCO_01_2020_P1026",2,"potato","CIP316353.158","tubers",27.037037037037,,TRUE,"doi:10.21223/B7HWWH",2226,FALSE,FALSE,"Peru","Huanuco",FALSE,,,,,,,,
"HUANUCO_01_2020","HUANUCO_01_2020_P1027",2,"potato","CIP316383.108","tubers",24.8148148148148,,TRUE,"doi:10.21223/B7HWWH",2227,FALSE,FALSE,"Peru","Huanuco",FALSE,,,,,,,,
"HUANUCO_01_2020","HUANUCO_01_2020_P1028",2,"potato","CIP316361.227","tubers",22.4074074074074,,TRUE,"doi:10.21223/B7HWWH",2228,FALSE,FALSE,"Peru","Huanuco",FALSE,,,,,,,,
"HUANUCO_01_2020","HUANUCO_01_2020_P1029",2,"potato","CIP316384.170","tubers",31.4814814814815,,TRUE,"doi:10.21223/B7HWWH",2229,FALSE,FALSE,"Peru","Huanuco",FALSE,,,,,,,,
"HUANUCO_01_2020","HUANUCO_01_2020_P1030",2,"potato","CIP316385.125","tubers",24.6296296296296,,TRUE,"doi:10.21223/B7HWWH",2230,FALSE,FALSE,"Peru","Huanuco",FALSE,,,,,,,,
"HUANUCO_01_2020","HUANUCO_01_2020_P1031",2,"potato","CIP316354.123","tubers",24.0740740740741,,TRUE,"doi:10.21223/B7HWWH",2231,FALSE,FALSE,"Peru","Huanuco",FALSE,,,,,,,,
"HUANUCO_01_2020","HUANUCO_01_2020_P1032",2,"potato","CIP316363.123","tubers",25,,TRUE,"doi:10.21223/B7HWWH",2232,FALSE,FALSE,"Peru","Huanuco",FALSE,,,,,,,,
"HUANUCO_01_2020","HUANUCO_01_2020_P1033",2,"potato","CIP316359.213","tubers",19.0740740740741,,TRUE,"doi:10.21223/B7HWWH",2233,FALSE,FALSE,"Peru","Huanuco",FALSE,,,,,,,,
"HUANUCO_01_2020","HUANUCO_01_2020_P1034",2,"potato","CIP316380.131","tubers",20.3703703703704,,TRUE,"doi:10.21223/B7HWWH",2234,FALSE,FALSE,"Peru","Huanuco",FALSE,,,,,,,,
"HUANUCO_01_2020","HUANUCO_01_2020_P1035",2,"potato","CIP398208.620","tubers",47.5925925925926,,TRUE,"doi:10.21223/B7HWWH",2235,FALSE,FALSE,"Peru","Huanuco",FALSE,,,,,,,,
"HUANUCO_01_2020","HUANUCO_01_2020_P1036",2,"potato","CIP316348.239","tubers",13.5185185185185,,TRUE,"doi:10.21223/B7HWWH",2236,FALSE,FALSE,"Peru","Huanuco",FALSE,,,,,,,,
"HUANUCO_01_2020","HUANUCO_01_2020_P1037",2,"potato","CIP316359.168","tubers",32.5925925925926,,TRUE,"doi:10.21223/B7HWWH",2237,FALSE,FALSE,"Peru","Huanuco",FALSE,,,,,,,,
"HUANUCO_01_2020","HUANUCO_01_2020_P1038",2,"potato","CIP316359.171","tubers",25.1851851851852,,TRUE,"doi:10.21223/B7HWWH",2238,FALSE,FALSE,"Peru","Huanuco",FALSE,,,,,,,,
"HUANUCO_01_2020","HUANUCO_01_2020_P1039",2,"potato","CIP316389.131","tubers",43.7037037037037,,TRUE,"doi:10.21223/B7HWWH",2239,FALSE,FALSE,"Peru","Huanuco",FALSE,,,,,,,,
"HUANUCO_01_2020","HUANUCO_01_2020_P1040",2,"potato","CIP316344.158","tubers",16.4814814814815,,TRUE,"doi:10.21223/B7HWWH",2240,FALSE,FALSE,"Peru","Huanuco",FALSE,,,,,,,,
"HUANUCO_01_2020","HUANUCO_01_2020_P1041",2,"potato","CIP316361.231","tubers",41.8518518518518,,TRUE,"doi:10.21223/B7HWWH",2241,FALSE,FALSE,"Peru","Huanuco",FALSE,,,,,,,,
"HUANUCO_01_2020","HUANUCO_01_2020_P1042",2,"potato","CIP316358.177","tubers",23.7037037037037,,TRUE,"doi:10.21223/B7HWWH",2242,FALSE,FALSE,"Peru","Huanuco",FALSE,,,,,,,,
"HUANUCO_01_2020","HUANUCO_01_2020_P1043",2,"potato","CIP316350.125","tubers",41.6666666666667,,TRUE,"doi:10.21223/B7HWWH",2243,FALSE,FALSE,"Peru","Huanuco",FALSE,,,,,,,,
"HUANUCO_01_2020","HUANUCO_01_2020_P1044",2,"potato","CIP316353.514","tubers",13.1481481481481,,TRUE,"doi:10.21223/B7HWWH",2244,FALSE,FALSE,"Peru","Huanuco",FALSE,,,,,,,,
"HUANUCO_01_2020","HUANUCO_01_2020_P1045",2,"potato","CIP316382.179","tubers",20.9259259259259,,TRUE,"doi:10.21223/B7HWWH",2245,FALSE,FALSE,"Peru","Huanuco",FALSE,,,,,,,,
"HUANUCO_01_2020","HUANUCO_01_2020_P1046",2,"potato","Amarilis","tubers",18.8888888888889,,TRUE,"doi:10.21223/B7HWWH",2246,FALSE,FALSE,"Peru","Huanuco",FALSE,,,,,,,,
"HUANUCO_01_2020","HUANUCO_01_2020_P1047",2,"potato","CIP316367.171","tubers",46.4814814814815,,TRUE,"doi:10.21223/B7HWWH",2247,FALSE,FALSE,"Peru","Huanuco",FALSE,,,,,,,,
"HUANUCO_01_2020","HUANUCO_01_2020_P1048",2,"potato","Kory","tubers",14.6296296296296,,TRUE,"doi:10.21223/B7HWWH",2248,FALSE,FALSE,"Peru","Huanuco",FALSE,,,,,,,,
"HUANUCO_01_2020","HUANUCO_01_2020_P1049",2,"potato","Yungay","tubers",23.3333333333333,,TRUE,"doi:10.21223/B7HWWH",2249,FALSE,FALSE,"Peru","Huanuco",FALSE,,,,,,,,
"HUANUCO_01_2020","HUANUCO_01_2020_P1050",2,"potato","CIP316357.208","tubers",28.8888888888889,,TRUE,"doi:10.21223/B7HWWH",2250,FALSE,FALSE,"Peru","Huanuco",FALSE,,,,,,,,
"HUANUCO_01_2020","HUANUCO_01_2020_P1051",2,"potato","CIP316354.153","tubers",21.8518518518519,,TRUE,"doi:10.21223/B7HWWH",2251,FALSE,FALSE,"Peru","Huanuco",FALSE,,,,,,,,
"HUANUCO_01_2020","HUANUCO_01_2020_P1052",2,"potato","CIP316359.133","tubers",24.0740740740741,,TRUE,"doi:10.21223/B7HWWH",2252,FALSE,FALSE,"Peru","Huanuco",FALSE,,,,,,,,
"HUANUCO_01_2020","HUANUCO_01_2020_P1053",2,"potato","CIP316367.134","tubers",53.8888888888889,,TRUE,"doi:10.21223/B7HWWH",2253,FALSE,FALSE,"Peru","Huanuco",FALSE,,,,,,,,
"HUANUCO_01_2020","HUANUCO_01_2020_P1054",2,"potato","CIP398208.33","tubers",18.1481481481481,,TRUE,"doi:10.21223/B7HWWH",2254,FALSE,FALSE,"Peru","Huanuco",FALSE,,,,,,,,
"HUANUCO_01_2020","HUANUCO_01_2020_P1055",2,"potato","CIP317016.492","tubers",85.7407407407407,,TRUE,"doi:10.21223/B7HWWH",2255,FALSE,FALSE,"Peru","Huanuco",FALSE,,,,,,,,
"HUANUCO_01_2020","HUANUCO_01_2020_P1056",2,"potato","Amarilis","tubers",5.92592592592593,,TRUE,"doi:10.21223/B7HWWH",2256,FALSE,FALSE,"Peru","Huanuco",FALSE,,,,,,,,
"HUANUCO_01_2020","HUANUCO_01_2020_P1057",2,"potato","CIP316358.136","tubers",33.8888888888889,,TRUE,"doi:10.21223/B7HWWH",2257,FALSE,FALSE,"Peru","Huanuco",FALSE,,,,,,,,
"HUANUCO_01_2020","HUANUCO_01_2020_P1058",2,"potato","CIP316378.183","tubers",22.5925925925926,,TRUE,"doi:10.21223/B7HWWH",2258,FALSE,FALSE,"Peru","Huanuco",FALSE,,,,,,,,
"HUANUCO_01_2020","HUANUCO_01_2020_P1059",2,"potato","Amarilis","tubers",12.962962962963,,TRUE,"doi:10.21223/B7HWWH",2259,FALSE,FALSE,"Peru","Huanuco",FALSE,,,,,,,,
"HUANUCO_01_2020","HUANUCO_01_2020_P1060",2,"potato","CIP316361.187","tubers",67.4074074074074,,TRUE,"doi:10.21223/B7HWWH",2260,FALSE,FALSE,"Peru","Huanuco",FALSE,,,,,,,,
"HUANUCO_01_2020","HUANUCO_01_2020_P1061",2,"potato","CIP316364.130","tubers",15.5555555555556,,TRUE,"doi:10.21223/B7HWWH",2261,FALSE,FALSE,"Peru","Huanuco",FALSE,,,,,,,,
"HUANUCO_01_2020","HUANUCO_01_2020_P1062",2,"potato","CIP302534.1","tubers",28.8888888888889,,TRUE,"doi:10.21223/B7HWWH",2262,FALSE,FALSE,"Peru","Huanuco",FALSE,,,,,,,,
"HUANUCO_01_2020","HUANUCO_01_2020_P1063",2,"potato","CIP316393.114","tubers",47.5925925925926,,TRUE,"doi:10.21223/B7HWWH",2263,FALSE,FALSE,"Peru","Huanuco",FALSE,,,,,,,,
"HUANUCO_01_2020","HUANUCO_01_2020_P1064",2,"potato","CIP317015.460","tubers",30,,TRUE,"doi:10.21223/B7HWWH",2264,FALSE,FALSE,"Peru","Huanuco",FALSE,,,,,,,,
"HUANUCO_01_2020","HUANUCO_01_2020_P1065",2,"potato","CIP316353.144","tubers",32.4074074074074,,TRUE,"doi:10.21223/B7HWWH",2265,FALSE,FALSE,"Peru","Huanuco",FALSE,,,,,,,,
"HUANUCO_01_2020","HUANUCO_01_2020_P1066",2,"potato","CIP317015.469","tubers",8.14814814814815,,TRUE,"doi:10.21223/B7HWWH",2266,FALSE,FALSE,"Peru","Huanuco",FALSE,,,,,,,,
"HUANUCO_01_2020","HUANUCO_01_2020_P1067",2,"potato","Yungay","tubers",6.85185185185185,,TRUE,"doi:10.21223/B7HWWH",2267,FALSE,FALSE,"Peru","Huanuco",FALSE,,,,,,,,
"HUANUCO_01_2020","HUANUCO_01_2020_P1068",2,"potato","CIP316349.166","tubers",32.962962962963,,TRUE,"doi:10.21223/B7HWWH",2268,FALSE,FALSE,"Peru","Huanuco",FALSE,,,,,,,,
"HUANUCO_01_2020","HUANUCO_01_2020_P1069",2,"potato","CIP316365.140","tubers",28.3333333333333,,TRUE,"doi:10.21223/B7HWWH",2269,FALSE,FALSE,"Peru","Huanuco",FALSE,,,,,,,,
"HUANUCO_01_2020","HUANUCO_01_2020_P1070",2,"potato","CIP316353.120","tubers",21.2962962962963,,TRUE,"doi:10.21223/B7HWWH",2270,FALSE,FALSE,"Peru","Huanuco",FALSE,,,,,,,,
"HUANUCO_01_2020","HUANUCO_01_2020_P1071",2,"potato","CIP316365.165","tubers",12.037037037037,,TRUE,"doi:10.21223/B7HWWH",2271,FALSE,FALSE,"Peru","Huanuco",FALSE,,,,,,,,
"HUANUCO_01_2020","HUANUCO_01_2020_P1072",2,"potato","CIP316387.132","tubers",3.7037037037037,,TRUE,"doi:10.21223/B7HWWH",2272,FALSE,FALSE,"Peru","Huanuco",FALSE,,,,,,,,
"HUANUCO_01_2020","HUANUCO_01_2020_P1073",2,"potato","CIP316359.169","tubers",16.8518518518519,,TRUE,"doi:10.21223/B7HWWH",2273,FALSE,FALSE,"Peru","Huanuco",FALSE,,,,,,,,
"HUANUCO_01_2020","HUANUCO_01_2020_P1074",2,"potato","CIP316390.130","tubers",18.5185185185185,,TRUE,"doi:10.21223/B7HWWH",2274,FALSE,FALSE,"Peru","Huanuco",FALSE,,,,,,,,
"HUANUCO_01_2020","HUANUCO_01_2020_P1075",2,"potato","CIP317015.408","tubers",11.8518518518519,,TRUE,"doi:10.21223/B7HWWH",2275,FALSE,FALSE,"Peru","Huanuco",FALSE,,,,,,,,
"HUANUCO_01_2020","HUANUCO_01_2020_P1076",2,"potato","CIP316353.147","tubers",32.2222222222222,,TRUE,"doi:10.21223/B7HWWH",2276,FALSE,FALSE,"Peru","Huanuco",FALSE,,,,,,,,
"HUANUCO_01_2020","HUANUCO_01_2020_P1077",2,"potato","CIP316352.159","tubers",31.4814814814815,,TRUE,"doi:10.21223/B7HWWH",2277,FALSE,FALSE,"Peru","Huanuco",FALSE,,,,,,,,
"HUANUCO_01_2020","HUANUCO_01_2020_P1078",2,"potato","CIP316367.174","tubers",37.037037037037,,TRUE,"doi:10.21223/B7HWWH",2278,FALSE,FALSE,"Peru","Huanuco",FALSE,,,,,,,,
"HUANUCO_01_2020","HUANUCO_01_2020_P1079",2,"potato","CIP316385.104","tubers",29.4444444444444,,TRUE,"doi:10.21223/B7HWWH",2279,FALSE,FALSE,"Peru","Huanuco",FALSE,,,,,,,,
"HUANUCO_01_2020","HUANUCO_01_2020_P1080",2,"potato","CIP316353.136","tubers",29.4444444444444,,TRUE,"doi:10.21223/B7HWWH",2280,FALSE,FALSE,"Peru","Huanuco",FALSE,,,,,,,,
"HUANUCO_01_2020","HUANUCO_01_2020_P1081",2,"potato","CIP316353.166","tubers",28.1481481481481,,TRUE,"doi:10.21223/B7HWWH",2281,FALSE,FALSE,"Peru","Huanuco",FALSE,,,,,,,,
"HUANUCO_01_2020","HUANUCO_01_2020_P1082",2,"potato","CIP316367.177","tubers",37.7777777777778,,TRUE,"doi:10.21223/B7HWWH",2282,FALSE,FALSE,"Peru","Huanuco",FALSE,,,,,,,,
"HUANUCO_01_2020","HUANUCO_01_2020_P1083",2,"potato","CIP316367.137","tubers",26.1111111111111,,TRUE,"doi:10.21223/B7HWWH",2283,FALSE,FALSE,"Peru","Huanuco",FALSE,,,,,,,,
"HUANUCO_01_2020","HUANUCO_01_2020_P1084",2,"potato","Kory","tubers",59.2592592592593,,TRUE,"doi:10.21223/B7HWWH",2284,FALSE,FALSE,"Peru","Huanuco",FALSE,,,,,,,,
"HUANUCO_01_2020","HUANUCO_01_2020_P1085",2,"potato","CIP316351.142","tubers",30.7407407407407,,TRUE,"doi:10.21223/B7HWWH",2285,FALSE,FALSE,"Peru","Huanuco",FALSE,,,,,,,,
"HUANUCO_01_2020","HUANUCO_01_2020_P1086",2,"potato","CIP316375.109","tubers",31.6666666666667,,TRUE,"doi:10.21223/B7HWWH",2286,FALSE,FALSE,"Peru","Huanuco",FALSE,,,,,,,,
"HUANUCO_01_2020","HUANUCO_01_2020_P1087",2,"potato","CIP316345.247","tubers",31.1111111111111,,TRUE,"doi:10.21223/B7HWWH",2287,FALSE,FALSE,"Peru","Huanuco",FALSE,,,,,,,,
"HUANUCO_01_2020","HUANUCO_01_2020_P1088",2,"potato","CIP316359.238","tubers",30.5555555555556,,TRUE,"doi:10.21223/B7HWWH",2288,FALSE,FALSE,"Peru","Huanuco",FALSE,,,,,,,,
"HUANUCO_01_2020","HUANUCO_01_2020_P1089",2,"potato","CIP316353.148","tubers",49.6296296296296,,TRUE,"doi:10.21223/B7HWWH",2289,FALSE,FALSE,"Peru","Huanuco",FALSE,,,,,,,,
"HUANUCO_01_2020","HUANUCO_01_2020_P1090",2,"potato","Amarilis","tubers",14.0740740740741,,TRUE,"doi:10.21223/B7HWWH",2290,FALSE,FALSE,"Peru","Huanuco",FALSE,,,,,,,,
"HUANUCO_01_2020","HUANUCO_01_2020_P1091",2,"potato","CIP316363.157","tubers",26.6666666666667,,TRUE,"doi:10.21223/B7HWWH",2291,FALSE,FALSE,"Peru","Huanuco",FALSE,,,,,,,,
"HUANUCO_01_2020","HUANUCO_01_2020_P1092",2,"potato","CIP316361.202","tubers",37.5925925925926,,TRUE,"doi:10.21223/B7HWWH",2292,FALSE,FALSE,"Peru","Huanuco",FALSE,,,,,,,,
"HUANUCO_01_2020","HUANUCO_01_2020_P1093",2,"potato","CIP316360.156","tubers",34.4444444444444,,TRUE,"doi:10.21223/B7HWWH",2293,FALSE,FALSE,"Peru","Huanuco",FALSE,,,,,,,,
"HUANUCO_01_2020","HUANUCO_01_2020_P1094",2,"potato","CIP316349.160","tubers",36.8518518518518,,TRUE,"doi:10.21223/B7HWWH",2294,FALSE,FALSE,"Peru","Huanuco",FALSE,,,,,,,,
"HUANUCO_01_2020","HUANUCO_01_2020_P1095",2,"potato","CIP316360.139","tubers",44.0740740740741,,TRUE,"doi:10.21223/B7HWWH",2295,FALSE,FALSE,"Peru","Huanuco",FALSE,,,,,,,,
"HUANUCO_01_2020","HUANUCO_01_2020_P1096",2,"potato","CIP316378.167","tubers",27.4074074074074,,TRUE,"doi:10.21223/B7HWWH",2296,FALSE,FALSE,"Peru","Huanuco",FALSE,,,,,,,,
"HUANUCO_01_2020","HUANUCO_01_2020_P1097",2,"potato","CIP316355.157","tubers",32.5925925925926,,TRUE,"doi:10.21223/B7HWWH",2297,FALSE,FALSE,"Peru","Huanuco",FALSE,,,,,,,,
"HUANUCO_01_2020","HUANUCO_01_2020_P1098",2,"potato","CIP316360.240","tubers",25.9259259259259,,TRUE,"doi:10.21223/B7HWWH",2298,FALSE,FALSE,"Peru","Huanuco",FALSE,,,,,,,,
"HUANUCO_01_2020","HUANUCO_01_2020_P1099",2,"potato","CIP317015.434","tubers",40.3703703703704,,TRUE,"doi:10.21223/B7HWWH",2299,FALSE,FALSE,"Peru","Huanuco",FALSE,,,,,,,,
"HUANUCO_01_2020","HUANUCO_01_2020_P1100",2,"potato","CIP316361.152","tubers",41.4814814814815,,TRUE,"doi:10.21223/B7HWWH",2300,FALSE,FALSE,"Peru","Huanuco",FALSE,,,,,,,,
"HUANUCO_01_2020","HUANUCO_01_2020_P1101",2,"potato","CIP316367.183","tubers",33.3333333333333,,TRUE,"doi:10.21223/B7HWWH",2301,FALSE,FALSE,"Peru","Huanuco",FALSE,,,,,,,,
"HUANUCO_01_2020","HUANUCO_01_2020_P1102",2,"potato","CIP317015.472","tubers",22.037037037037,,TRUE,"doi:10.21223/B7HWWH",2302,FALSE,FALSE,"Peru","Huanuco",FALSE,,,,,,,,
"HUANUCO_01_2020","HUANUCO_01_2020_P1103",2,"potato","CIP317008.407","tubers",21.1111111111111,,TRUE,"doi:10.21223/B7HWWH",2303,FALSE,FALSE,"Peru","Huanuco",FALSE,,,,,,,,
"HUANUCO_01_2020","HUANUCO_01_2020_P1104",2,"potato","CIP316358.214","tubers",57.2222222222222,,TRUE,"doi:10.21223/B7HWWH",2304,FALSE,FALSE,"Peru","Huanuco",FALSE,,,,,,,,
"HUANUCO_01_2020","HUANUCO_01_2020_P1105",2,"potato","CIP316351.134","tubers",26.2962962962963,,TRUE,"doi:10.21223/B7HWWH",2305,FALSE,FALSE,"Peru","Huanuco",FALSE,,,,,,,,
"HUANUCO_01_2020","HUANUCO_01_2020_P1106",2,"potato","Kory","tubers",49.8148148148148,,TRUE,"doi:10.21223/B7HWWH",2306,FALSE,FALSE,"Peru","Huanuco",FALSE,,,,,,,,
"HUANUCO_01_2020","HUANUCO_01_2020_P1107",2,"potato","Amarilis","tubers",12.037037037037,,TRUE,"doi:10.21223/B7HWWH",2307,FALSE,FALSE,"Peru","Huanuco",FALSE,,,,,,,,
"HUANUCO_01_2020","HUANUCO_01_2020_P1108",2,"potato","CIP316363.134","tubers",5.18518518518519,,TRUE,"doi:10.21223/B7HWWH",2308,FALSE,FALSE,"Peru","Huanuco",FALSE,,,,,,,,
"HUANUCO_01_2020","HUANUCO_01_2020_P1109",2,"potato","CIP304081.44","tubers",28.3333333333333,,TRUE,"doi:10.21223/B7HWWH",2309,FALSE,FALSE,"Peru","Huanuco",FALSE,,,,,,,,
"HUANUCO_01_2020","HUANUCO_01_2020_P1110",2,"potato","CIP317029.434","tubers",18.5185185185185,,TRUE,"doi:10.21223/B7HWWH",2310,FALSE,FALSE,"Peru","Huanuco",FALSE,,,,,,,,
"HUANUCO_01_2020","HUANUCO_01_2020_P1111",2,"potato","CIP398190.615","tubers",12.037037037037,,TRUE,"doi:10.21223/B7HWWH",2311,FALSE,FALSE,"Peru","Huanuco",FALSE,,,,,,,,
"HUANUCO_01_2020","HUANUCO_01_2020_P1112",2,"potato","Amarilis","tubers",15.1851851851852,,TRUE,"doi:10.21223/B7HWWH",2312,FALSE,FALSE,"Peru","Huanuco",FALSE,,,,,,,,
"HUANUCO_01_2020","HUANUCO_01_2020_P1113",2,"potato","CIP316344.165","tubers",55.7407407407407,,TRUE,"doi:10.21223/B7HWWH",2313,FALSE,FALSE,"Peru","Huanuco",FALSE,,,,,,,,
"HUANUCO_01_2020","HUANUCO_01_2020_P1114",2,"potato","CIP316360.195","tubers",28.7037037037037,,TRUE,"doi:10.21223/B7HWWH",2314,FALSE,FALSE,"Peru","Huanuco",FALSE,,,,,,,,
"HUANUCO_01_2020","HUANUCO_01_2020_P1115",2,"potato","CIP316348.174","tubers",28.5185185185185,,TRUE,"doi:10.21223/B7HWWH",2315,FALSE,FALSE,"Peru","Huanuco",FALSE,,,,,,,,
"HUANUCO_01_2020","HUANUCO_01_2020_P1116",2,"potato","Yungay","tubers",6.85185185185185,,TRUE,"doi:10.21223/B7HWWH",2316,FALSE,FALSE,"Peru","Huanuco",FALSE,,,,,,,,
"HUANUCO_01_2020","HUANUCO_01_2020_P1117",2,"potato","CIP316367.128","tubers",52.4074074074074,,TRUE,"doi:10.21223/B7HWWH",2317,FALSE,FALSE,"Peru","Huanuco",FALSE,,,,,,,,
"HUANUCO_01_2020","HUANUCO_01_2020_P1118",2,"potato","CIP317029.432","tubers",4.07407407407407,,TRUE,"doi:10.21223/B7HWWH",2318,FALSE,FALSE,"Peru","Huanuco",FALSE,,,,,,,,
"HUANUCO_01_2020","HUANUCO_01_2020_P1119",2,"potato","CIP316350.173","tubers",27.962962962963,,TRUE,"doi:10.21223/B7HWWH",2319,FALSE,FALSE,"Peru","Huanuco",FALSE,,,,,,,,
"HUANUCO_01_2020","HUANUCO_01_2020_P1120",2,"potato","CIP316387.145","tubers",20.7407407407407,,TRUE,"doi:10.21223/B7HWWH",2320,FALSE,FALSE,"Peru","Huanuco",FALSE,,,,,,,,
"HUANUCO_01_2020","HUANUCO_01_2020_P1121",2,"potato","CIP398098.570","tubers",36.4814814814815,,TRUE,"doi:10.21223/B7HWWH",2321,FALSE,FALSE,"Peru","Huanuco",FALSE,,,,,,,,
"HUANUCO_01_2020","HUANUCO_01_2020_P1122",2,"potato","CIP316387.223","tubers",41.6666666666667,,TRUE,"doi:10.21223/B7HWWH",2322,FALSE,FALSE,"Peru","Huanuco",FALSE,,,,,,,,
"HUANUCO_01_2020","HUANUCO_01_2020_P1123",2,"potato","CIP316360.117","tubers",13.5185185185185,,TRUE,"doi:10.21223/B7HWWH",2323,FALSE,FALSE,"Peru","Huanuco",FALSE,,,,,,,,
"HUANUCO_01_2020","HUANUCO_01_2020_P1124",2,"potato","CIP316363.161","tubers",12.7777777777778,,TRUE,"doi:10.21223/B7HWWH",2324,FALSE,FALSE,"Peru","Huanuco",FALSE,,,,,,,,
"HUANUCO_01_2020","HUANUCO_01_2020_P1125",2,"potato","CIP316353.134","tubers",22.4074074074074,,TRUE,"doi:10.21223/B7HWWH",2325,FALSE,FALSE,"Peru","Huanuco",FALSE,,,,,,,,
"HUANUCO_01_2020","HUANUCO_01_2020_P1126",2,"potato","CIP316385.149","tubers",20.9259259259259,,TRUE,"doi:10.21223/B7HWWH",2326,FALSE,FALSE,"Peru","Huanuco",FALSE,,,,,,,,
"HUANUCO_01_2020","HUANUCO_01_2020_P1127",2,"potato","CIP316360.215","tubers",4.25925925925926,,TRUE,"doi:10.21223/B7HWWH",2327,FALSE,FALSE,"Peru","Huanuco",FALSE,,,,,,,,
"HUANUCO_01_2020","HUANUCO_01_2020_P1128",2,"potato","CIP316385.118","tubers",24.4444444444444,,TRUE,"doi:10.21223/B7HWWH",2328,FALSE,FALSE,"Peru","Huanuco",FALSE,,,,,,,,
"HUANUCO_01_2020","HUANUCO_01_2020_P1129",2,"potato","CIP316386.141","tubers",22.2222222222222,,TRUE,"doi:10.21223/B7HWWH",2329,FALSE,FALSE,"Peru","Huanuco",FALSE,,,,,,,,
"HUANUCO_01_2020","HUANUCO_01_2020_P1130",2,"potato","Kory","tubers",47.7777777777778,,TRUE,"doi:10.21223/B7HWWH",2330,FALSE,FALSE,"Peru","Huanuco",FALSE,,,,,,,,
"HUANUCO_01_2020","HUANUCO_01_2020_P1131",2,"potato","CIP316385.138","tubers",33.5185185185185,,TRUE,"doi:10.21223/B7HWWH",2331,FALSE,FALSE,"Peru","Huanuco",FALSE,,,,,,,,
"HUANUCO_01_2020","HUANUCO_01_2020_P1132",2,"potato","CIP317017.65","tubers",13.7037037037037,,TRUE,"doi:10.21223/B7HWWH",2332,FALSE,FALSE,"Peru","Huanuco",FALSE,,,,,,,,
"HUANUCO_01_2020","HUANUCO_01_2020_P1133",2,"potato","CIP316370.137","tubers",6.2962962962963,,TRUE,"doi:10.21223/B7HWWH",2333,FALSE,FALSE,"Peru","Huanuco",FALSE,,,,,,,,
"HUANUCO_01_2020","HUANUCO_01_2020_P1134",2,"potato","CIP316360.213","tubers",18.1481481481481,,TRUE,"doi:10.21223/B7HWWH",2334,FALSE,FALSE,"Peru","Huanuco",FALSE,,,,,,,,
"HUANUCO_01_2020","HUANUCO_01_2020_P1135",2,"potato","CIP316367.180","tubers",51.2962962962963,,TRUE,"doi:10.21223/B7HWWH",2335,FALSE,FALSE,"Peru","Huanuco",FALSE,,,,,,,,
"HUANUCO_01_2020","HUANUCO_01_2020_P1136",2,"potato","CIP316358.173","tubers",24.6296296296296,,TRUE,"doi:10.21223/B7HWWH",2336,FALSE,FALSE,"Peru","Huanuco",FALSE,,,,,,,,
"HUANUCO_01_2020","HUANUCO_01_2020_P1137",2,"potato","CIP316355.161","tubers",23.1481481481481,,TRUE,"doi:10.21223/B7HWWH",2337,FALSE,FALSE,"Peru","Huanuco",FALSE,,,,,,,,
"HUANUCO_01_2020","HUANUCO_01_2020_P1138",2,"potato","CIP316359.115","tubers",28.8888888888889,,TRUE,"doi:10.21223/B7HWWH",2338,FALSE,FALSE,"Peru","Huanuco",FALSE,,,,,,,,
"HUANUCO_01_2020","HUANUCO_01_2020_P1139",2,"potato","CIP316368.145","tubers",33.3333333333333,,TRUE,"doi:10.21223/B7HWWH",2339,FALSE,FALSE,"Peru","Huanuco",FALSE,,,,,,,,
"HUANUCO_01_2020","HUANUCO_01_2020_P1140",2,"potato","CIP316378.134","tubers",36.4814814814815,,TRUE,"doi:10.21223/B7HWWH",2340,FALSE,FALSE,"Peru","Huanuco",FALSE,,,,,,,,
"HUANUCO_01_2020","HUANUCO_01_2020_P1141",2,"potato","CIP316348.179","tubers",21.4814814814815,,TRUE,"doi:10.21223/B7HWWH",2341,FALSE,FALSE,"Peru","Huanuco",FALSE,,,,,,,,
"HUANUCO_01_2020","HUANUCO_01_2020_P1142",2,"potato","CIP302533.49","tubers",33.8888888888889,,TRUE,"doi:10.21223/B7HWWH",2342,FALSE,FALSE,"Peru","Huanuco",FALSE,,,,,,,,
"HUANUCO_01_2020","HUANUCO_01_2020_P1143",2,"potato","Amarilis","tubers",12.2222222222222,,TRUE,"doi:10.21223/B7HWWH",2343,FALSE,FALSE,"Peru","Huanuco",FALSE,,,,,,,,
"HUANUCO_01_2020","HUANUCO_01_2020_P1144",2,"potato","CIP316384.215","tubers",40.7407407407407,,TRUE,"doi:10.21223/B7HWWH",2344,FALSE,FALSE,"Peru","Huanuco",FALSE,,,,,,,,
"HUANUCO_01_2020","HUANUCO_01_2020_P1145",2,"potato","CIP316348.172","tubers",20.3703703703704,,TRUE,"doi:10.21223/B7HWWH",2345,FALSE,FALSE,"Peru","Huanuco",FALSE,,,,,,,,
"HUANUCO_01_2020","HUANUCO_01_2020_P1146",2,"potato","CIP316371.104","tubers",49.2592592592593,,TRUE,"doi:10.21223/B7HWWH",2346,FALSE,FALSE,"Peru","Huanuco",FALSE,,,,,,,,
"HUANUCO_01_2020","HUANUCO_01_2020_P1147",2,"potato","CIP316382.153","tubers",17.7777777777778,,TRUE,"doi:10.21223/B7HWWH",2347,FALSE,FALSE,"Peru","Huanuco",FALSE,,,,,,,,
"HUANUCO_01_2020","HUANUCO_01_2020_P1148",2,"potato","CIP316360.152","tubers",16.8518518518519,,TRUE,"doi:10.21223/B7HWWH",2348,FALSE,FALSE,"Peru","Huanuco",FALSE,,,,,,,,
"HUANUCO_01_2020","HUANUCO_01_2020_P1149",2,"potato","CIP316391.136","tubers",25,,TRUE,"doi:10.21223/B7HWWH",2349,FALSE,FALSE,"Peru","Huanuco",FALSE,,,,,,,,
"HUANUCO_01_2020","HUANUCO_01_2020_P1150",2,"potato","CIP316359.144","tubers",10.9259259259259,,TRUE,"doi:10.21223/B7HWWH",2350,FALSE,FALSE,"Peru","Huanuco",FALSE,,,,,,,,
"HUANUCO_01_2020","HUANUCO_01_2020_P1151",2,"potato","Yungay","tubers",12.037037037037,,TRUE,"doi:10.21223/B7HWWH",2351,FALSE,FALSE,"Peru","Huanuco",FALSE,,,,,,,,
"HUANUCO_01_2020","HUANUCO_01_2020_P1152",2,"potato","CIP316377.168","tubers",35.3703703703704,,TRUE,"doi:10.21223/B7HWWH",2352,FALSE,FALSE,"Peru","Huanuco",FALSE,,,,,,,,
"HUANUCO_01_2020","HUANUCO_01_2020_P1153",2,"potato","CIP316362.121","tubers",31.8518518518518,,TRUE,"doi:10.21223/B7HWWH",2353,FALSE,FALSE,"Peru","Huanuco",FALSE,,,,,,,,
"HUANUCO_01_2020","HUANUCO_01_2020_P1154",2,"potato","CIP316384.153","tubers",31.4074074074074,,TRUE,"doi:10.21223/B7HWWH",2354,FALSE,FALSE,"Peru","Huanuco",FALSE,,,,,,,,
"HUANUCO_01_2020","HUANUCO_01_2020_P1155",2,"potato","CIP316346.204","tubers",39.8148148148148,,TRUE,"doi:10.21223/B7HWWH",2355,FALSE,FALSE,"Peru","Huanuco",FALSE,,,,,,,,
"HUANUCO_01_2020","HUANUCO_01_2020_P1156",2,"potato","Yungay","tubers",13.5185185185185,,TRUE,"doi:10.21223/B7HWWH",2356,FALSE,FALSE,"Peru","Huanuco",FALSE,,,,,,,,
"HUANUCO_01_2020","HUANUCO_01_2020_P1157",2,"potato","CIP316344.162","tubers",23.1481481481481,,TRUE,"doi:10.21223/B7HWWH",2357,FALSE,FALSE,"Peru","Huanuco",FALSE,,,,,,,,
"HUANUCO_01_2020","HUANUCO_01_2020_P1158",2,"potato","CIP316357.146","tubers",44.0740740740741,,TRUE,"doi:10.21223/B7HWWH",2358,FALSE,FALSE,"Peru","Huanuco",FALSE,,,,,,,,
"HUANUCO_01_2020","HUANUCO_01_2020_P1159",2,"potato","CIP316367.140","tubers",26.8518518518519,,TRUE,"doi:10.21223/B7HWWH",2359,FALSE,FALSE,"Peru","Huanuco",FALSE,,,,,,,,
"HUANUCO_01_2020","HUANUCO_01_2020_P1160",2,"potato","CIP316344.181","tubers",26.1111111111111,,TRUE,"doi:10.21223/B7HWWH",2360,FALSE,FALSE,"Peru","Huanuco",FALSE,,,,,,,,
"HUANUCO_01_2020","HUANUCO_01_2020_P1161",2,"potato","Kory","tubers",31.2962962962963,,TRUE,"doi:10.21223/B7HWWH",2361,FALSE,FALSE,"Peru","Huanuco",FALSE,,,,,,,,
"HUANUCO_01_2020","HUANUCO_01_2020_P1162",2,"potato","CIP316375.183","tubers",20.1111111111111,,TRUE,"doi:10.21223/B7HWWH",2362,FALSE,FALSE,"Peru","Huanuco",FALSE,,,,,,,,
"HUANUCO_01_2020","HUANUCO_01_2020_P1163",2,"potato","CIP316348.171","tubers",37.7777777777778,,TRUE,"doi:10.21223/B7HWWH",2363,FALSE,FALSE,"Peru","Huanuco",FALSE,,,,,,,,
"HUANUCO_01_2020","HUANUCO_01_2020_P1164",2,"potato","CIP316360.188","tubers",18.1481481481481,,TRUE,"doi:10.21223/B7HWWH",2364,FALSE,FALSE,"Peru","Huanuco",FALSE,,,,,,,,
"HUANUCO_01_2020","HUANUCO_01_2020_P1165",2,"potato","CIP316383.140","tubers",28.1481481481481,,TRUE,"doi:10.21223/B7HWWH",2365,FALSE,FALSE,"Peru","Huanuco",FALSE,,,,,,,,
"HUANUCO_01_2020","HUANUCO_01_2020_P1166",2,"potato","CIP316363.111","tubers",28.3333333333333,,TRUE,"doi:10.21223/B7HWWH",2366,FALSE,FALSE,"Peru","Huanuco",FALSE,,,,,,,,
"HUANUCO_01_2020","HUANUCO_01_2020_P1167",2,"potato","CIP316354.149","tubers",28.3333333333333,,TRUE,"doi:10.21223/B7HWWH",2367,FALSE,FALSE,"Peru","Huanuco",FALSE,,,,,,,,
"HUANUCO_01_2020","HUANUCO_01_2020_P1168",2,"potato","CIP316386.104","tubers",29.8148148148148,,TRUE,"doi:10.21223/B7HWWH",2368,FALSE,FALSE,"Peru","Huanuco",FALSE,,,,,,,,
"HUANUCO_01_2020","HUANUCO_01_2020_P1169",2,"potato","CIP316364.143","tubers",17.4074074074074,,TRUE,"doi:10.21223/B7HWWH",2369,FALSE,FALSE,"Peru","Huanuco",FALSE,,,,,,,,
"HUANUCO_01_2020","HUANUCO_01_2020_P1170",2,"potato","CIP316354.169","tubers",55.5555555555556,,TRUE,"doi:10.21223/B7HWWH",2370,FALSE,FALSE,"Peru","Huanuco",FALSE,,,,,,,,
"HUANUCO_01_2020","HUANUCO_01_2020_P1171",2,"potato","Amarilis","tubers",20.1851851851852,,TRUE,"doi:10.21223/B7HWWH",2371,FALSE,FALSE,"Peru","Huanuco",FALSE,,,,,,,,
"HUANUCO_01_2020","HUANUCO_01_2020_P1172",2,"potato","CIP316385.111","tubers",29.2592592592593,,TRUE,"doi:10.21223/B7HWWH",2372,FALSE,FALSE,"Peru","Huanuco",FALSE,,,,,,,,
"HUANUCO_01_2020","HUANUCO_01_2020_P1173",2,"potato","CIP316363.103","tubers",26.6666666666667,,TRUE,"doi:10.21223/B7HWWH",2373,FALSE,FALSE,"Peru","Huanuco",FALSE,,,,,,,,
"HUANUCO_01_2020","HUANUCO_01_2020_P1174",2,"potato","CIP316382.109","tubers",38.5185185185185,,TRUE,"doi:10.21223/B7HWWH",2374,FALSE,FALSE,"Peru","Huanuco",FALSE,,,,,,,,
"HUANUCO_01_2020","HUANUCO_01_2020_P1175",2,"potato","CIP316351.139","tubers",26.1111111111111,,TRUE,"doi:10.21223/B7HWWH",2375,FALSE,FALSE,"Peru","Huanuco",FALSE,,,,,,,,
"HUANUCO_01_2020","HUANUCO_01_2020_P1176",2,"potato","CIP316363.108","tubers",26.4814814814815,,TRUE,"doi:10.21223/B7HWWH",2376,FALSE,FALSE,"Peru","Huanuco",FALSE,,,,,,,,
"HUANUCO_01_2020","HUANUCO_01_2020_P1177",2,"potato","CIP316361.241","tubers",44.4444444444444,,TRUE,"doi:10.21223/B7HWWH",2377,FALSE,FALSE,"Peru","Huanuco",FALSE,,,,,,,,
"HUANUCO_01_2020","HUANUCO_01_2020_P1178",2,"potato","CIP316369.103","tubers",16.2962962962963,,TRUE,"doi:10.21223/B7HWWH",2378,FALSE,FALSE,"Peru","Huanuco",FALSE,,,,,,,,
"HUANUCO_01_2020","HUANUCO_01_2020_P1179",2,"potato","CIP316361.153","tubers",47.4074074074074,,TRUE,"doi:10.21223/B7HWWH",2379,FALSE,FALSE,"Peru","Huanuco",FALSE,,,,,,,,
"HUANUCO_01_2020","HUANUCO_01_2020_P1180",2,"potato","CIP316390.124","tubers",32.7777777777778,,TRUE,"doi:10.21223/B7HWWH",2380,FALSE,FALSE,"Peru","Huanuco",FALSE,,,,,,,,
"HUANUCO_01_2020","HUANUCO_01_2020_P1181",2,"potato","CIP316361.121","tubers",24.4444444444444,,TRUE,"doi:10.21223/B7HWWH",2381,FALSE,FALSE,"Peru","Huanuco",FALSE,,,,,,,,
"HUANUCO_01_2020","HUANUCO_01_2020_P1182",2,"potato","CIP316354.179","tubers",19.0740740740741,,TRUE,"doi:10.21223/B7HWWH",2382,FALSE,FALSE,"Peru","Huanuco",FALSE,,,,,,,,
"HUANUCO_01_2020","HUANUCO_01_2020_P1183",2,"potato","CIP316344.146","tubers",45.9259259259259,,TRUE,"doi:10.21223/B7HWWH",2383,FALSE,FALSE,"Peru","Huanuco",FALSE,,,,,,,,
"HUANUCO_01_2020","HUANUCO_01_2020_P1184",2,"potato","CIP317016.478","tubers",5.55555555555555,,TRUE,"doi:10.21223/B7HWWH",2384,FALSE,FALSE,"Peru","Huanuco",FALSE,,,,,,,,
"HUANUCO_01_2020","HUANUCO_01_2020_P1185",2,"potato","CIP316359.124","tubers",20.1851851851852,,TRUE,"doi:10.21223/B7HWWH",2385,FALSE,FALSE,"Peru","Huanuco",FALSE,,,,,,,,
"HUANUCO_01_2020","HUANUCO_01_2020_P1186",2,"potato","Amarilis","tubers",6.48148148148148,,TRUE,"doi:10.21223/B7HWWH",2386,FALSE,FALSE,"Peru","Huanuco",FALSE,,,,,,,,
"HUANUCO_01_2020","HUANUCO_01_2020_P1187",2,"potato","CIP316348.244","tubers",24.6296296296296,,TRUE,"doi:10.21223/B7HWWH",2387,FALSE,FALSE,"Peru","Huanuco",FALSE,,,,,,,,
"HUANUCO_01_2020","HUANUCO_01_2020_P1188",2,"potato","CIP316376.153","tubers",7.03703703703704,,TRUE,"doi:10.21223/B7HWWH",2388,FALSE,FALSE,"Peru","Huanuco",FALSE,,,,,,,,
"HUANUCO_01_2020","HUANUCO_01_2020_P1189",2,"potato","CIP317017.81","tubers",15.3703703703704,,TRUE,"doi:10.21223/B7HWWH",2389,FALSE,FALSE,"Peru","Huanuco",FALSE,,,,,,,,
"HUANUCO_01_2020","HUANUCO_01_2020_P1190",2,"potato","CIP316351.140","tubers",22.4074074074074,,TRUE,"doi:10.21223/B7HWWH",2390,FALSE,FALSE,"Peru","Huanuco",FALSE,,,,,,,,
"HUANUCO_01_2020","HUANUCO_01_2020_P1191",2,"potato","Amarilis","tubers",7.96296296296296,,TRUE,"doi:10.21223/B7HWWH",2391,FALSE,FALSE,"Peru","Huanuco",FALSE,,,,,,,,
"HUANUCO_01_2020","HUANUCO_01_2020_P1192",2,"potato","CIP316361.235","tubers",29.0740740740741,,TRUE,"doi:10.21223/B7HWWH",2392,FALSE,FALSE,"Peru","Huanuco",FALSE,,,,,,,,
"HUANUCO_01_2020","HUANUCO_01_2020_P1193",2,"potato","CIP316345.241","tubers",12.962962962963,,TRUE,"doi:10.21223/B7HWWH",2393,FALSE,FALSE,"Peru","Huanuco",FALSE,,,,,,,,
"HUANUCO_01_2020","HUANUCO_01_2020_P1194",2,"potato","Yungay","tubers",14.6296296296296,,TRUE,"doi:10.21223/B7HWWH",2394,FALSE,FALSE,"Peru","Huanuco",FALSE,,,,,,,,
"HUANUCO_01_2020","HUANUCO_01_2020_P1195",2,"potato","CIP316361.185","tubers",48.3333333333333,,TRUE,"doi:10.21223/B7HWWH",2395,FALSE,FALSE,"Peru","Huanuco",FALSE,,,,,,,,
"HUANUCO_01_2020","HUANUCO_01_2020_P1196",2,"potato","CIP316376.106","tubers",30,,TRUE,"doi:10.21223/B7HWWH",2396,FALSE,FALSE,"Peru","Huanuco",FALSE,,,,,,,,
"HUANUCO_01_2020","HUANUCO_01_2020_P1197",2,"potato","CIP302533.74","tubers",15,,TRUE,"doi:10.21223/B7HWWH",2397,FALSE,FALSE,"Peru","Huanuco",FALSE,,,,,,,,
"HUANUCO_01_2020","HUANUCO_01_2020_P1198",2,"potato","CIP316391.146","tubers",22.5925925925926,,TRUE,"doi:10.21223/B7HWWH",2398,FALSE,FALSE,"Peru","Huanuco",FALSE,,,,,,,,
"HUANUCO_01_2020","HUANUCO_01_2020_P1199",2,"potato","CIP316358.114","tubers",50,,TRUE,"doi:10.21223/B7HWWH",2399,FALSE,FALSE,"Peru","Huanuco",FALSE,,,,,,,,
"HUANUCO_01_2020","HUANUCO_01_2020_P1200",2,"potato","CIP316352.122","tubers",39.4444444444444,,TRUE,"doi:10.21223/B7HWWH",2400,FALSE,FALSE,"Peru","Huanuco",FALSE,,,,,,,,
"OXAPAMPA_01_2020","OXAPAMPA_01_2020_P1",1,"potato","CIP317017.40","tubers",16,,TRUE,"doi:10.21223/B7HWWH",2401,FALSE,FALSE,"Peru","Oxapampa",FALSE,,,,,,,,
"OXAPAMPA_01_2020","OXAPAMPA_01_2020_P2",1,"potato","CIP316385.141","tubers",3.03703703703704,,TRUE,"doi:10.21223/B7HWWH",2402,FALSE,FALSE,"Peru","Oxapampa",FALSE,,,,,,,,
"OXAPAMPA_01_2020","OXAPAMPA_01_2020_P3",1,"potato","CIP316353.499","tubers",25.2592592592593,,TRUE,"doi:10.21223/B7HWWH",2403,FALSE,FALSE,"Peru","Oxapampa",FALSE,,,,,,,,
"OXAPAMPA_01_2020","OXAPAMPA_01_2020_P4",1,"potato","CIP316352.152","tubers",55.4814814814815,,TRUE,"doi:10.21223/B7HWWH",2404,FALSE,FALSE,"Peru","Oxapampa",FALSE,,,,,,,,
"OXAPAMPA_01_2020","OXAPAMPA_01_2020_P5",1,"potato","CIP316369.103","tubers",11.4074074074074,,TRUE,"doi:10.21223/B7HWWH",2405,FALSE,FALSE,"Peru","Oxapampa",FALSE,,,,,,,,
"OXAPAMPA_01_2020","OXAPAMPA_01_2020_P6",1,"potato","CIP316357.111","tubers",40.5925925925926,,TRUE,"doi:10.21223/B7HWWH",2406,FALSE,FALSE,"Peru","Oxapampa",FALSE,,,,,,,,
"OXAPAMPA_01_2020","OXAPAMPA_01_2020_P7",1,"potato","CIP316387.132","tubers",8.51851851851852,,TRUE,"doi:10.21223/B7HWWH",2407,FALSE,FALSE,"Peru","Oxapampa",FALSE,,,,,,,,
"OXAPAMPA_01_2020","OXAPAMPA_01_2020_P8",1,"potato","CIP398190.615","tubers",16.0740740740741,,TRUE,"doi:10.21223/B7HWWH",2408,FALSE,FALSE,"Peru","Oxapampa",FALSE,,,,,,,,
"OXAPAMPA_01_2020","OXAPAMPA_01_2020_P9",1,"potato","CIP316353.141","tubers",45.3333333333333,,TRUE,"doi:10.21223/B7HWWH",2409,FALSE,FALSE,"Peru","Oxapampa",FALSE,,,,,,,,
"OXAPAMPA_01_2020","OXAPAMPA_01_2020_P10",1,"potato","CIP316360.180","tubers",42.6666666666667,,TRUE,"doi:10.21223/B7HWWH",2410,FALSE,FALSE,"Peru","Oxapampa",FALSE,,,,,,,,
"OXAPAMPA_01_2020","OXAPAMPA_01_2020_P11",1,"potato","CIP316349.160","tubers",41.8518518518518,,TRUE,"doi:10.21223/B7HWWH",2411,FALSE,FALSE,"Peru","Oxapampa",FALSE,,,,,,,,
"OXAPAMPA_01_2020","OXAPAMPA_01_2020_P12",1,"potato","Yungay","tubers",14.3703703703704,,TRUE,"doi:10.21223/B7HWWH",2412,FALSE,FALSE,"Peru","Oxapampa",FALSE,,,,,,,,
"OXAPAMPA_01_2020","OXAPAMPA_01_2020_P13",1,"potato","CIP316349.117","tubers",32,,TRUE,"doi:10.21223/B7HWWH",2413,FALSE,FALSE,"Peru","Oxapampa",FALSE,,,,,,,,
"OXAPAMPA_01_2020","OXAPAMPA_01_2020_P14",1,"potato","CIP316353.147","tubers",28.2222222222222,,TRUE,"doi:10.21223/B7HWWH",2414,FALSE,FALSE,"Peru","Oxapampa",FALSE,,,,,,,,
"OXAPAMPA_01_2020","OXAPAMPA_01_2020_P15",1,"potato","CIP316367.191","tubers",20,,TRUE,"doi:10.21223/B7HWWH",2415,FALSE,FALSE,"Peru","Oxapampa",FALSE,,,,,,,,
"OXAPAMPA_01_2020","OXAPAMPA_01_2020_P16",1,"potato","CIP316359.144","tubers",27.9259259259259,,TRUE,"doi:10.21223/B7HWWH",2416,FALSE,FALSE,"Peru","Oxapampa",FALSE,,,,,,,,
"OXAPAMPA_01_2020","OXAPAMPA_01_2020_P17",1,"potato","Kory","tubers",21.1851851851852,,TRUE,"doi:10.21223/B7HWWH",2417,FALSE,FALSE,"Peru","Oxapampa",FALSE,,,,,,,,
"OXAPAMPA_01_2020","OXAPAMPA_01_2020_P18",1,"potato","CIP316371.183","tubers",24.4444444444444,,TRUE,"doi:10.21223/B7HWWH",2418,FALSE,FALSE,"Peru","Oxapampa",FALSE,,,,,,,,
"OXAPAMPA_01_2020","OXAPAMPA_01_2020_P19",1,"potato","Yungay","tubers",10.962962962963,,TRUE,"doi:10.21223/B7HWWH",2419,FALSE,FALSE,"Peru","Oxapampa",FALSE,,,,,,,,
"OXAPAMPA_01_2020","OXAPAMPA_01_2020_P20",1,"potato","CIP316364.130","tubers",31.8518518518518,,TRUE,"doi:10.21223/B7HWWH",2420,FALSE,FALSE,"Peru","Oxapampa",FALSE,,,,,,,,
"OXAPAMPA_01_2020","OXAPAMPA_01_2020_P21",1,"potato","CIP316386.106","tubers",12.2222222222222,,TRUE,"doi:10.21223/B7HWWH",2421,FALSE,FALSE,"Peru","Oxapampa",FALSE,,,,,,,,
"OXAPAMPA_01_2020","OXAPAMPA_01_2020_P22",1,"potato","CIP316356.135","tubers",25.8518518518519,,TRUE,"doi:10.21223/B7HWWH",2422,FALSE,FALSE,"Peru","Oxapampa",FALSE,,,,,,,,
"OXAPAMPA_01_2020","OXAPAMPA_01_2020_P23",1,"potato","CIP316386.134","tubers",52.8888888888889,,TRUE,"doi:10.21223/B7HWWH",2423,FALSE,FALSE,"Peru","Oxapampa",FALSE,,,,,,,,
"OXAPAMPA_01_2020","OXAPAMPA_01_2020_P24",1,"potato","Kory","tubers",11.037037037037,,TRUE,"doi:10.21223/B7HWWH",2424,FALSE,FALSE,"Peru","Oxapampa",FALSE,,,,,,,,
"OXAPAMPA_01_2020","OXAPAMPA_01_2020_P25",1,"potato","CIP316383.140","tubers",21.6296296296296,,TRUE,"doi:10.21223/B7HWWH",2425,FALSE,FALSE,"Peru","Oxapampa",FALSE,,,,,,,,
"OXAPAMPA_01_2020","OXAPAMPA_01_2020_P26",1,"potato","CIP316360.229","tubers",30.3703703703704,,TRUE,"doi:10.21223/B7HWWH",2426,FALSE,FALSE,"Peru","Oxapampa",FALSE,,,,,,,,
"OXAPAMPA_01_2020","OXAPAMPA_01_2020_P27",1,"potato","CIP317008.407","tubers",35.6296296296296,,TRUE,"doi:10.21223/B7HWWH",2427,FALSE,FALSE,"Peru","Oxapampa",FALSE,,,,,,,,
"OXAPAMPA_01_2020","OXAPAMPA_01_2020_P28",1,"potato","CIP316361.244","tubers",32.3703703703704,,TRUE,"doi:10.21223/B7HWWH",2428,FALSE,FALSE,"Peru","Oxapampa",FALSE,,,,,,,,
"OXAPAMPA_01_2020","OXAPAMPA_01_2020_P29",1,"potato","CIP316375.103","tubers",25.037037037037,,TRUE,"doi:10.21223/B7HWWH",2429,FALSE,FALSE,"Peru","Oxapampa",FALSE,,,,,,,,
"OXAPAMPA_01_2020","OXAPAMPA_01_2020_P30",1,"potato","CIP316389.108","tubers",32.2962962962963,,TRUE,"doi:10.21223/B7HWWH",2430,FALSE,FALSE,"Peru","Oxapampa",FALSE,,,,,,,,
"OXAPAMPA_01_2020","OXAPAMPA_01_2020_P31",1,"potato","CIP317016.438","tubers",17.1111111111111,,TRUE,"doi:10.21223/B7HWWH",2431,FALSE,FALSE,"Peru","Oxapampa",FALSE,,,,,,,,
"OXAPAMPA_01_2020","OXAPAMPA_01_2020_P32",1,"potato","CIP316361.126","tubers",26.8148148148148,,TRUE,"doi:10.21223/B7HWWH",2432,FALSE,FALSE,"Peru","Oxapampa",FALSE,,,,,,,,
"OXAPAMPA_01_2020","OXAPAMPA_01_2020_P33",1,"potato","CIP316355.170","tubers",48.8888888888889,,TRUE,"doi:10.21223/B7HWWH",2433,FALSE,FALSE,"Peru","Oxapampa",FALSE,,,,,,,,
"OXAPAMPA_01_2020","OXAPAMPA_01_2020_P34",1,"potato","CIP316353.128","tubers",19.1851851851852,,TRUE,"doi:10.21223/B7HWWH",2434,FALSE,FALSE,"Peru","Oxapampa",FALSE,,,,,,,,
"OXAPAMPA_01_2020","OXAPAMPA_01_2020_P35",1,"potato","CIP316355.137","tubers",26.6666666666667,,TRUE,"doi:10.21223/B7HWWH",2435,FALSE,FALSE,"Peru","Oxapampa",FALSE,,,,,,,,
"OXAPAMPA_01_2020","OXAPAMPA_01_2020_P36",1,"potato","CIP316352.159","tubers",32.5925925925926,,TRUE,"doi:10.21223/B7HWWH",2436,FALSE,FALSE,"Peru","Oxapampa",FALSE,,,,,,,,
"OXAPAMPA_01_2020","OXAPAMPA_01_2020_P37",1,"potato","CIP316367.125","tubers",37.4814814814815,,TRUE,"doi:10.21223/B7HWWH",2437,FALSE,FALSE,"Peru","Oxapampa",FALSE,,,,,,,,
"OXAPAMPA_01_2020","OXAPAMPA_01_2020_P38",1,"potato","CIP316360.185","tubers",28.5185185185185,,TRUE,"doi:10.21223/B7HWWH",2438,FALSE,FALSE,"Peru","Oxapampa",FALSE,,,,,,,,
"OXAPAMPA_01_2020","OXAPAMPA_01_2020_P39",1,"potato","CIP316363.123","tubers",29.7037037037037,,TRUE,"doi:10.21223/B7HWWH",2439,FALSE,FALSE,"Peru","Oxapampa",FALSE,,,,,,,,
"OXAPAMPA_01_2020","OXAPAMPA_01_2020_P40",1,"potato","CIP316353.136","tubers",32.2222222222222,,TRUE,"doi:10.21223/B7HWWH",2440,FALSE,FALSE,"Peru","Oxapampa",FALSE,,,,,,,,
"OXAPAMPA_01_2020","OXAPAMPA_01_2020_P41",1,"potato","Yungay","tubers",5.18518518518519,,TRUE,"doi:10.21223/B7HWWH",2441,FALSE,FALSE,"Peru","Oxapampa",FALSE,,,,,,,,
"OXAPAMPA_01_2020","OXAPAMPA_01_2020_P42",1,"potato","CIP316359.242","tubers",53.3333333333333,,TRUE,"doi:10.21223/B7HWWH",2442,FALSE,FALSE,"Peru","Oxapampa",FALSE,,,,,,,,
"OXAPAMPA_01_2020","OXAPAMPA_01_2020_P43",1,"potato","CIP317015.460","tubers",3.48148148148148,,TRUE,"doi:10.21223/B7HWWH",2443,FALSE,FALSE,"Peru","Oxapampa",FALSE,,,,,,,,
"OXAPAMPA_01_2020","OXAPAMPA_01_2020_P44",1,"potato","CIP317017.59","tubers",30.2962962962963,,TRUE,"doi:10.21223/B7HWWH",2444,FALSE,FALSE,"Peru","Oxapampa",FALSE,,,,,,,,
"OXAPAMPA_01_2020","OXAPAMPA_01_2020_P45",1,"potato","CIP398208.505","tubers",33.7037037037037,,TRUE,"doi:10.21223/B7HWWH",2445,FALSE,FALSE,"Peru","Oxapampa",FALSE,,,,,,,,
"OXAPAMPA_01_2020","OXAPAMPA_01_2020_P46",1,"potato","CIP316378.108","tubers",29.7037037037037,,TRUE,"doi:10.21223/B7HWWH",2446,FALSE,FALSE,"Peru","Oxapampa",FALSE,,,,,,,,
"OXAPAMPA_01_2020","OXAPAMPA_01_2020_P47",1,"potato","Kory","tubers",29.4074074074074,,TRUE,"doi:10.21223/B7HWWH",2447,FALSE,FALSE,"Peru","Oxapampa",FALSE,,,,,,,,
"OXAPAMPA_01_2020","OXAPAMPA_01_2020_P48",1,"potato","CIP316363.111","tubers",36.6666666666667,,TRUE,"doi:10.21223/B7HWWH",2448,FALSE,FALSE,"Peru","Oxapampa",FALSE,,,,,,,,
"OXAPAMPA_01_2020","OXAPAMPA_01_2020_P49",1,"potato","CIP316387.198","tubers",11.5555555555556,,TRUE,"doi:10.21223/B7HWWH",2449,FALSE,FALSE,"Peru","Oxapampa",FALSE,,,,,,,,
"OXAPAMPA_01_2020","OXAPAMPA_01_2020_P50",1,"potato","CIP316351.139","tubers",29.8518518518519,,TRUE,"doi:10.21223/B7HWWH",2450,FALSE,FALSE,"Peru","Oxapampa",FALSE,,,,,,,,
"OXAPAMPA_01_2020","OXAPAMPA_01_2020_P51",1,"potato","CIP398192.553","tubers",39.2592592592593,,TRUE,"doi:10.21223/B7HWWH",2451,FALSE,FALSE,"Peru","Oxapampa",FALSE,,,,,,,,
"OXAPAMPA_01_2020","OXAPAMPA_01_2020_P52",1,"potato","Amarilis","tubers",14.962962962963,,TRUE,"doi:10.21223/B7HWWH",2452,FALSE,FALSE,"Peru","Oxapampa",FALSE,,,,,,,,
"OXAPAMPA_01_2020","OXAPAMPA_01_2020_P53",1,"potato","CIP316367.159","tubers",66.2222222222222,,TRUE,"doi:10.21223/B7HWWH",2453,FALSE,FALSE,"Peru","Oxapampa",FALSE,,,,,,,,
"OXAPAMPA_01_2020","OXAPAMPA_01_2020_P54",1,"potato","CIP316386.166","tubers",26.4444444444444,,TRUE,"doi:10.21223/B7HWWH",2454,FALSE,FALSE,"Peru","Oxapampa",FALSE,,,,,,,,
"OXAPAMPA_01_2020","OXAPAMPA_01_2020_P55",1,"potato","CIP317011.121","tubers",22.8888888888889,,TRUE,"doi:10.21223/B7HWWH",2455,FALSE,FALSE,"Peru","Oxapampa",FALSE,,,,,,,,
"OXAPAMPA_01_2020","OXAPAMPA_01_2020_P56",1,"potato","CIP316354.112","tubers",52.4444444444444,,TRUE,"doi:10.21223/B7HWWH",2456,FALSE,FALSE,"Peru","Oxapampa",FALSE,,,,,,,,
"OXAPAMPA_01_2020","OXAPAMPA_01_2020_P57",1,"potato","CIP316384.227","tubers",7.33333333333333,,TRUE,"doi:10.21223/B7HWWH",2457,FALSE,FALSE,"Peru","Oxapampa",FALSE,,,,,,,,
"OXAPAMPA_01_2020","OXAPAMPA_01_2020_P58",1,"potato","CIP317015.434","tubers",15.5555555555556,,TRUE,"doi:10.21223/B7HWWH",2458,FALSE,FALSE,"Peru","Oxapampa",FALSE,,,,,,,,
"OXAPAMPA_01_2020","OXAPAMPA_01_2020_P59",1,"potato","CIP316362.115","tubers",28.5925925925926,,TRUE,"doi:10.21223/B7HWWH",2459,FALSE,FALSE,"Peru","Oxapampa",FALSE,,,,,,,,
"OXAPAMPA_01_2020","OXAPAMPA_01_2020_P60",1,"potato","CIP317029.430","tubers",35.037037037037,,TRUE,"doi:10.21223/B7HWWH",2460,FALSE,FALSE,"Peru","Oxapampa",FALSE,,,,,,,,
"OXAPAMPA_01_2020","OXAPAMPA_01_2020_P61",1,"potato","CIP316354.145","tubers",43.1851851851852,,TRUE,"doi:10.21223/B7HWWH",2461,FALSE,FALSE,"Peru","Oxapampa",FALSE,,,,,,,,
"OXAPAMPA_01_2020","OXAPAMPA_01_2020_P62",1,"potato","CIP398208.704","tubers",15.7037037037037,,TRUE,"doi:10.21223/B7HWWH",2462,FALSE,FALSE,"Peru","Oxapampa",FALSE,,,,,,,,
"OXAPAMPA_01_2020","OXAPAMPA_01_2020_P63",1,"potato","CIP316367.180","tubers",41.1851851851852,,TRUE,"doi:10.21223/B7HWWH",2463,FALSE,FALSE,"Peru","Oxapampa",FALSE,,,,,,,,
"OXAPAMPA_01_2020","OXAPAMPA_01_2020_P64",1,"potato","CIP316359.238","tubers",40.3703703703704,,TRUE,"doi:10.21223/B7HWWH",2464,FALSE,FALSE,"Peru","Oxapampa",FALSE,,,,,,,,
"OXAPAMPA_01_2020","OXAPAMPA_01_2020_P65",1,"potato","CIP316360.228","tubers",55.4074074074074,,TRUE,"doi:10.21223/B7HWWH",2465,FALSE,FALSE,"Peru","Oxapampa",FALSE,,,,,,,,
"OXAPAMPA_01_2020","OXAPAMPA_01_2020_P66",1,"potato","Yungay","tubers",17.9259259259259,,TRUE,"doi:10.21223/B7HWWH",2466,FALSE,FALSE,"Peru","Oxapampa",FALSE,,,,,,,,
"OXAPAMPA_01_2020","OXAPAMPA_01_2020_P67",1,"potato","CIP316384.116","tubers",50.2222222222222,,TRUE,"doi:10.21223/B7HWWH",2467,FALSE,FALSE,"Peru","Oxapampa",FALSE,,,,,,,,
"OXAPAMPA_01_2020","OXAPAMPA_01_2020_P68",1,"potato","CIP316359.247","tubers",28.8888888888889,,TRUE,"doi:10.21223/B7HWWH",2468,FALSE,FALSE,"Peru","Oxapampa",FALSE,,,,,,,,
"OXAPAMPA_01_2020","OXAPAMPA_01_2020_P69",1,"potato","CIP316362.175","tubers",48,,TRUE,"doi:10.21223/B7HWWH",2469,FALSE,FALSE,"Peru","Oxapampa",FALSE,,,,,,,,
"OXAPAMPA_01_2020","OXAPAMPA_01_2020_P70",1,"potato","CIP316383.108","tubers",31.037037037037,,TRUE,"doi:10.21223/B7HWWH",2470,FALSE,FALSE,"Peru","Oxapampa",FALSE,,,,,,,,
"OXAPAMPA_01_2020","OXAPAMPA_01_2020_P71",1,"potato","CIP316353.145","tubers",20.4444444444444,,TRUE,"doi:10.21223/B7HWWH",2471,FALSE,FALSE,"Peru","Oxapampa",FALSE,,,,,,,,
"OXAPAMPA_01_2020","OXAPAMPA_01_2020_P72",1,"potato","CIP316357.184","tubers",18,,TRUE,"doi:10.21223/B7HWWH",2472,FALSE,FALSE,"Peru","Oxapampa",FALSE,,,,,,,,
"OXAPAMPA_01_2020","OXAPAMPA_01_2020_P73",1,"potato","CIP316361.227","tubers",29.6296296296296,,TRUE,"doi:10.21223/B7HWWH",2473,FALSE,FALSE,"Peru","Oxapampa",FALSE,,,,,,,,
"OXAPAMPA_01_2020","OXAPAMPA_01_2020_P74",1,"potato","CIP316360.117","tubers",31.2592592592593,,TRUE,"doi:10.21223/B7HWWH",2474,FALSE,FALSE,"Peru","Oxapampa",FALSE,,,,,,,,
"OXAPAMPA_01_2020","OXAPAMPA_01_2020_P75",1,"potato","CIP316359.134","tubers",43.1111111111111,,TRUE,"doi:10.21223/B7HWWH",2475,FALSE,FALSE,"Peru","Oxapampa",FALSE,,,,,,,,
"OXAPAMPA_01_2020","OXAPAMPA_01_2020_P76",1,"potato","CIP316357.208","tubers",18.3703703703704,,TRUE,"doi:10.21223/B7HWWH",2476,FALSE,FALSE,"Peru","Oxapampa",FALSE,,,,,,,,
"OXAPAMPA_01_2020","OXAPAMPA_01_2020_P77",1,"potato","CIP316384.215","tubers",40.1481481481481,,TRUE,"doi:10.21223/B7HWWH",2477,FALSE,FALSE,"Peru","Oxapampa",FALSE,,,,,,,,
"OXAPAMPA_01_2020","OXAPAMPA_01_2020_P78",1,"potato","CIP316358.230","tubers",46,,TRUE,"doi:10.21223/B7HWWH",2478,FALSE,FALSE,"Peru","Oxapampa",FALSE,,,,,,,,
"OXAPAMPA_01_2020","OXAPAMPA_01_2020_P79",1,"potato","CIP316373.137","tubers",11.9259259259259,,TRUE,"doi:10.21223/B7HWWH",2479,FALSE,FALSE,"Peru","Oxapampa",FALSE,,,,,,,,
"OXAPAMPA_01_2020","OXAPAMPA_01_2020_P80",1,"potato","CIP316357.110","tubers",37.2592592592593,,TRUE,"doi:10.21223/B7HWWH",2480,FALSE,FALSE,"Peru","Oxapampa",FALSE,,,,,,,,
"OXAPAMPA_01_2020","OXAPAMPA_01_2020_P81",1,"potato","CIP316354.172","tubers",35.1111111111111,,TRUE,"doi:10.21223/B7HWWH",2481,FALSE,FALSE,"Peru","Oxapampa",FALSE,,,,,,,,
"OXAPAMPA_01_2020","OXAPAMPA_01_2020_P82",1,"potato","CIP316352.160","tubers",20.6666666666667,,TRUE,"doi:10.21223/B7HWWH",2482,FALSE,FALSE,"Peru","Oxapampa",FALSE,,,,,,,,
"OXAPAMPA_01_2020","OXAPAMPA_01_2020_P83",1,"potato","CIP316370.130","tubers",22.0740740740741,,TRUE,"doi:10.21223/B7HWWH",2483,FALSE,FALSE,"Peru","Oxapampa",FALSE,,,,,,,,
"OXAPAMPA_01_2020","OXAPAMPA_01_2020_P84",1,"potato","Yungay","tubers",5.18518518518519,,TRUE,"doi:10.21223/B7HWWH",2484,FALSE,FALSE,"Peru","Oxapampa",FALSE,,,,,,,,
"OXAPAMPA_01_2020","OXAPAMPA_01_2020_P85",1,"potato","CIP316361.236","tubers",26.7407407407407,,TRUE,"doi:10.21223/B7HWWH",2485,FALSE,FALSE,"Peru","Oxapampa",FALSE,,,,,,,,
"OXAPAMPA_01_2020","OXAPAMPA_01_2020_P86",1,"potato","Amarilis","tubers",15.9259259259259,,TRUE,"doi:10.21223/B7HWWH",2486,FALSE,FALSE,"Peru","Oxapampa",FALSE,,,,,,,,
"OXAPAMPA_01_2020","OXAPAMPA_01_2020_P87",1,"potato","CIP316361.173","tubers",20.3703703703704,,TRUE,"doi:10.21223/B7HWWH",2487,FALSE,FALSE,"Peru","Oxapampa",FALSE,,,,,,,,
"OXAPAMPA_01_2020","OXAPAMPA_01_2020_P88",1,"potato","CIP316359.102","tubers",41.2592592592593,,TRUE,"doi:10.21223/B7HWWH",2488,FALSE,FALSE,"Peru","Oxapampa",FALSE,,,,,,,,
"OXAPAMPA_01_2020","OXAPAMPA_01_2020_P89",1,"potato","Amarilis","tubers",13.037037037037,,TRUE,"doi:10.21223/B7HWWH",2489,FALSE,FALSE,"Peru","Oxapampa",FALSE,,,,,,,,
"OXAPAMPA_01_2020","OXAPAMPA_01_2020_P90",1,"potato","CIP316348.171","tubers",42,,TRUE,"doi:10.21223/B7HWWH",2490,FALSE,FALSE,"Peru","Oxapampa",FALSE,,,,,,,,
"OXAPAMPA_01_2020","OXAPAMPA_01_2020_P91",1,"potato","CIP316344.154","tubers",29.6296296296296,,TRUE,"doi:10.21223/B7HWWH",2491,FALSE,FALSE,"Peru","Oxapampa",FALSE,,,,,,,,
"OXAPAMPA_01_2020","OXAPAMPA_01_2020_P92",1,"potato","CIP316367.139","tubers",28.962962962963,,TRUE,"doi:10.21223/B7HWWH",2492,FALSE,FALSE,"Peru","Oxapampa",FALSE,,,,,,,,
"OXAPAMPA_01_2020","OXAPAMPA_01_2020_P93",1,"potato","CIP316367.132","tubers",45.1111111111111,,TRUE,"doi:10.21223/B7HWWH",2493,FALSE,FALSE,"Peru","Oxapampa",FALSE,,,,,,,,
"OXAPAMPA_01_2020","OXAPAMPA_01_2020_P94",1,"potato","CIP316389.111","tubers",27.037037037037,,TRUE,"doi:10.21223/B7HWWH",2494,FALSE,FALSE,"Peru","Oxapampa",FALSE,,,,,,,,
"OXAPAMPA_01_2020","OXAPAMPA_01_2020_P95",1,"potato","CIP316361.250","tubers",27.6296296296296,,TRUE,"doi:10.21223/B7HWWH",2495,FALSE,FALSE,"Peru","Oxapampa",FALSE,,,,,,,,
"OXAPAMPA_01_2020","OXAPAMPA_01_2020_P96",1,"potato","CIP316367.174","tubers",27.3333333333333,,TRUE,"doi:10.21223/B7HWWH",2496,FALSE,FALSE,"Peru","Oxapampa",FALSE,,,,,,,,
"OXAPAMPA_01_2020","OXAPAMPA_01_2020_P97",1,"potato","CIP302551.26","tubers",30.2222222222222,,TRUE,"doi:10.21223/B7HWWH",2497,FALSE,FALSE,"Peru","Oxapampa",FALSE,,,,,,,,
"OXAPAMPA_01_2020","OXAPAMPA_01_2020_P98",1,"potato","CIP316385.237","tubers",21.9259259259259,,TRUE,"doi:10.21223/B7HWWH",2498,FALSE,FALSE,"Peru","Oxapampa",FALSE,,,,,,,,
"OXAPAMPA_01_2020","OXAPAMPA_01_2020_P99",1,"potato","CIP316363.115","tubers",40.0740740740741,,TRUE,"doi:10.21223/B7HWWH",2499,FALSE,FALSE,"Peru","Oxapampa",FALSE,,,,,,,,
"OXAPAMPA_01_2020","OXAPAMPA_01_2020_P100",1,"potato","CIP316387.236","tubers",13.7777777777778,,TRUE,"doi:10.21223/B7HWWH",2500,FALSE,FALSE,"Peru","Oxapampa",FALSE,,,,,,,,
"OXAPAMPA_01_2020","OXAPAMPA_01_2020_P101",1,"potato","CIP316390.152","tubers",34.5925925925926,,TRUE,"doi:10.21223/B7HWWH",2501,FALSE,FALSE,"Peru","Oxapampa",FALSE,,,,,,,,
"OXAPAMPA_01_2020","OXAPAMPA_01_2020_P102",1,"potato","CIP316384.170","tubers",31.037037037037,,TRUE,"doi:10.21223/B7HWWH",2502,FALSE,FALSE,"Peru","Oxapampa",FALSE,,,,,,,,
"OXAPAMPA_01_2020","OXAPAMPA_01_2020_P103",1,"potato","CIP316356.117","tubers",36.3703703703704,,TRUE,"doi:10.21223/B7HWWH",2503,FALSE,FALSE,"Peru","Oxapampa",FALSE,,,,,,,,
"OXAPAMPA_01_2020","OXAPAMPA_01_2020_P104",1,"potato","CIP316359.167","tubers",29.4074074074074,,TRUE,"doi:10.21223/B7HWWH",2504,FALSE,FALSE,"Peru","Oxapampa",FALSE,,,,,,,,
"OXAPAMPA_01_2020","OXAPAMPA_01_2020_P105",1,"potato","CIP316362.101","tubers",28.962962962963,,TRUE,"doi:10.21223/B7HWWH",2505,FALSE,FALSE,"Peru","Oxapampa",FALSE,,,,,,,,
"OXAPAMPA_01_2020","OXAPAMPA_01_2020_P106",1,"potato","CIP398208.620","tubers",40.7407407407407,,TRUE,"doi:10.21223/B7HWWH",2506,FALSE,FALSE,"Peru","Oxapampa",FALSE,,,,,,,,
"OXAPAMPA_01_2020","OXAPAMPA_01_2020_P107",1,"potato","CIP316385.118","tubers",20.8888888888889,,TRUE,"doi:10.21223/B7HWWH",2507,FALSE,FALSE,"Peru","Oxapampa",FALSE,,,,,,,,
"OXAPAMPA_01_2020","OXAPAMPA_01_2020_P108",1,"potato","CIP316375.183","tubers",22.0740740740741,,TRUE,"doi:10.21223/B7HWWH",2508,FALSE,FALSE,"Peru","Oxapampa",FALSE,,,,,,,,
"OXAPAMPA_01_2020","OXAPAMPA_01_2020_P109",1,"potato","CIP316376.133","tubers",26.8888888888889,,TRUE,"doi:10.21223/B7HWWH",2509,FALSE,FALSE,"Peru","Oxapampa",FALSE,,,,,,,,
"OXAPAMPA_01_2020","OXAPAMPA_01_2020_P110",1,"potato","CIP316363.108","tubers",43.7037037037037,,TRUE,"doi:10.21223/B7HWWH",2510,FALSE,FALSE,"Peru","Oxapampa",FALSE,,,,,,,,
"OXAPAMPA_01_2020","OXAPAMPA_01_2020_P111",1,"potato","CIP316360.195","tubers",18.2962962962963,,TRUE,"doi:10.21223/B7HWWH",2511,FALSE,FALSE,"Peru","Oxapampa",FALSE,,,,,,,,
"OXAPAMPA_01_2020","OXAPAMPA_01_2020_P112",1,"potato","CIP316359.218","tubers",38.5185185185185,,TRUE,"doi:10.21223/B7HWWH",2512,FALSE,FALSE,"Peru","Oxapampa",FALSE,,,,,,,,
"OXAPAMPA_01_2020","OXAPAMPA_01_2020_P113",1,"potato","Amarilis","tubers",14.3703703703704,,TRUE,"doi:10.21223/B7HWWH",2513,FALSE,FALSE,"Peru","Oxapampa",FALSE,,,,,,,,
"OXAPAMPA_01_2020","OXAPAMPA_01_2020_P114",1,"potato","CIP316363.157","tubers",35.4074074074074,,TRUE,"doi:10.21223/B7HWWH",2514,FALSE,FALSE,"Peru","Oxapampa",FALSE,,,,,,,,
"OXAPAMPA_01_2020","OXAPAMPA_01_2020_P115",1,"potato","Kory","tubers",28.6666666666667,,TRUE,"doi:10.21223/B7HWWH",2515,FALSE,FALSE,"Peru","Oxapampa",FALSE,,,,,,,,
"OXAPAMPA_01_2020","OXAPAMPA_01_2020_P116",1,"potato","CIP317028.494","tubers",25.9259259259259,,TRUE,"doi:10.21223/B7HWWH",2516,FALSE,FALSE,"Peru","Oxapampa",FALSE,,,,,,,,
"OXAPAMPA_01_2020","OXAPAMPA_01_2020_P117",1,"potato","CIP316377.152","tubers",28.2222222222222,,TRUE,"doi:10.21223/B7HWWH",2517,FALSE,FALSE,"Peru","Oxapampa",FALSE,,,,,,,,
"OXAPAMPA_01_2020","OXAPAMPA_01_2020_P118",1,"potato","Yungay","tubers",12.8888888888889,,TRUE,"doi:10.21223/B7HWWH",2518,FALSE,FALSE,"Peru","Oxapampa",FALSE,,,,,,,,
"OXAPAMPA_01_2020","OXAPAMPA_01_2020_P119",1,"potato","CIP316360.149","tubers",15.8518518518519,,TRUE,"doi:10.21223/B7HWWH",2519,FALSE,FALSE,"Peru","Oxapampa",FALSE,,,,,,,,
"OXAPAMPA_01_2020","OXAPAMPA_01_2020_P120",1,"potato","CIP316361.235","tubers",61.7037037037037,,TRUE,"doi:10.21223/B7HWWH",2520,FALSE,FALSE,"Peru","Oxapampa",FALSE,,,,,,,,
"OXAPAMPA_01_2020","OXAPAMPA_01_2020_P121",1,"potato","CIP316363.175","tubers",24.2222222222222,,TRUE,"doi:10.21223/B7HWWH",2521,FALSE,FALSE,"Peru","Oxapampa",FALSE,,,,,,,,
"OXAPAMPA_01_2020","OXAPAMPA_01_2020_P122",1,"potato","CIP316350.123","tubers",50.6666666666667,,TRUE,"doi:10.21223/B7HWWH",2522,FALSE,FALSE,"Peru","Oxapampa",FALSE,,,,,,,,
"OXAPAMPA_01_2020","OXAPAMPA_01_2020_P123",1,"potato","CIP316345.247","tubers",40.8148148148148,,TRUE,"doi:10.21223/B7HWWH",2523,FALSE,FALSE,"Peru","Oxapampa",FALSE,,,,,,,,
"OXAPAMPA_01_2020","OXAPAMPA_01_2020_P124",1,"potato","CIP316365.120","tubers",29.6296296296296,,TRUE,"doi:10.21223/B7HWWH",2524,FALSE,FALSE,"Peru","Oxapampa",FALSE,,,,,,,,
"OXAPAMPA_01_2020","OXAPAMPA_01_2020_P125",1,"potato","CIP316376.153","tubers",14.4444444444444,,TRUE,"doi:10.21223/B7HWWH",2525,FALSE,FALSE,"Peru","Oxapampa",FALSE,,,,,,,,
"OXAPAMPA_01_2020","OXAPAMPA_01_2020_P126",1,"potato","CIP316367.193","tubers",75.5925925925926,,TRUE,"doi:10.21223/B7HWWH",2526,FALSE,FALSE,"Peru","Oxapampa",FALSE,,,,,,,,
"OXAPAMPA_01_2020","OXAPAMPA_01_2020_P127",1,"potato","CIP316356.145","tubers",21.6296296296296,,TRUE,"doi:10.21223/B7HWWH",2527,FALSE,FALSE,"Peru","Oxapampa",FALSE,,,,,,,,
"OXAPAMPA_01_2020","OXAPAMPA_01_2020_P128",1,"potato","CIP316362.158","tubers",25.7037037037037,,TRUE,"doi:10.21223/B7HWWH",2528,FALSE,FALSE,"Peru","Oxapampa",FALSE,,,,,,,,
"OXAPAMPA_01_2020","OXAPAMPA_01_2020_P129",1,"potato","CIP398208.219","tubers",31.8518518518519,,TRUE,"doi:10.21223/B7HWWH",2529,FALSE,FALSE,"Peru","Oxapampa",FALSE,,,,,,,,
"OXAPAMPA_01_2020","OXAPAMPA_01_2020_P130",1,"potato","CIP316380.131","tubers",23.4814814814815,,TRUE,"doi:10.21223/B7HWWH",2530,FALSE,FALSE,"Peru","Oxapampa",FALSE,,,,,,,,
"OXAPAMPA_01_2020","OXAPAMPA_01_2020_P131",1,"potato","CIP316361.209","tubers",40.2962962962963,,TRUE,"doi:10.21223/B7HWWH",2531,FALSE,FALSE,"Peru","Oxapampa",FALSE,,,,,,,,
"OXAPAMPA_01_2020","OXAPAMPA_01_2020_P132",1,"potato","CIP316364.143","tubers",34.4444444444444,,TRUE,"doi:10.21223/B7HWWH",2532,FALSE,FALSE,"Peru","Oxapampa",FALSE,,,,,,,,
"OXAPAMPA_01_2020","OXAPAMPA_01_2020_P133",1,"potato","Kory","tubers",17.3333333333333,,TRUE,"doi:10.21223/B7HWWH",2533,FALSE,FALSE,"Peru","Oxapampa",FALSE,,,,,,,,
"OXAPAMPA_01_2020","OXAPAMPA_01_2020_P134",1,"potato","CIP316367.144","tubers",18.2222222222222,,TRUE,"doi:10.21223/B7HWWH",2534,FALSE,FALSE,"Peru","Oxapampa",FALSE,,,,,,,,
"OXAPAMPA_01_2020","OXAPAMPA_01_2020_P135",1,"potato","CIP316344.162","tubers",33.5555555555556,,TRUE,"doi:10.21223/B7HWWH",2535,FALSE,FALSE,"Peru","Oxapampa",FALSE,,,,,,,,
"OXAPAMPA_01_2020","OXAPAMPA_01_2020_P136",1,"potato","CIP316361.118","tubers",39.9259259259259,,TRUE,"doi:10.21223/B7HWWH",2536,FALSE,FALSE,"Peru","Oxapampa",FALSE,,,,,,,,
"OXAPAMPA_01_2020","OXAPAMPA_01_2020_P137",1,"potato","CIP316358.177","tubers",38.4444444444444,,TRUE,"doi:10.21223/B7HWWH",2537,FALSE,FALSE,"Peru","Oxapampa",FALSE,,,,,,,,
"OXAPAMPA_01_2020","OXAPAMPA_01_2020_P138",1,"potato","CIP316364.154","tubers",12.8888888888889,,TRUE,"doi:10.21223/B7HWWH",2538,FALSE,FALSE,"Peru","Oxapampa",FALSE,,,,,,,,
"OXAPAMPA_01_2020","OXAPAMPA_01_2020_P139",1,"potato","CIP316390.109","tubers",41.2592592592593,,TRUE,"doi:10.21223/B7HWWH",2539,FALSE,FALSE,"Peru","Oxapampa",FALSE,,,,,,,,
"OXAPAMPA_01_2020","OXAPAMPA_01_2020_P140",1,"potato","Kory","tubers",7.92592592592593,,TRUE,"doi:10.21223/B7HWWH",2540,FALSE,FALSE,"Peru","Oxapampa",FALSE,,,,,,,,
"OXAPAMPA_01_2020","OXAPAMPA_01_2020_P141",1,"potato","CIP316376.174","tubers",32.1851851851852,,TRUE,"doi:10.21223/B7HWWH",2541,FALSE,FALSE,"Peru","Oxapampa",FALSE,,,,,,,,
"OXAPAMPA_01_2020","OXAPAMPA_01_2020_P142",1,"potato","CIP316356.123","tubers",26.4444444444444,,TRUE,"doi:10.21223/B7HWWH",2542,FALSE,FALSE,"Peru","Oxapampa",FALSE,,,,,,,,
"OXAPAMPA_01_2020","OXAPAMPA_01_2020_P143",1,"potato","CIP316379.155","tubers",16.5925925925926,,TRUE,"doi:10.21223/B7HWWH",2543,FALSE,FALSE,"Peru","Oxapampa",FALSE,,,,,,,,
"OXAPAMPA_01_2020","OXAPAMPA_01_2020_P144",1,"potato","CIP316359.215","tubers",26.0740740740741,,TRUE,"doi:10.21223/B7HWWH",2544,FALSE,FALSE,"Peru","Oxapampa",FALSE,,,,,,,,
"OXAPAMPA_01_2020","OXAPAMPA_01_2020_P145",1,"potato","CIP316390.167","tubers",39.4814814814815,,TRUE,"doi:10.21223/B7HWWH",2545,FALSE,FALSE,"Peru","Oxapampa",FALSE,,,,,,,,
"OXAPAMPA_01_2020","OXAPAMPA_01_2020_P146",1,"potato","CIP316367.147","tubers",32.2962962962963,,TRUE,"doi:10.21223/B7HWWH",2546,FALSE,FALSE,"Peru","Oxapampa",FALSE,,,,,,,,
"OXAPAMPA_01_2020","OXAPAMPA_01_2020_P147",1,"potato","CIP316366.126","tubers",52.4444444444444,,TRUE,"doi:10.21223/B7HWWH",2547,FALSE,FALSE,"Peru","Oxapampa",FALSE,,,,,,,,
"OXAPAMPA_01_2020","OXAPAMPA_01_2020_P148",1,"potato","Kory","tubers",10.8888888888889,,TRUE,"doi:10.21223/B7HWWH",2548,FALSE,FALSE,"Peru","Oxapampa",FALSE,,,,,,,,
"OXAPAMPA_01_2020","OXAPAMPA_01_2020_P149",1,"potato","CIP316349.116","tubers",29.2592592592593,,TRUE,"doi:10.21223/B7HWWH",2549,FALSE,FALSE,"Peru","Oxapampa",FALSE,,,,,,,,
"OXAPAMPA_01_2020","OXAPAMPA_01_2020_P150",1,"potato","Amarilis","tubers",13.7037037037037,,TRUE,"doi:10.21223/B7HWWH",2550,FALSE,FALSE,"Peru","Oxapampa",FALSE,,,,,,,,
"OXAPAMPA_01_2020","OXAPAMPA_01_2020_P151",1,"potato","CIP316353.139","tubers",25.037037037037,,TRUE,"doi:10.21223/B7HWWH",2551,FALSE,FALSE,"Peru","Oxapampa",FALSE,,,,,,,,
"OXAPAMPA_01_2020","OXAPAMPA_01_2020_P152",1,"potato","CIP302531.43","tubers",29.4444444444444,,TRUE,"doi:10.21223/B7HWWH",2552,FALSE,FALSE,"Peru","Oxapampa",FALSE,,,,,,,,
"OXAPAMPA_01_2020","OXAPAMPA_01_2020_P153",1,"potato","CIP316352.178","tubers",24.1481481481481,,TRUE,"doi:10.21223/B7HWWH",2553,FALSE,FALSE,"Peru","Oxapampa",FALSE,,,,,,,,
"OXAPAMPA_01_2020","OXAPAMPA_01_2020_P154",1,"potato","CIP316367.183","tubers",40.8888888888889,,TRUE,"doi:10.21223/B7HWWH",2554,FALSE,FALSE,"Peru","Oxapampa",FALSE,,,,,,,,
"OXAPAMPA_01_2020","OXAPAMPA_01_2020_P155",1,"potato","CIP316367.171","tubers",44.2962962962963,,TRUE,"doi:10.21223/B7HWWH",2555,FALSE,FALSE,"Peru","Oxapampa",FALSE,,,,,,,,
"OXAPAMPA_01_2020","OXAPAMPA_01_2020_P156",1,"potato","CIP316390.121","tubers",33.7777777777778,,TRUE,"doi:10.21223/B7HWWH",2556,FALSE,FALSE,"Peru","Oxapampa",FALSE,,,,,,,,
"OXAPAMPA_01_2020","OXAPAMPA_01_2020_P157",1,"potato","CIP316358.232","tubers",41.2592592592593,,TRUE,"doi:10.21223/B7HWWH",2557,FALSE,FALSE,"Peru","Oxapampa",FALSE,,,,,,,,
"OXAPAMPA_01_2020","OXAPAMPA_01_2020_P158",1,"potato","CIP317029.434","tubers",4.96296296296296,,TRUE,"doi:10.21223/B7HWWH",2558,FALSE,FALSE,"Peru","Oxapampa",FALSE,,,,,,,,
"OXAPAMPA_01_2020","OXAPAMPA_01_2020_P159",1,"potato","CIP316345.154","tubers",28,,TRUE,"doi:10.21223/B7HWWH",2559,FALSE,FALSE,"Peru","Oxapampa",FALSE,,,,,,,,
"OXAPAMPA_01_2020","OXAPAMPA_01_2020_P160",1,"potato","CIP316382.118","tubers",20.962962962963,,TRUE,"doi:10.21223/B7HWWH",2560,FALSE,FALSE,"Peru","Oxapampa",FALSE,,,,,,,,
"OXAPAMPA_01_2020","OXAPAMPA_01_2020_P161",1,"potato","CIP316354.137","tubers",25.3333333333333,,TRUE,"doi:10.21223/B7HWWH",2561,FALSE,FALSE,"Peru","Oxapampa",FALSE,,,,,,,,
"OXAPAMPA_01_2020","OXAPAMPA_01_2020_P162",1,"potato","CIP316350.173","tubers",32.2222222222222,,TRUE,"doi:10.21223/B7HWWH",2562,FALSE,FALSE,"Peru","Oxapampa",FALSE,,,,,,,,
"OXAPAMPA_01_2020","OXAPAMPA_01_2020_P163",1,"potato","CIP316391.136","tubers",18.3703703703704,,TRUE,"doi:10.21223/B7HWWH",2563,FALSE,FALSE,"Peru","Oxapampa",FALSE,,,,,,,,
"OXAPAMPA_01_2020","OXAPAMPA_01_2020_P164",1,"potato","Yungay","tubers",12.2962962962963,,TRUE,"doi:10.21223/B7HWWH",2564,FALSE,FALSE,"Peru","Oxapampa",FALSE,,,,,,,,
"OXAPAMPA_01_2020","OXAPAMPA_01_2020_P165",1,"potato","CIP316360.101","tubers",28,,TRUE,"doi:10.21223/B7HWWH",2565,FALSE,FALSE,"Peru","Oxapampa",FALSE,,,,,,,,
"OXAPAMPA_01_2020","OXAPAMPA_01_2020_P166",1,"potato","CIP317015.472","tubers",19.4074074074074,,TRUE,"doi:10.21223/B7HWWH",2566,FALSE,FALSE,"Peru","Oxapampa",FALSE,,,,,,,,
"OXAPAMPA_01_2020","OXAPAMPA_01_2020_P167",1,"potato","Kory","tubers",13.9259259259259,,TRUE,"doi:10.21223/B7HWWH",2567,FALSE,FALSE,"Peru","Oxapampa",FALSE,,,,,,,,
"OXAPAMPA_01_2020","OXAPAMPA_01_2020_P168",1,"potato","CIP316386.121","tubers",36.2962962962963,,TRUE,"doi:10.21223/B7HWWH",2568,FALSE,FALSE,"Peru","Oxapampa",FALSE,,,,,,,,
"OXAPAMPA_01_2020","OXAPAMPA_01_2020_P169",1,"potato","CIP316357.156","tubers",35.8518518518518,,TRUE,"doi:10.21223/B7HWWH",2569,FALSE,FALSE,"Peru","Oxapampa",FALSE,,,,,,,,
"OXAPAMPA_01_2020","OXAPAMPA_01_2020_P170",1,"potato","CIP316352.122","tubers",54,,TRUE,"doi:10.21223/B7HWWH",2570,FALSE,FALSE,"Peru","Oxapampa",FALSE,,,,,,,,
"OXAPAMPA_01_2020","OXAPAMPA_01_2020_P171",1,"potato","CIP316385.174","tubers",23.4074074074074,,TRUE,"doi:10.21223/B7HWWH",2571,FALSE,FALSE,"Peru","Oxapampa",FALSE,,,,,,,,
"OXAPAMPA_01_2020","OXAPAMPA_01_2020_P172",1,"potato","CIP316363.167","tubers",33.1851851851852,,TRUE,"doi:10.21223/B7HWWH",2572,FALSE,FALSE,"Peru","Oxapampa",FALSE,,,,,,,,
"OXAPAMPA_01_2020","OXAPAMPA_01_2020_P173",1,"potato","CIP316348.186","tubers",24.5925925925926,,TRUE,"doi:10.21223/B7HWWH",2573,FALSE,FALSE,"Peru","Oxapampa",FALSE,,,,,,,,
"OXAPAMPA_01_2020","OXAPAMPA_01_2020_P174",1,"potato","CIP316359.234","tubers",32.7407407407407,,TRUE,"doi:10.21223/B7HWWH",2574,FALSE,FALSE,"Peru","Oxapampa",FALSE,,,,,,,,
"OXAPAMPA_01_2020","OXAPAMPA_01_2020_P175",1,"potato","CIP316350.125","tubers",34.1481481481482,,TRUE,"doi:10.21223/B7HWWH",2575,FALSE,FALSE,"Peru","Oxapampa",FALSE,,,,,,,,
"OXAPAMPA_01_2020","OXAPAMPA_01_2020_P176",1,"potato","CIP302533.74","tubers",32.5925925925926,,TRUE,"doi:10.21223/B7HWWH",2576,FALSE,FALSE,"Peru","Oxapampa",FALSE,,,,,,,,
"OXAPAMPA_01_2020","OXAPAMPA_01_2020_P177",1,"potato","CIP317015.424","tubers",27.6296296296296,,TRUE,"doi:10.21223/B7HWWH",2577,FALSE,FALSE,"Peru","Oxapampa",FALSE,,,,,,,,
"OXAPAMPA_01_2020","OXAPAMPA_01_2020_P178",1,"potato","CIP316358.189","tubers",42.4444444444444,,TRUE,"doi:10.21223/B7HWWH",2578,FALSE,FALSE,"Peru","Oxapampa",FALSE,,,,,,,,
"OXAPAMPA_01_2020","OXAPAMPA_01_2020_P179",1,"potato","Amarilis","tubers",16,,TRUE,"doi:10.21223/B7HWWH",2579,FALSE,FALSE,"Peru","Oxapampa",FALSE,,,,,,,,
"OXAPAMPA_01_2020","OXAPAMPA_01_2020_P180",1,"potato","CIP316357.187","tubers",23.6296296296296,,TRUE,"doi:10.21223/B7HWWH",2580,FALSE,FALSE,"Peru","Oxapampa",FALSE,,,,,,,,
"OXAPAMPA_01_2020","OXAPAMPA_01_2020_P181",1,"potato","CIP316372.133","tubers",20.2222222222222,,TRUE,"doi:10.21223/B7HWWH",2581,FALSE,FALSE,"Peru","Oxapampa",FALSE,,,,,,,,
"OXAPAMPA_01_2020","OXAPAMPA_01_2020_P182",1,"potato","CIP316350.104","tubers",46,,TRUE,"doi:10.21223/B7HWWH",2582,FALSE,FALSE,"Peru","Oxapampa",FALSE,,,,,,,,
"OXAPAMPA_01_2020","OXAPAMPA_01_2020_P183",1,"potato","CIP316354.123","tubers",43.5555555555556,,TRUE,"doi:10.21223/B7HWWH",2583,FALSE,FALSE,"Peru","Oxapampa",FALSE,,,,,,,,
"OXAPAMPA_01_2020","OXAPAMPA_01_2020_P184",1,"potato","CIP316359.228","tubers",42,,TRUE,"doi:10.21223/B7HWWH",2584,FALSE,FALSE,"Peru","Oxapampa",FALSE,,,,,,,,
"OXAPAMPA_01_2020","OXAPAMPA_01_2020_P185",1,"potato","CIP316367.177","tubers",46.8148148148148,,TRUE,"doi:10.21223/B7HWWH",2585,FALSE,FALSE,"Peru","Oxapampa",FALSE,,,,,,,,
"OXAPAMPA_01_2020","OXAPAMPA_01_2020_P186",1,"potato","CIP317028.443","tubers",45.8518518518518,,TRUE,"doi:10.21223/B7HWWH",2586,FALSE,FALSE,"Peru","Oxapampa",FALSE,,,,,,,,
"OXAPAMPA_01_2020","OXAPAMPA_01_2020_P187",1,"potato","Kory","tubers",25.037037037037,,TRUE,"doi:10.21223/B7HWWH",2587,FALSE,FALSE,"Peru","Oxapampa",FALSE,,,,,,,,
"OXAPAMPA_01_2020","OXAPAMPA_01_2020_P188",1,"potato","CIP316363.161","tubers",32.3703703703704,,TRUE,"doi:10.21223/B7HWWH",2588,FALSE,FALSE,"Peru","Oxapampa",FALSE,,,,,,,,
"OXAPAMPA_01_2020","OXAPAMPA_01_2020_P189",1,"potato","CIP316359.213","tubers",27.7037037037037,,TRUE,"doi:10.21223/B7HWWH",2589,FALSE,FALSE,"Peru","Oxapampa",FALSE,,,,,,,,
"OXAPAMPA_01_2020","OXAPAMPA_01_2020_P190",1,"potato","CIP316354.149","tubers",26.5925925925926,,TRUE,"doi:10.21223/B7HWWH",2590,FALSE,FALSE,"Peru","Oxapampa",FALSE,,,,,,,,
"OXAPAMPA_01_2020","OXAPAMPA_01_2020_P191",1,"potato","CIP316360.118","tubers",32.962962962963,,TRUE,"doi:10.21223/B7HWWH",2591,FALSE,FALSE,"Peru","Oxapampa",FALSE,,,,,,,,
"OXAPAMPA_01_2020","OXAPAMPA_01_2020_P192",1,"potato","Amarilis","tubers",13.3333333333333,,TRUE,"doi:10.21223/B7HWWH",2592,FALSE,FALSE,"Peru","Oxapampa",FALSE,,,,,,,,
"OXAPAMPA_01_2020","OXAPAMPA_01_2020_P193",1,"potato","CIP316360.227","tubers",34.7407407407407,,TRUE,"doi:10.21223/B7HWWH",2593,FALSE,FALSE,"Peru","Oxapampa",FALSE,,,,,,,,
"OXAPAMPA_01_2020","OXAPAMPA_01_2020_P194",1,"potato","CIP302533.48","tubers",36.8148148148148,,TRUE,"doi:10.21223/B7HWWH",2594,FALSE,FALSE,"Peru","Oxapampa",FALSE,,,,,,,,
"OXAPAMPA_01_2020","OXAPAMPA_01_2020_P195",1,"potato","CIP316351.134","tubers",28.5925925925926,,TRUE,"doi:10.21223/B7HWWH",2595,FALSE,FALSE,"Peru","Oxapampa",FALSE,,,,,,,,
"OXAPAMPA_01_2020","OXAPAMPA_01_2020_P196",1,"potato","CIP317029.432","tubers",4.81481481481481,,TRUE,"doi:10.21223/B7HWWH",2596,FALSE,FALSE,"Peru","Oxapampa",FALSE,,,,,,,,
"OXAPAMPA_01_2020","OXAPAMPA_01_2020_P197",1,"potato","CIP316357.226","tubers",40.8148148148148,,TRUE,"doi:10.21223/B7HWWH",2597,FALSE,FALSE,"Peru","Oxapampa",FALSE,,,,,,,,
"OXAPAMPA_01_2020","OXAPAMPA_01_2020_P198",1,"potato","CIP316352.118","tubers",32.7407407407407,,TRUE,"doi:10.21223/B7HWWH",2598,FALSE,FALSE,"Peru","Oxapampa",FALSE,,,,,,,,
"OXAPAMPA_01_2020","OXAPAMPA_01_2020_P199",1,"potato","CIP316385.146","tubers",26.8148148148148,,TRUE,"doi:10.21223/B7HWWH",2599,FALSE,FALSE,"Peru","Oxapampa",FALSE,,,,,,,,
"OXAPAMPA_01_2020","OXAPAMPA_01_2020_P200",1,"potato","CIP316385.109","tubers",22.8888888888889,,TRUE,"doi:10.21223/B7HWWH",2600,FALSE,FALSE,"Peru","Oxapampa",FALSE,,,,,,,,
"OXAPAMPA_01_2020","OXAPAMPA_01_2020_P201",1,"potato","Kory","tubers",10.6666666666667,,TRUE,"doi:10.21223/B7HWWH",2601,FALSE,FALSE,"Peru","Oxapampa",FALSE,,,,,,,,
"OXAPAMPA_01_2020","OXAPAMPA_01_2020_P202",1,"potato","CIP316364.140","tubers",32,,TRUE,"doi:10.21223/B7HWWH",2602,FALSE,FALSE,"Peru","Oxapampa",FALSE,,,,,,,,
"OXAPAMPA_01_2020","OXAPAMPA_01_2020_P203",1,"potato","CIP398201.510","tubers",33.8518518518519,,TRUE,"doi:10.21223/B7HWWH",2603,FALSE,FALSE,"Peru","Oxapampa",FALSE,,,,,,,,
"OXAPAMPA_01_2020","OXAPAMPA_01_2020_P204",1,"potato","CIP316359.168","tubers",28.5925925925926,,TRUE,"doi:10.21223/B7HWWH",2604,FALSE,FALSE,"Peru","Oxapampa",FALSE,,,,,,,,
"OXAPAMPA_01_2020","OXAPAMPA_01_2020_P205",1,"potato","CIP316355.162","tubers",37.1111111111111,,TRUE,"doi:10.21223/B7HWWH",2605,FALSE,FALSE,"Peru","Oxapampa",FALSE,,,,,,,,
"OXAPAMPA_01_2020","OXAPAMPA_01_2020_P206",1,"potato","CIP316387.223","tubers",36,,TRUE,"doi:10.21223/B7HWWH",2606,FALSE,FALSE,"Peru","Oxapampa",FALSE,,,,,,,,
"OXAPAMPA_01_2020","OXAPAMPA_01_2020_P207",1,"potato","CIP316353.161","tubers",39.1851851851852,,TRUE,"doi:10.21223/B7HWWH",2607,FALSE,FALSE,"Peru","Oxapampa",FALSE,,,,,,,,
"OXAPAMPA_01_2020","OXAPAMPA_01_2020_P208",1,"potato","CIP316358.179","tubers",29.2592592592593,,TRUE,"doi:10.21223/B7HWWH",2608,FALSE,FALSE,"Peru","Oxapampa",FALSE,,,,,,,,
"OXAPAMPA_01_2020","OXAPAMPA_01_2020_P209",1,"potato","CIP316360.139","tubers",32.962962962963,,TRUE,"doi:10.21223/B7HWWH",2609,FALSE,FALSE,"Peru","Oxapampa",FALSE,,,,,,,,
"OXAPAMPA_01_2020","OXAPAMPA_01_2020_P210",1,"potato","CIP316368.145","tubers",39.9259259259259,,TRUE,"doi:10.21223/B7HWWH",2610,FALSE,FALSE,"Peru","Oxapampa",FALSE,,,,,,,,
"OXAPAMPA_01_2020","OXAPAMPA_01_2020_P211",1,"potato","CIP316349.174","tubers",43.3333333333333,,TRUE,"doi:10.21223/B7HWWH",2611,FALSE,FALSE,"Peru","Oxapampa",FALSE,,,,,,,,
"OXAPAMPA_01_2020","OXAPAMPA_01_2020_P212",1,"potato","CIP316358.173","tubers",36.4444444444444,,TRUE,"doi:10.21223/B7HWWH",2612,FALSE,FALSE,"Peru","Oxapampa",FALSE,,,,,,,,
"OXAPAMPA_01_2020","OXAPAMPA_01_2020_P213",1,"potato","CIP316354.154","tubers",26.1481481481481,,TRUE,"doi:10.21223/B7HWWH",2613,FALSE,FALSE,"Peru","Oxapampa",FALSE,,,,,,,,
"OXAPAMPA_01_2020","OXAPAMPA_01_2020_P214",1,"potato","CIP317017.81","tubers",20.7407407407407,,TRUE,"doi:10.21223/B7HWWH",2614,FALSE,FALSE,"Peru","Oxapampa",FALSE,,,,,,,,
"OXAPAMPA_01_2020","OXAPAMPA_01_2020_P215",1,"potato","CIP316360.145","tubers",21.037037037037,,TRUE,"doi:10.21223/B7HWWH",2615,FALSE,FALSE,"Peru","Oxapampa",FALSE,,,,,,,,
"OXAPAMPA_01_2020","OXAPAMPA_01_2020_P216",1,"potato","CIP316356.149","tubers",52.0740740740741,,TRUE,"doi:10.21223/B7HWWH",2616,FALSE,FALSE,"Peru","Oxapampa",FALSE,,,,,,,,
"OXAPAMPA_01_2020","OXAPAMPA_01_2020_P217",1,"potato","CIP316358.109","tubers",9.55555555555556,,TRUE,"doi:10.21223/B7HWWH",2617,FALSE,FALSE,"Peru","Oxapampa",FALSE,,,,,,,,
"OXAPAMPA_01_2020","OXAPAMPA_01_2020_P218",1,"potato","CIP316365.127","tubers",25.4444444444444,,TRUE,"doi:10.21223/B7HWWH",2618,FALSE,FALSE,"Peru","Oxapampa",FALSE,,,,,,,,
"OXAPAMPA_01_2020","OXAPAMPA_01_2020_P219",1,"potato","CIP316367.181","tubers",39.037037037037,,TRUE,"doi:10.21223/B7HWWH",2619,FALSE,FALSE,"Peru","Oxapampa",FALSE,,,,,,,,
"OXAPAMPA_01_2020","OXAPAMPA_01_2020_P220",1,"potato","CIP316363.127","tubers",32.1481481481481,,TRUE,"doi:10.21223/B7HWWH",2620,FALSE,FALSE,"Peru","Oxapampa",FALSE,,,,,,,,
"OXAPAMPA_01_2020","OXAPAMPA_01_2020_P221",1,"potato","CIP316358.114","tubers",19.8518518518519,,TRUE,"doi:10.21223/B7HWWH",2621,FALSE,FALSE,"Peru","Oxapampa",FALSE,,,,,,,,
"OXAPAMPA_01_2020","OXAPAMPA_01_2020_P222",1,"potato","CIP316367.160","tubers",24.0740740740741,,TRUE,"doi:10.21223/B7HWWH",2622,FALSE,FALSE,"Peru","Oxapampa",FALSE,,,,,,,,
"OXAPAMPA_01_2020","OXAPAMPA_01_2020_P223",1,"potato","CIP316360.187","tubers",24.3703703703704,,TRUE,"doi:10.21223/B7HWWH",2623,FALSE,FALSE,"Peru","Oxapampa",FALSE,,,,,,,,
"OXAPAMPA_01_2020","OXAPAMPA_01_2020_P224",1,"potato","CIP317014.230","tubers",30.5925925925926,,TRUE,"doi:10.21223/B7HWWH",2624,FALSE,FALSE,"Peru","Oxapampa",FALSE,,,,,,,,
"OXAPAMPA_01_2020","OXAPAMPA_01_2020_P225",1,"potato","CIP316363.119","tubers",27.9259259259259,,TRUE,"doi:10.21223/B7HWWH",2625,FALSE,FALSE,"Peru","Oxapampa",FALSE,,,,,,,,
"OXAPAMPA_01_2020","OXAPAMPA_01_2020_P226",1,"potato","CIP316385.222","tubers",21.8518518518519,,TRUE,"doi:10.21223/B7HWWH",2626,FALSE,FALSE,"Peru","Oxapampa",FALSE,,,,,,,,
"OXAPAMPA_01_2020","OXAPAMPA_01_2020_P227",1,"potato","CIP316344.181","tubers",38.4444444444444,,TRUE,"doi:10.21223/B7HWWH",2627,FALSE,FALSE,"Peru","Oxapampa",FALSE,,,,,,,,
"OXAPAMPA_01_2020","OXAPAMPA_01_2020_P228",1,"potato","CIP302533.49","tubers",34.5185185185185,,TRUE,"doi:10.21223/B7HWWH",2628,FALSE,FALSE,"Peru","Oxapampa",FALSE,,,,,,,,
"OXAPAMPA_01_2020","OXAPAMPA_01_2020_P229",1,"potato","CIP316361.181","tubers",29.2592592592593,,TRUE,"doi:10.21223/B7HWWH",2629,FALSE,FALSE,"Peru","Oxapampa",FALSE,,,,,,,,
"OXAPAMPA_01_2020","OXAPAMPA_01_2020_P230",1,"potato","CIP316357.119","tubers",22.2962962962963,,TRUE,"doi:10.21223/B7HWWH",2630,FALSE,FALSE,"Peru","Oxapampa",FALSE,,,,,,,,
"OXAPAMPA_01_2020","OXAPAMPA_01_2020_P231",1,"potato","Amarilis","tubers",18.2222222222222,,TRUE,"doi:10.21223/B7HWWH",2631,FALSE,FALSE,"Peru","Oxapampa",FALSE,,,,,,,,
"OXAPAMPA_01_2020","OXAPAMPA_01_2020_P232",1,"potato","CIP317015.436","tubers",39.9259259259259,,TRUE,"doi:10.21223/B7HWWH",2632,FALSE,FALSE,"Peru","Oxapampa",FALSE,,,,,,,,
"OXAPAMPA_01_2020","OXAPAMPA_01_2020_P233",1,"potato","CIP316348.170","tubers",33.4814814814815,,TRUE,"doi:10.21223/B7HWWH",2633,FALSE,FALSE,"Peru","Oxapampa",FALSE,,,,,,,,
"OXAPAMPA_01_2020","OXAPAMPA_01_2020_P234",1,"potato","Yungay","tubers",7.33333333333333,,TRUE,"doi:10.21223/B7HWWH",2634,FALSE,FALSE,"Peru","Oxapampa",FALSE,,,,,,,,
"OXAPAMPA_01_2020","OXAPAMPA_01_2020_P235",1,"potato","CIP316391.105","tubers",19.5555555555556,,TRUE,"doi:10.21223/B7HWWH",2635,FALSE,FALSE,"Peru","Oxapampa",FALSE,,,,,,,,
"OXAPAMPA_01_2020","OXAPAMPA_01_2020_P236",1,"potato","Amarilis","tubers",18.2222222222222,,TRUE,"doi:10.21223/B7HWWH",2636,FALSE,FALSE,"Peru","Oxapampa",FALSE,,,,,,,,
"OXAPAMPA_01_2020","OXAPAMPA_01_2020_P237",1,"potato","CIP316385.116","tubers",21.6296296296296,,TRUE,"doi:10.21223/B7HWWH",2637,FALSE,FALSE,"Peru","Oxapampa",FALSE,,,,,,,,
"OXAPAMPA_01_2020","OXAPAMPA_01_2020_P238",1,"potato","Yungay","tubers",6.96296296296296,,TRUE,"doi:10.21223/B7HWWH",2638,FALSE,FALSE,"Peru","Oxapampa",FALSE,,,,,,,,
"OXAPAMPA_01_2020","OXAPAMPA_01_2020_P239",1,"potato","CIP316376.169","tubers",30.4444444444444,,TRUE,"doi:10.21223/B7HWWH",2639,FALSE,FALSE,"Peru","Oxapampa",FALSE,,,,,,,,
"OXAPAMPA_01_2020","OXAPAMPA_01_2020_P240",1,"potato","CIP316380.150","tubers",37.7037037037037,,TRUE,"doi:10.21223/B7HWWH",2640,FALSE,FALSE,"Peru","Oxapampa",FALSE,,,,,,,,
"OXAPAMPA_01_2020","OXAPAMPA_01_2020_P241",1,"potato","CIP316373.149","tubers",33.9412962962963,,TRUE,"doi:10.21223/B7HWWH",2641,FALSE,FALSE,"Peru","Oxapampa",FALSE,,,,,,,,
"OXAPAMPA_01_2020","OXAPAMPA_01_2020_P242",1,"potato","CIP316360.240","tubers",26.4575,,TRUE,"doi:10.21223/B7HWWH",2642,FALSE,FALSE,"Peru","Oxapampa",FALSE,,,,,,,,
"OXAPAMPA_01_2020","OXAPAMPA_01_2020_P243",1,"potato","CIP316362.111","tubers",29.7462037037037,,TRUE,"doi:10.21223/B7HWWH",2643,FALSE,FALSE,"Peru","Oxapampa",FALSE,,,,,,,,
"OXAPAMPA_01_2020","OXAPAMPA_01_2020_P244",1,"potato","Yungay","tubers",7.22222222222222,,TRUE,"doi:10.21223/B7HWWH",2644,FALSE,FALSE,"Peru","Oxapampa",FALSE,,,,,,,,
"OXAPAMPA_01_2020","OXAPAMPA_01_2020_P245",1,"potato","CIP316361.132","tubers",57.5637037037037,,TRUE,"doi:10.21223/B7HWWH",2645,FALSE,FALSE,"Peru","Oxapampa",FALSE,,,,,,,,
"OXAPAMPA_01_2020","OXAPAMPA_01_2020_P246",1,"potato","CIP317016.450","tubers",17.99,,TRUE,"doi:10.21223/B7HWWH",2646,FALSE,FALSE,"Peru","Oxapampa",FALSE,,,,,,,,
"OXAPAMPA_01_2020","OXAPAMPA_01_2020_P247",1,"potato","CIP316353.143","tubers",41.4509259259259,,TRUE,"doi:10.21223/B7HWWH",2647,FALSE,FALSE,"Peru","Oxapampa",FALSE,,,,,,,,
"OXAPAMPA_01_2020","OXAPAMPA_01_2020_P248",1,"potato","CIP316387.145","tubers",25.0625,,TRUE,"doi:10.21223/B7HWWH",2648,FALSE,FALSE,"Peru","Oxapampa",FALSE,,,,,,,,
"OXAPAMPA_01_2020","OXAPAMPA_01_2020_P249",1,"potato","Amarilis","tubers",15.6842592592593,,TRUE,"doi:10.21223/B7HWWH",2649,FALSE,FALSE,"Peru","Oxapampa",FALSE,,,,,,,,
"OXAPAMPA_01_2020","OXAPAMPA_01_2020_P250",1,"potato","CIP316353.133","tubers",42.4814814814815,,TRUE,"doi:10.21223/B7HWWH",2650,FALSE,FALSE,"Peru","Oxapampa",FALSE,,,,,,,,
"OXAPAMPA_01_2020","OXAPAMPA_01_2020_P251",1,"potato","CIP316367.173","tubers",25.5662345679012,,TRUE,"doi:10.21223/B7HWWH",2651,FALSE,FALSE,"Peru","Oxapampa",FALSE,,,,,,,,
"OXAPAMPA_01_2020","OXAPAMPA_01_2020_P252",1,"potato","CIP316386.161","tubers",18.2853703703704,,TRUE,"doi:10.21223/B7HWWH",2652,FALSE,FALSE,"Peru","Oxapampa",FALSE,,,,,,,,
"OXAPAMPA_01_2020","OXAPAMPA_01_2020_P253",1,"potato","Kory","tubers",18.1255555555556,,TRUE,"doi:10.21223/B7HWWH",2653,FALSE,FALSE,"Peru","Oxapampa",FALSE,,,,,,,,
"OXAPAMPA_01_2020","OXAPAMPA_01_2020_P254",1,"potato","CIP316348.174","tubers",20.5973148148148,,TRUE,"doi:10.21223/B7HWWH",2654,FALSE,FALSE,"Peru","Oxapampa",FALSE,,,,,,,,
"OXAPAMPA_01_2020","OXAPAMPA_01_2020_P255",1,"potato","CIP316382.151","tubers",35.1275925925926,,TRUE,"doi:10.21223/B7HWWH",2655,FALSE,FALSE,"Peru","Oxapampa",FALSE,,,,,,,,
"OXAPAMPA_01_2020","OXAPAMPA_01_2020_P256",1,"potato","CIP316375.102","tubers",43.0066666666667,,TRUE,"doi:10.21223/B7HWWH",2656,FALSE,FALSE,"Peru","Oxapampa",FALSE,,,,,,,,
"OXAPAMPA_01_2020","OXAPAMPA_01_2020_P257",1,"potato","Kory","tubers",20.5105555555556,,TRUE,"doi:10.21223/B7HWWH",2657,FALSE,FALSE,"Peru","Oxapampa",FALSE,,,,,,,,
"OXAPAMPA_01_2020","OXAPAMPA_01_2020_P258",1,"potato","CIP316364.151","tubers",14.632962962963,,TRUE,"doi:10.21223/B7HWWH",2658,FALSE,FALSE,"Peru","Oxapampa",FALSE,,,,,,,,
"OXAPAMPA_01_2020","OXAPAMPA_01_2020_P259",1,"potato","CIP398208.33","tubers",26.1460905349794,,TRUE,"doi:10.21223/B7HWWH",2659,FALSE,FALSE,"Peru","Oxapampa",FALSE,,,,,,,,
"OXAPAMPA_01_2020","OXAPAMPA_01_2020_P260",1,"potato","CIP316377.168","tubers",32.2592592592593,,TRUE,"doi:10.21223/B7HWWH",2660,FALSE,FALSE,"Peru","Oxapampa",FALSE,,,,,,,,
"OXAPAMPA_01_2020","OXAPAMPA_01_2020_P261",1,"potato","CIP316365.166","tubers",41.78,,TRUE,"doi:10.21223/B7HWWH",2661,FALSE,FALSE,"Peru","Oxapampa",FALSE,,,,,,,,
"OXAPAMPA_01_2020","OXAPAMPA_01_2020_P262",1,"potato","CIP316353.120","tubers",23.2227777777778,,TRUE,"doi:10.21223/B7HWWH",2662,FALSE,FALSE,"Peru","Oxapampa",FALSE,,,,,,,,
"OXAPAMPA_01_2020","OXAPAMPA_01_2020_P263",1,"potato","CIP316388.194","tubers",50.0107407407407,,TRUE,"doi:10.21223/B7HWWH",2663,FALSE,FALSE,"Peru","Oxapampa",FALSE,,,,,,,,
"OXAPAMPA_01_2020","OXAPAMPA_01_2020_P264",1,"potato","CIP316356.116","tubers",15.4909259259259,,TRUE,"doi:10.21223/B7HWWH",2664,FALSE,FALSE,"Peru","Oxapampa",FALSE,,,,,,,,
"OXAPAMPA_01_2020","OXAPAMPA_01_2020_P265",1,"potato","CIP316377.115","tubers",21.8888888888889,,TRUE,"doi:10.21223/B7HWWH",2665,FALSE,FALSE,"Peru","Oxapampa",FALSE,,,,,,,,
"OXAPAMPA_01_2020","OXAPAMPA_01_2020_P266",1,"potato","CIP316363.110","tubers",60.6768518518519,,TRUE,"doi:10.21223/B7HWWH",2666,FALSE,FALSE,"Peru","Oxapampa",FALSE,,,,,,,,
"OXAPAMPA_01_2020","OXAPAMPA_01_2020_P267",1,"potato","CIP317015.408","tubers",3.65444444444444,,TRUE,"doi:10.21223/B7HWWH",2667,FALSE,FALSE,"Peru","Oxapampa",FALSE,,,,,,,,
"OXAPAMPA_01_2020","OXAPAMPA_01_2020_P268",1,"potato","CIP316385.125","tubers",27.5977777777778,,TRUE,"doi:10.21223/B7HWWH",2668,FALSE,FALSE,"Peru","Oxapampa",FALSE,,,,,,,,
"OXAPAMPA_01_2020","OXAPAMPA_01_2020_P269",1,"potato","CIP316345.168","tubers",40.8888888888889,,TRUE,"doi:10.21223/B7HWWH",2669,FALSE,FALSE,"Peru","Oxapampa",FALSE,,,,,,,,
"OXAPAMPA_01_2020","OXAPAMPA_01_2020_P270",1,"potato","CIP316360.110","tubers",32.5757407407407,,TRUE,"doi:10.21223/B7HWWH",2670,FALSE,FALSE,"Peru","Oxapampa",FALSE,,,,,,,,
"OXAPAMPA_01_2020","OXAPAMPA_01_2020_P271",1,"potato","CIP316384.152","tubers",29.0825925925926,,TRUE,"doi:10.21223/B7HWWH",2671,FALSE,FALSE,"Peru","Oxapampa",FALSE,,,,,,,,
"OXAPAMPA_01_2020","OXAPAMPA_01_2020_P272",1,"potato","CIP316353.158","tubers",34.9592592592593,,TRUE,"doi:10.21223/B7HWWH",2672,FALSE,FALSE,"Peru","Oxapampa",FALSE,,,,,,,,
"OXAPAMPA_01_2020","OXAPAMPA_01_2020_P273",1,"potato","Yungay","tubers",5.03703703703704,,TRUE,"doi:10.21223/B7HWWH",2673,FALSE,FALSE,"Peru","Oxapampa",FALSE,,,,,,,,
"OXAPAMPA_01_2020","OXAPAMPA_01_2020_P274",1,"potato","CIP316385.104","tubers",49.7946296296296,,TRUE,"doi:10.21223/B7HWWH",2674,FALSE,FALSE,"Peru","Oxapampa",FALSE,,,,,,,,
"OXAPAMPA_01_2020","OXAPAMPA_01_2020_P275",1,"potato","Yungay","tubers",6.61904761904762,,TRUE,"doi:10.21223/B7HWWH",2675,FALSE,FALSE,"Peru","Oxapampa",FALSE,,,,,,,,
"OXAPAMPA_01_2020","OXAPAMPA_01_2020_P276",1,"potato","CIP316345.741","tubers",45.7737037037037,,TRUE,"doi:10.21223/B7HWWH",2676,FALSE,FALSE,"Peru","Oxapampa",FALSE,,,,,,,,
"OXAPAMPA_01_2020","OXAPAMPA_01_2020_P277",1,"potato","CIP316371.125","tubers",11.0294444444444,,TRUE,"doi:10.21223/B7HWWH",2677,FALSE,FALSE,"Peru","Oxapampa",FALSE,,,,,,,,
"OXAPAMPA_01_2020","OXAPAMPA_01_2020_P278",1,"potato","CIP316350.120","tubers",29.8861111111111,,TRUE,"doi:10.21223/B7HWWH",2678,FALSE,FALSE,"Peru","Oxapampa",FALSE,,,,,,,,
"OXAPAMPA_01_2020","OXAPAMPA_01_2020_P279",1,"potato","CIP316353.166","tubers",19.0198148148148,,TRUE,"doi:10.21223/B7HWWH",2679,FALSE,FALSE,"Peru","Oxapampa",FALSE,,,,,,,,
"OXAPAMPA_01_2020","OXAPAMPA_01_2020_P280",1,"potato","CIP304081.44","tubers",29.1851851851852,,TRUE,"doi:10.21223/B7HWWH",2680,FALSE,FALSE,"Peru","Oxapampa",FALSE,,,,,,,,
"OXAPAMPA_01_2020","OXAPAMPA_01_2020_P281",1,"potato","CIP316359.158","tubers",23.4242592592593,,TRUE,"doi:10.21223/B7HWWH",2681,FALSE,FALSE,"Peru","Oxapampa",FALSE,,,,,,,,
"OXAPAMPA_01_2020","OXAPAMPA_01_2020_P282",1,"potato","CIP316363.104","tubers",14.0818518518518,,TRUE,"doi:10.21223/B7HWWH",2682,FALSE,FALSE,"Peru","Oxapampa",FALSE,,,,,,,,
"OXAPAMPA_01_2020","OXAPAMPA_01_2020_P283",1,"potato","Kory","tubers",20.8168518518518,,TRUE,"doi:10.21223/B7HWWH",2683,FALSE,FALSE,"Peru","Oxapampa",FALSE,,,,,,,,
"OXAPAMPA_01_2020","OXAPAMPA_01_2020_P284",1,"potato","CIP316378.183","tubers",11.2631481481481,,TRUE,"doi:10.21223/B7HWWH",2684,FALSE,FALSE,"Peru","Oxapampa",FALSE,,,,,,,,
"OXAPAMPA_01_2020","OXAPAMPA_01_2020_P285",1,"potato","CIP316359.216","tubers",40.7037037037037,,TRUE,"doi:10.21223/B7HWWH",2685,FALSE,FALSE,"Peru","Oxapampa",FALSE,,,,,,,,
"OXAPAMPA_01_2020","OXAPAMPA_01_2020_P286",1,"potato","CIP316344.146","tubers",39.0740740740741,,TRUE,"doi:10.21223/B7HWWH",2686,FALSE,FALSE,"Peru","Oxapampa",FALSE,,,,,,,,
"OXAPAMPA_01_2020","OXAPAMPA_01_2020_P287",1,"potato","CIP316361.187","tubers",51.3012962962963,,TRUE,"doi:10.21223/B7HWWH",2687,FALSE,FALSE,"Peru","Oxapampa",FALSE,,,,,,,,
"OXAPAMPA_01_2020","OXAPAMPA_01_2020_P288",1,"potato","CIP316361.211","tubers",39.787962962963,,TRUE,"doi:10.21223/B7HWWH",2688,FALSE,FALSE,"Peru","Oxapampa",FALSE,,,,,,,,
"OXAPAMPA_01_2020","OXAPAMPA_01_2020_P289",1,"potato","CIP316353.514","tubers",17.2522222222222,,TRUE,"doi:10.21223/B7HWWH",2689,FALSE,FALSE,"Peru","Oxapampa",FALSE,,,,,,,,
"OXAPAMPA_01_2020","OXAPAMPA_01_2020_P290",1,"potato","CIP317029.443","tubers",25.087037037037,,TRUE,"doi:10.21223/B7HWWH",2690,FALSE,FALSE,"Peru","Oxapampa",FALSE,,,,,,,,
"OXAPAMPA_01_2020","OXAPAMPA_01_2020_P291",1,"potato","CIP316385.230","tubers",19.7642592592593,,TRUE,"doi:10.21223/B7HWWH",2691,FALSE,FALSE,"Peru","Oxapampa",FALSE,,,,,,,,
"OXAPAMPA_01_2020","OXAPAMPA_01_2020_P292",1,"potato","CIP316384.153","tubers",24.2626262626263,,TRUE,"doi:10.21223/B7HWWH",2692,FALSE,FALSE,"Peru","Oxapampa",FALSE,,,,,,,,
"OXAPAMPA_01_2020","OXAPAMPA_01_2020_P293",1,"potato","CIP316358.126","tubers",35.0788888888889,,TRUE,"doi:10.21223/B7HWWH",2693,FALSE,FALSE,"Peru","Oxapampa",FALSE,,,,,,,,
"OXAPAMPA_01_2020","OXAPAMPA_01_2020_P294",1,"potato","CIP316360.169","tubers",11.4700854700855,,TRUE,"doi:10.21223/B7HWWH",2694,FALSE,FALSE,"Peru","Oxapampa",FALSE,,,,,,,,
"OXAPAMPA_01_2020","OXAPAMPA_01_2020_P295",1,"potato","CIP316353.169","tubers",37.6296296296296,,TRUE,"doi:10.21223/B7HWWH",2695,FALSE,FALSE,"Peru","Oxapampa",FALSE,,,,,,,,
"OXAPAMPA_01_2020","OXAPAMPA_01_2020_P296",1,"potato","CIP316378.162","tubers",19.1818518518518,,TRUE,"doi:10.21223/B7HWWH",2696,FALSE,FALSE,"Peru","Oxapampa",FALSE,,,,,,,,
"OXAPAMPA_01_2020","OXAPAMPA_01_2020_P297",1,"potato","Yungay","tubers",10.1455555555556,,TRUE,"doi:10.21223/B7HWWH",2697,FALSE,FALSE,"Peru","Oxapampa",FALSE,,,,,,,,
"OXAPAMPA_01_2020","OXAPAMPA_01_2020_P298",1,"potato","CIP316348.179","tubers",36.4814814814815,,TRUE,"doi:10.21223/B7HWWH",2698,FALSE,FALSE,"Peru","Oxapampa",FALSE,,,,,,,,
"OXAPAMPA_01_2020","OXAPAMPA_01_2020_P299",1,"potato","CIP316348.246","tubers",14.0779727095517,,TRUE,"doi:10.21223/B7HWWH",2699,FALSE,FALSE,"Peru","Oxapampa",FALSE,,,,,,,,
"OXAPAMPA_01_2020","OXAPAMPA_01_2020_P300",1,"potato","CIP316378.134","tubers",21.622037037037,,TRUE,"doi:10.21223/B7HWWH",2700,FALSE,FALSE,"Peru","Oxapampa",FALSE,,,,,,,,
"OXAPAMPA_01_2020","OXAPAMPA_01_2020_P301",1,"potato","CIP316353.149","tubers",34.037037037037,,TRUE,"doi:10.21223/B7HWWH",2701,FALSE,FALSE,"Peru","Oxapampa",FALSE,,,,,,,,
"OXAPAMPA_01_2020","OXAPAMPA_01_2020_P302",1,"potato","Amarilis","tubers",16.577962962963,,TRUE,"doi:10.21223/B7HWWH",2702,FALSE,FALSE,"Peru","Oxapampa",FALSE,,,,,,,,
"OXAPAMPA_01_2020","OXAPAMPA_01_2020_P303",1,"potato","CIP316359.124","tubers",25.3324074074074,,TRUE,"doi:10.21223/B7HWWH",2703,FALSE,FALSE,"Peru","Oxapampa",FALSE,,,,,,,,
"OXAPAMPA_01_2020","OXAPAMPA_01_2020_P304",1,"potato","CIP316360.211","tubers",26.5800925925926,,TRUE,"doi:10.21223/B7HWWH",2704,FALSE,FALSE,"Peru","Oxapampa",FALSE,,,,,,,,
"OXAPAMPA_01_2020","OXAPAMPA_01_2020_P305",1,"potato","CIP316371.133","tubers",19.3703703703704,,TRUE,"doi:10.21223/B7HWWH",2705,FALSE,FALSE,"Peru","Oxapampa",FALSE,,,,,,,,
"OXAPAMPA_01_2020","OXAPAMPA_01_2020_P306",1,"potato","CIP316345.237","tubers",21.5025925925926,,TRUE,"doi:10.21223/B7HWWH",2706,FALSE,FALSE,"Peru","Oxapampa",FALSE,,,,,,,,
"OXAPAMPA_01_2020","OXAPAMPA_01_2020_P307",1,"potato","CIP316345.245","tubers",38.0602777777778,,TRUE,"doi:10.21223/B7HWWH",2707,FALSE,FALSE,"Peru","Oxapampa",FALSE,,,,,,,,
"OXAPAMPA_01_2020","OXAPAMPA_01_2020_P308",1,"potato","CIP316363.165","tubers",21.2811111111111,,TRUE,"doi:10.21223/B7HWWH",2708,FALSE,FALSE,"Peru","Oxapampa",FALSE,,,,,,,,
"OXAPAMPA_01_2020","OXAPAMPA_01_2020_P309",1,"potato","Kory","tubers",25.9881481481481,,TRUE,"doi:10.21223/B7HWWH",2709,FALSE,FALSE,"Peru","Oxapampa",FALSE,,,,,,,,
"OXAPAMPA_01_2020","OXAPAMPA_01_2020_P310",1,"potato","CIP316386.142","tubers",17.6936111111111,,TRUE,"doi:10.21223/B7HWWH",2710,FALSE,FALSE,"Peru","Oxapampa",FALSE,,,,,,,,
"OXAPAMPA_01_2020","OXAPAMPA_01_2020_P311",1,"potato","CIP316392.137","tubers",37.0109259259259,,TRUE,"doi:10.21223/B7HWWH",2711,FALSE,FALSE,"Peru","Oxapampa",FALSE,,,,,,,,
"OXAPAMPA_01_2020","OXAPAMPA_01_2020_P312",1,"potato","CIP317017.17","tubers",12.4307407407407,,TRUE,"doi:10.21223/B7HWWH",2712,FALSE,FALSE,"Peru","Oxapampa",FALSE,,,,,,,,
"OXAPAMPA_01_2020","OXAPAMPA_01_2020_P313",1,"potato","CIP316367.128","tubers",46.89,,TRUE,"doi:10.21223/B7HWWH",2713,FALSE,FALSE,"Peru","Oxapampa",FALSE,,,,,,,,
"OXAPAMPA_01_2020","OXAPAMPA_01_2020_P314",1,"potato","CIP316387.153","tubers",29.2387037037037,,TRUE,"doi:10.21223/B7HWWH",2714,FALSE,FALSE,"Peru","Oxapampa",FALSE,,,,,,,,
"OXAPAMPA_01_2020","OXAPAMPA_01_2020_P315",1,"potato","CIP316363.155","tubers",39.2111111111111,,TRUE,"doi:10.21223/B7HWWH",2715,FALSE,FALSE,"Peru","Oxapampa",FALSE,,,,,,,,
"OXAPAMPA_01_2020","OXAPAMPA_01_2020_P316",1,"potato","CIP316359.122","tubers",29.9000925925926,,TRUE,"doi:10.21223/B7HWWH",2716,FALSE,FALSE,"Peru","Oxapampa",FALSE,,,,,,,,
"OXAPAMPA_01_2020","OXAPAMPA_01_2020_P317",1,"potato","CIP316391.138","tubers",28.1007407407407,,TRUE,"doi:10.21223/B7HWWH",2717,FALSE,FALSE,"Peru","Oxapampa",FALSE,,,,,,,,
"OXAPAMPA_01_2020","OXAPAMPA_01_2020_P318",1,"potato","CIP316357.160","tubers",26.6603703703704,,TRUE,"doi:10.21223/B7HWWH",2718,FALSE,FALSE,"Peru","Oxapampa",FALSE,,,,,,,,
"OXAPAMPA_01_2020","OXAPAMPA_01_2020_P319",1,"potato","CIP316344.165","tubers",26.357962962963,,TRUE,"doi:10.21223/B7HWWH",2719,FALSE,FALSE,"Peru","Oxapampa",FALSE,,,,,,,,
"OXAPAMPA_01_2020","OXAPAMPA_01_2020_P320",1,"potato","CIP398098.570","tubers",28.2307407407407,,TRUE,"doi:10.21223/B7HWWH",2720,FALSE,FALSE,"Peru","Oxapampa",FALSE,,,,,,,,
"OXAPAMPA_01_2020","OXAPAMPA_01_2020_P321",1,"potato","CIP316350.136","tubers",28.7982407407407,,TRUE,"doi:10.21223/B7HWWH",2721,FALSE,FALSE,"Peru","Oxapampa",FALSE,,,,,,,,
"OXAPAMPA_01_2020","OXAPAMPA_01_2020_P322",1,"potato","CIP317017.65","tubers",8.97962962962963,,TRUE,"doi:10.21223/B7HWWH",2722,FALSE,FALSE,"Peru","Oxapampa",FALSE,,,,,,,,
"OXAPAMPA_01_2020","OXAPAMPA_01_2020_P323",1,"potato","CIP316357.206","tubers",54.2301851851852,,TRUE,"doi:10.21223/B7HWWH",2723,FALSE,FALSE,"Peru","Oxapampa",FALSE,,,,,,,,
"OXAPAMPA_01_2020","OXAPAMPA_01_2020_P324",1,"potato","CIP316367.164","tubers",33.9648148148148,,TRUE,"doi:10.21223/B7HWWH",2724,FALSE,FALSE,"Peru","Oxapampa",FALSE,,,,,,,,
"OXAPAMPA_01_2020","OXAPAMPA_01_2020_P325",1,"potato","CIP316386.168","tubers",13.6259259259259,,TRUE,"doi:10.21223/B7HWWH",2725,FALSE,FALSE,"Peru","Oxapampa",FALSE,,,,,,,,
"OXAPAMPA_01_2020","OXAPAMPA_01_2020_P326",1,"potato","CIP316366.120","tubers",48.1230555555556,,TRUE,"doi:10.21223/B7HWWH",2726,FALSE,FALSE,"Peru","Oxapampa",FALSE,,,,,,,,
"OXAPAMPA_01_2020","OXAPAMPA_01_2020_P327",1,"potato","CIP316367.137","tubers",32.0827777777778,,TRUE,"doi:10.21223/B7HWWH",2727,FALSE,FALSE,"Peru","Oxapampa",FALSE,,,,,,,,
"OXAPAMPA_01_2020","OXAPAMPA_01_2020_P328",1,"potato","Amarilis","tubers",10.531746031746,,TRUE,"doi:10.21223/B7HWWH",2728,FALSE,FALSE,"Peru","Oxapampa",FALSE,,,,,,,,
"OXAPAMPA_01_2020","OXAPAMPA_01_2020_P329",1,"potato","Yungay","tubers",4.38277777777778,,TRUE,"doi:10.21223/B7HWWH",2729,FALSE,FALSE,"Peru","Oxapampa",FALSE,,,,,,,,
"OXAPAMPA_01_2020","OXAPAMPA_01_2020_P330",1,"potato","CIP316360.182","tubers",28.4242592592593,,TRUE,"doi:10.21223/B7HWWH",2730,FALSE,FALSE,"Peru","Oxapampa",FALSE,,,,,,,,
"OXAPAMPA_01_2020","OXAPAMPA_01_2020_P331",1,"potato","CIP316363.102","tubers",35.8668518518518,,TRUE,"doi:10.21223/B7HWWH",2731,FALSE,FALSE,"Peru","Oxapampa",FALSE,,,,,,,,
"OXAPAMPA_01_2020","OXAPAMPA_01_2020_P332",1,"potato","Amarilis","tubers",13.3048148148148,,TRUE,"doi:10.21223/B7HWWH",2732,FALSE,FALSE,"Peru","Oxapampa",FALSE,,,,,,,,
"OXAPAMPA_01_2020","OXAPAMPA_01_2020_P333",1,"potato","CIP316390.107","tubers",45.1141666666667,,TRUE,"doi:10.21223/B7HWWH",2733,FALSE,FALSE,"Peru","Oxapampa",FALSE,,,,,,,,
"OXAPAMPA_01_2020","OXAPAMPA_01_2020_P334",1,"potato","CIP316387.104","tubers",26.5363888888889,,TRUE,"doi:10.21223/B7HWWH",2734,FALSE,FALSE,"Peru","Oxapampa",FALSE,,,,,,,,
"OXAPAMPA_01_2020","OXAPAMPA_01_2020_P335",1,"potato","CIP316365.146","tubers",19.1198148148148,,TRUE,"doi:10.21223/B7HWWH",2735,FALSE,FALSE,"Peru","Oxapampa",FALSE,,,,,,,,
"OXAPAMPA_01_2020","OXAPAMPA_01_2020_P336",1,"potato","Amarilis","tubers",11.8303703703704,,TRUE,"doi:10.21223/B7HWWH",2736,FALSE,FALSE,"Peru","Oxapampa",FALSE,,,,,,,,
"OXAPAMPA_01_2020","OXAPAMPA_01_2020_P337",1,"potato","CIP316348.223","tubers",35.0607407407407,,TRUE,"doi:10.21223/B7HWWH",2737,FALSE,FALSE,"Peru","Oxapampa",FALSE,,,,,,,,
"OXAPAMPA_01_2020","OXAPAMPA_01_2020_P338",1,"potato","Yungay","tubers",5.2512962962963,,TRUE,"doi:10.21223/B7HWWH",2738,FALSE,FALSE,"Peru","Oxapampa",FALSE,,,,,,,,
"OXAPAMPA_01_2020","OXAPAMPA_01_2020_P339",1,"potato","Yungay","tubers",5.21481481481481,,TRUE,"doi:10.21223/B7HWWH",2739,FALSE,FALSE,"Peru","Oxapampa",FALSE,,,,,,,,
"OXAPAMPA_01_2020","OXAPAMPA_01_2020_P340",1,"potato","CIP316348.165","tubers",23.5367592592593,,TRUE,"doi:10.21223/B7HWWH",2740,FALSE,FALSE,"Peru","Oxapampa",FALSE,,,,,,,,
"OXAPAMPA_01_2020","OXAPAMPA_01_2020_P341",1,"potato","CIP317015.469","tubers",8.11759259259259,,TRUE,"doi:10.21223/B7HWWH",2741,FALSE,FALSE,"Peru","Oxapampa",FALSE,,,,,,,,
"OXAPAMPA_01_2020","OXAPAMPA_01_2020_P342",1,"potato","CIP316353.173","tubers",41.2737037037037,,TRUE,"doi:10.21223/B7HWWH",2742,FALSE,FALSE,"Peru","Oxapampa",FALSE,,,,,,,,
"OXAPAMPA_01_2020","OXAPAMPA_01_2020_P343",1,"potato","CIP316359.165","tubers",20.2222222222222,,TRUE,"doi:10.21223/B7HWWH",2743,FALSE,FALSE,"Peru","Oxapampa",FALSE,,,,,,,,
"OXAPAMPA_01_2020","OXAPAMPA_01_2020_P344",1,"potato","CIP316360.159","tubers",26.3709259259259,,TRUE,"doi:10.21223/B7HWWH",2744,FALSE,FALSE,"Peru","Oxapampa",FALSE,,,,,,,,
"OXAPAMPA_01_2020","OXAPAMPA_01_2020_P345",1,"potato","CIP316352.184","tubers",26.445462962963,,TRUE,"doi:10.21223/B7HWWH",2745,FALSE,FALSE,"Peru","Oxapampa",FALSE,,,,,,,,
"OXAPAMPA_01_2020","OXAPAMPA_01_2020_P346",1,"potato","CIP316359.115","tubers",42.4282407407407,,TRUE,"doi:10.21223/B7HWWH",2746,FALSE,FALSE,"Peru","Oxapampa",FALSE,,,,,,,,
"OXAPAMPA_01_2020","OXAPAMPA_01_2020_P347",1,"potato","CIP316360.200","tubers",20.4622222222222,,TRUE,"doi:10.21223/B7HWWH",2747,FALSE,FALSE,"Peru","Oxapampa",FALSE,,,,,,,,
"OXAPAMPA_01_2020","OXAPAMPA_01_2020_P348",1,"potato","CIP316361.108","tubers",32.9658333333333,,TRUE,"doi:10.21223/B7HWWH",2748,FALSE,FALSE,"Peru","Oxapampa",FALSE,,,,,,,,
"OXAPAMPA_01_2020","OXAPAMPA_01_2020_P349",1,"potato","CIP316357.136","tubers",33.2408333333333,,TRUE,"doi:10.21223/B7HWWH",2749,FALSE,FALSE,"Peru","Oxapampa",FALSE,,,,,,,,
"OXAPAMPA_01_2020","OXAPAMPA_01_2020_P350",1,"potato","CIP316361.203","tubers",27.0042592592593,,TRUE,"doi:10.21223/B7HWWH",2750,FALSE,FALSE,"Peru","Oxapampa",FALSE,,,,,,,,
"OXAPAMPA_01_2020","OXAPAMPA_01_2020_P351",1,"potato","CIP316382.153","tubers",30.732037037037,,TRUE,"doi:10.21223/B7HWWH",2751,FALSE,FALSE,"Peru","Oxapampa",FALSE,,,,,,,,
"OXAPAMPA_01_2020","OXAPAMPA_01_2020_P352",1,"potato","CIP316385.111","tubers",34.7735185185185,,TRUE,"doi:10.21223/B7HWWH",2752,FALSE,FALSE,"Peru","Oxapampa",FALSE,,,,,,,,
"OXAPAMPA_01_2020","OXAPAMPA_01_2020_P353",1,"potato","CIP316390.126","tubers",24.4707407407407,,TRUE,"doi:10.21223/B7HWWH",2753,FALSE,FALSE,"Peru","Oxapampa",FALSE,,,,,,,,
"OXAPAMPA_01_2020","OXAPAMPA_01_2020_P354",1,"potato","CIP316360.230","tubers",41.1918518518519,,TRUE,"doi:10.21223/B7HWWH",2754,FALSE,FALSE,"Peru","Oxapampa",FALSE,,,,,,,,
"OXAPAMPA_01_2020","OXAPAMPA_01_2020_P355",1,"potato","CIP398203.5","tubers",25.0671296296296,,TRUE,"doi:10.21223/B7HWWH",2755,FALSE,FALSE,"Peru","Oxapampa",FALSE,,,,,,,,
"OXAPAMPA_01_2020","OXAPAMPA_01_2020_P356",1,"potato","CIP316371.139","tubers",21.377962962963,,TRUE,"doi:10.21223/B7HWWH",2756,FALSE,FALSE,"Peru","Oxapampa",FALSE,,,,,,,,
"OXAPAMPA_01_2020","OXAPAMPA_01_2020_P357",1,"potato","CIP316348.172","tubers",28.4753703703704,,TRUE,"doi:10.21223/B7HWWH",2757,FALSE,FALSE,"Peru","Oxapampa",FALSE,,,,,,,,
"OXAPAMPA_01_2020","OXAPAMPA_01_2020_P358",1,"potato","CIP316365.158","tubers",68.1492592592593,,TRUE,"doi:10.21223/B7HWWH",2758,FALSE,FALSE,"Peru","Oxapampa",FALSE,,,,,,,,
"OXAPAMPA_01_2020","OXAPAMPA_01_2020_P359",1,"potato","CIP316393.114","tubers",23.7358333333333,,TRUE,"doi:10.21223/B7HWWH",2759,FALSE,FALSE,"Peru","Oxapampa",FALSE,,,,,,,,
"OXAPAMPA_01_2020","OXAPAMPA_01_2020_P360",1,"potato","CIP316358.150","tubers",21.8516666666667,,TRUE,"doi:10.21223/B7HWWH",2760,FALSE,FALSE,"Peru","Oxapampa",FALSE,,,,,,,,
"OXAPAMPA_01_2020","OXAPAMPA_01_2020_P361",1,"potato","CIP316359.173","tubers",28.9850925925926,,TRUE,"doi:10.21223/B7HWWH",2761,FALSE,FALSE,"Peru","Oxapampa",FALSE,,,,,,,,
"OXAPAMPA_01_2020","OXAPAMPA_01_2020_P362",1,"potato","CIP316354.179","tubers",25.4467592592593,,TRUE,"doi:10.21223/B7HWWH",2762,FALSE,FALSE,"Peru","Oxapampa",FALSE,,,,,,,,
"OXAPAMPA_01_2020","OXAPAMPA_01_2020_P363",1,"potato","CIP316378.167","tubers",18.6375,,TRUE,"doi:10.21223/B7HWWH",2763,FALSE,FALSE,"Peru","Oxapampa",FALSE,,,,,,,,
"OXAPAMPA_01_2020","OXAPAMPA_01_2020_P364",1,"potato","CIP316363.174","tubers",36.7759259259259,,TRUE,"doi:10.21223/B7HWWH",2764,FALSE,FALSE,"Peru","Oxapampa",FALSE,,,,,,,,
"OXAPAMPA_01_2020","OXAPAMPA_01_2020_P365",1,"potato","CIP316359.159","tubers",32.4796296296296,,TRUE,"doi:10.21223/B7HWWH",2765,FALSE,FALSE,"Peru","Oxapampa",FALSE,,,,,,,,
"OXAPAMPA_01_2020","OXAPAMPA_01_2020_P366",1,"potato","CIP317015.457","tubers",23.2596296296296,,TRUE,"doi:10.21223/B7HWWH",2766,FALSE,FALSE,"Peru","Oxapampa",FALSE,,,,,,,,
"OXAPAMPA_01_2020","OXAPAMPA_01_2020_P367",1,"potato","Yungay","tubers",14.2926851851852,,TRUE,"doi:10.21223/B7HWWH",2767,FALSE,FALSE,"Peru","Oxapampa",FALSE,,,,,,,,
"OXAPAMPA_01_2020","OXAPAMPA_01_2020_P368",1,"potato","CIP316360.215","tubers",19.3899074074074,,TRUE,"doi:10.21223/B7HWWH",2768,FALSE,FALSE,"Peru","Oxapampa",FALSE,,,,,,,,
"OXAPAMPA_01_2020","OXAPAMPA_01_2020_P369",1,"potato","CIP316367.140","tubers",30.447962962963,,TRUE,"doi:10.21223/B7HWWH",2769,FALSE,FALSE,"Peru","Oxapampa",FALSE,,,,,,,,
"OXAPAMPA_01_2020","OXAPAMPA_01_2020_P370",1,"potato","CIP316359.171","tubers",26.882962962963,,TRUE,"doi:10.21223/B7HWWH",2770,FALSE,FALSE,"Peru","Oxapampa",FALSE,,,,,,,,
"OXAPAMPA_01_2020","OXAPAMPA_01_2020_P371",1,"potato","CIP316391.146","tubers",32.7011111111111,,TRUE,"doi:10.21223/B7HWWH",2771,FALSE,FALSE,"Peru","Oxapampa",FALSE,,,,,,,,
"OXAPAMPA_01_2020","OXAPAMPA_01_2020_P372",1,"potato","CIP316390.130","tubers",31.1266666666667,,TRUE,"doi:10.21223/B7HWWH",2772,FALSE,FALSE,"Peru","Oxapampa",FALSE,,,,,,,,
"OXAPAMPA_01_2020","OXAPAMPA_01_2020_P373",1,"potato","CIP316363.183","tubers",37.935,,TRUE,"doi:10.21223/B7HWWH",2773,FALSE,FALSE,"Peru","Oxapampa",FALSE,,,,,,,,
"OXAPAMPA_01_2020","OXAPAMPA_01_2020_P374",1,"potato","CIP316376.120","tubers",25.4394444444444,,TRUE,"doi:10.21223/B7HWWH",2774,FALSE,FALSE,"Peru","Oxapampa",FALSE,,,,,,,,
"OXAPAMPA_01_2020","OXAPAMPA_01_2020_P375",1,"potato","Yungay","tubers",9.83555555555555,,TRUE,"doi:10.21223/B7HWWH",2775,FALSE,FALSE,"Peru","Oxapampa",FALSE,,,,,,,,
"OXAPAMPA_01_2020","OXAPAMPA_01_2020_P376",1,"potato","CIP316359.227","tubers",37.63,,TRUE,"doi:10.21223/B7HWWH",2776,FALSE,FALSE,"Peru","Oxapampa",FALSE,,,,,,,,
"OXAPAMPA_01_2020","OXAPAMPA_01_2020_P377",1,"potato","CIP304079.10","tubers",27.0740740740741,,TRUE,"doi:10.21223/B7HWWH",2777,FALSE,FALSE,"Peru","Oxapampa",FALSE,,,,,,,,
"OXAPAMPA_01_2020","OXAPAMPA_01_2020_P378",1,"potato","CIP316385.144","tubers",16.8753703703704,,TRUE,"doi:10.21223/B7HWWH",2778,FALSE,FALSE,"Peru","Oxapampa",FALSE,,,,,,,,
"OXAPAMPA_01_2020","OXAPAMPA_01_2020_P379",1,"potato","Kory","tubers",24.1231481481481,,TRUE,"doi:10.21223/B7HWWH",2779,FALSE,FALSE,"Peru","Oxapampa",FALSE,,,,,,,,
"OXAPAMPA_01_2020","OXAPAMPA_01_2020_P380",1,"potato","CIP316379.114","tubers",18.8001851851852,,TRUE,"doi:10.21223/B7HWWH",2780,FALSE,FALSE,"Peru","Oxapampa",FALSE,,,,,,,,
"OXAPAMPA_01_2020","OXAPAMPA_01_2020_P381",1,"potato","CIP316344.106","tubers",13.6535185185185,,TRUE,"doi:10.21223/B7HWWH",2781,FALSE,FALSE,"Peru","Oxapampa",FALSE,,,,,,,,
"OXAPAMPA_01_2020","OXAPAMPA_01_2020_P382",1,"potato","CIP316367.102","tubers",24.7725925925926,,TRUE,"doi:10.21223/B7HWWH",2782,FALSE,FALSE,"Peru","Oxapampa",FALSE,,,,,,,,
"OXAPAMPA_01_2020","OXAPAMPA_01_2020_P383",1,"potato","CIP316363.103","tubers",22.3611111111111,,TRUE,"doi:10.21223/B7HWWH",2783,FALSE,FALSE,"Peru","Oxapampa",FALSE,,,,,,,,
"OXAPAMPA_01_2020","OXAPAMPA_01_2020_P384",1,"potato","CIP316370.143","tubers",22.0412962962963,,TRUE,"doi:10.21223/B7HWWH",2784,FALSE,FALSE,"Peru","Oxapampa",FALSE,,,,,,,,
"OXAPAMPA_01_2020","OXAPAMPA_01_2020_P385",1,"potato","CIP316352.182","tubers",19.4864814814815,,TRUE,"doi:10.21223/B7HWWH",2785,FALSE,FALSE,"Peru","Oxapampa",FALSE,,,,,,,,
"OXAPAMPA_01_2020","OXAPAMPA_01_2020_P386",1,"potato","CIP316361.158","tubers",33.2412962962963,,TRUE,"doi:10.21223/B7HWWH",2786,FALSE,FALSE,"Peru","Oxapampa",FALSE,,,,,,,,
"OXAPAMPA_01_2020","OXAPAMPA_01_2020_P387",1,"potato","Kory","tubers",21.6350925925926,,TRUE,"doi:10.21223/B7HWWH",2787,FALSE,FALSE,"Peru","Oxapampa",FALSE,,,,,,,,
"OXAPAMPA_01_2020","OXAPAMPA_01_2020_P388",1,"potato","CIP316377.169","tubers",18.8459259259259,,TRUE,"doi:10.21223/B7HWWH",2788,FALSE,FALSE,"Peru","Oxapampa",FALSE,,,,,,,,
"OXAPAMPA_01_2020","OXAPAMPA_01_2020_P389",1,"potato","CIP316348.244","tubers",13.015,,TRUE,"doi:10.21223/B7HWWH",2789,FALSE,FALSE,"Peru","Oxapampa",FALSE,,,,,,,,
"OXAPAMPA_01_2020","OXAPAMPA_01_2020_P390",1,"potato","CIP316387.187","tubers",30.064537037037,,TRUE,"doi:10.21223/B7HWWH",2790,FALSE,FALSE,"Peru","Oxapampa",FALSE,,,,,,,,
"OXAPAMPA_01_2020","OXAPAMPA_01_2020_P391",1,"potato","CIP398098.65","tubers",30.6124074074074,,TRUE,"doi:10.21223/B7HWWH",2791,FALSE,FALSE,"Peru","Oxapampa",FALSE,,,,,,,,
"OXAPAMPA_01_2020","OXAPAMPA_01_2020_P392",1,"potato","CIP316361.163","tubers",24.5112962962963,,TRUE,"doi:10.21223/B7HWWH",2792,FALSE,FALSE,"Peru","Oxapampa",FALSE,,,,,,,,
"OXAPAMPA_01_2020","OXAPAMPA_01_2020_P393",1,"potato","CIP316348.238","tubers",32.5225925925926,,TRUE,"doi:10.21223/B7HWWH",2793,FALSE,FALSE,"Peru","Oxapampa",FALSE,,,,,,,,
"OXAPAMPA_01_2020","OXAPAMPA_01_2020_P394",1,"potato","CIP316375.101","tubers",17.0705555555556,,TRUE,"doi:10.21223/B7HWWH",2794,FALSE,FALSE,"Peru","Oxapampa",FALSE,,,,,,,,
"OXAPAMPA_01_2020","OXAPAMPA_01_2020_P395",1,"potato","CIP316360.220","tubers",16.8838888888889,,TRUE,"doi:10.21223/B7HWWH",2795,FALSE,FALSE,"Peru","Oxapampa",FALSE,,,,,,,,
"OXAPAMPA_01_2020","OXAPAMPA_01_2020_P396",1,"potato","CIP316353.148","tubers",44.6940740740741,,TRUE,"doi:10.21223/B7HWWH",2796,FALSE,FALSE,"Peru","Oxapampa",FALSE,,,,,,,,
"OXAPAMPA_01_2020","OXAPAMPA_01_2020_P397",1,"potato","CIP316351.142","tubers",17.9583333333333,,TRUE,"doi:10.21223/B7HWWH",2797,FALSE,FALSE,"Peru","Oxapampa",FALSE,,,,,,,,
"OXAPAMPA_01_2020","OXAPAMPA_01_2020_P398",1,"potato","CIP316358.182","tubers",30.6576851851852,,TRUE,"doi:10.21223/B7HWWH",2798,FALSE,FALSE,"Peru","Oxapampa",FALSE,,,,,,,,
"OXAPAMPA_01_2020","OXAPAMPA_01_2020_P399",1,"potato","Yungay","tubers",3.30555555555555,,TRUE,"doi:10.21223/B7HWWH",2799,FALSE,FALSE,"Peru","Oxapampa",FALSE,,,,,,,,
"OXAPAMPA_01_2020","OXAPAMPA_01_2020_P400",1,"potato","CIP316353.719","tubers",30.1068518518519,,TRUE,"doi:10.21223/B7HWWH",2800,FALSE,FALSE,"Peru","Oxapampa",FALSE,,,,,,,,
"OXAPAMPA_01_2020","OXAPAMPA_01_2020_P401",1,"potato","CIP316361.156","tubers",34.0939814814815,,TRUE,"doi:10.21223/B7HWWH",2801,FALSE,FALSE,"Peru","Oxapampa",FALSE,,,,,,,,
"OXAPAMPA_01_2020","OXAPAMPA_01_2020_P402",1,"potato","CIP316354.153","tubers",27.2371296296296,,TRUE,"doi:10.21223/B7HWWH",2802,FALSE,FALSE,"Peru","Oxapampa",FALSE,,,,,,,,
"OXAPAMPA_01_2020","OXAPAMPA_01_2020_P403",1,"potato","Amarilis","tubers",16.0493827160494,,TRUE,"doi:10.21223/B7HWWH",2803,FALSE,FALSE,"Peru","Oxapampa",FALSE,,,,,,,,
"OXAPAMPA_01_2020","OXAPAMPA_01_2020_P404",1,"potato","CIP316348.208","tubers",36.7966903073286,,TRUE,"doi:10.21223/B7HWWH",2804,FALSE,FALSE,"Peru","Oxapampa",FALSE,,,,,,,,
"OXAPAMPA_01_2020","OXAPAMPA_01_2020_P405",1,"potato","CIP316353.741","tubers",31.9018518518519,,TRUE,"doi:10.21223/B7HWWH",2805,FALSE,FALSE,"Peru","Oxapampa",FALSE,,,,,,,,
"OXAPAMPA_01_2020","OXAPAMPA_01_2020_P406",1,"potato","CIP316353.111","tubers",42.9211111111111,,TRUE,"doi:10.21223/B7HWWH",2806,FALSE,FALSE,"Peru","Oxapampa",FALSE,,,,,,,,
"OXAPAMPA_01_2020","OXAPAMPA_01_2020_P407",1,"potato","CIP316357.196","tubers",28.3331481481481,,TRUE,"doi:10.21223/B7HWWH",2807,FALSE,FALSE,"Peru","Oxapampa",FALSE,,,,,,,,
"OXAPAMPA_01_2020","OXAPAMPA_01_2020_P408",1,"potato","CIP316367.148","tubers",49.2400925925926,,TRUE,"doi:10.21223/B7HWWH",2808,FALSE,FALSE,"Peru","Oxapampa",FALSE,,,,,,,,
"OXAPAMPA_01_2020","OXAPAMPA_01_2020_P409",1,"potato","CIP316361.110","tubers",22.5185185185185,,TRUE,"doi:10.21223/B7HWWH",2809,FALSE,FALSE,"Peru","Oxapampa",FALSE,,,,,,,,
"OXAPAMPA_01_2020","OXAPAMPA_01_2020_P410",1,"potato","CIP316360.212","tubers",34.2085185185185,,TRUE,"doi:10.21223/B7HWWH",2810,FALSE,FALSE,"Peru","Oxapampa",FALSE,,,,,,,,
"OXAPAMPA_01_2020","OXAPAMPA_01_2020_P411",1,"potato","CIP316358.145","tubers",40.5873148148148,,TRUE,"doi:10.21223/B7HWWH",2811,FALSE,FALSE,"Peru","Oxapampa",FALSE,,,,,,,,
"OXAPAMPA_01_2020","OXAPAMPA_01_2020_P412",1,"potato","CIP316371.198","tubers",33.2323232323232,,TRUE,"doi:10.21223/B7HWWH",2812,FALSE,FALSE,"Peru","Oxapampa",FALSE,,,,,,,,
"OXAPAMPA_01_2020","OXAPAMPA_01_2020_P413",1,"potato","CIP316361.246","tubers",31.3043518518519,,TRUE,"doi:10.21223/B7HWWH",2813,FALSE,FALSE,"Peru","Oxapampa",FALSE,,,,,,,,
"OXAPAMPA_01_2020","OXAPAMPA_01_2020_P414",1,"potato","CIP316360.248","tubers",35.7862962962963,,TRUE,"doi:10.21223/B7HWWH",2814,FALSE,FALSE,"Peru","Oxapampa",FALSE,,,,,,,,
"OXAPAMPA_01_2020","OXAPAMPA_01_2020_P415",1,"potato","CIP316360.156","tubers",20.897037037037,,TRUE,"doi:10.21223/B7HWWH",2815,FALSE,FALSE,"Peru","Oxapampa",FALSE,,,,,,,,
"OXAPAMPA_01_2020","OXAPAMPA_01_2020_P416",1,"potato","Amarilis","tubers",17.8076923076923,,TRUE,"doi:10.21223/B7HWWH",2816,FALSE,FALSE,"Peru","Oxapampa",FALSE,,,,,,,,
"OXAPAMPA_01_2020","OXAPAMPA_01_2020_P417",1,"potato","Amarilis","tubers",14.0642592592593,,TRUE,"doi:10.21223/B7HWWH",2817,FALSE,FALSE,"Peru","Oxapampa",FALSE,,,,,,,,
"OXAPAMPA_01_2020","OXAPAMPA_01_2020_P418",1,"potato","CIP316356.162","tubers",26.7415432098765,,TRUE,"doi:10.21223/B7HWWH",2818,FALSE,FALSE,"Peru","Oxapampa",FALSE,,,,,,,,
"OXAPAMPA_01_2020","OXAPAMPA_01_2020_P419",1,"potato","CIP316362.179","tubers",7.64777777777778,,TRUE,"doi:10.21223/B7HWWH",2819,FALSE,FALSE,"Peru","Oxapampa",FALSE,,,,,,,,
"OXAPAMPA_01_2020","OXAPAMPA_01_2020_P420",1,"potato","CIP316348.151","tubers",36.8088888888889,,TRUE,"doi:10.21223/B7HWWH",2820,FALSE,FALSE,"Peru","Oxapampa",FALSE,,,,,,,,
"OXAPAMPA_01_2020","OXAPAMPA_01_2020_P421",1,"potato","CIP316359.133","tubers",21.4644444444444,,TRUE,"doi:10.21223/B7HWWH",2821,FALSE,FALSE,"Peru","Oxapampa",FALSE,,,,,,,,
"OXAPAMPA_01_2020","OXAPAMPA_01_2020_P422",1,"potato","CIP316390.124","tubers",23.3125,,TRUE,"doi:10.21223/B7HWWH",2822,FALSE,FALSE,"Peru","Oxapampa",FALSE,,,,,,,,
"OXAPAMPA_01_2020","OXAPAMPA_01_2020_P423",1,"potato","CIP316359.107","tubers",26.5124074074074,,TRUE,"doi:10.21223/B7HWWH",2823,FALSE,FALSE,"Peru","Oxapampa",FALSE,,,,,,,,
"OXAPAMPA_01_2020","OXAPAMPA_01_2020_P424",1,"potato","CIP316361.153","tubers",33.6105555555555,,TRUE,"doi:10.21223/B7HWWH",2824,FALSE,FALSE,"Peru","Oxapampa",FALSE,,,,,,,,
"OXAPAMPA_01_2020","OXAPAMPA_01_2020_P425",1,"potato","CIP316360.155","tubers",38.6681481481481,,TRUE,"doi:10.21223/B7HWWH",2825,FALSE,FALSE,"Peru","Oxapampa",FALSE,,,,,,,,
"OXAPAMPA_01_2020","OXAPAMPA_01_2020_P426",1,"potato","CIP316361.222","tubers",48.8764814814815,,TRUE,"doi:10.21223/B7HWWH",2826,FALSE,FALSE,"Peru","Oxapampa",FALSE,,,,,,,,
"OXAPAMPA_01_2020","OXAPAMPA_01_2020_P427",1,"potato","CIP316353.501","tubers",29.7635185185185,,TRUE,"doi:10.21223/B7HWWH",2827,FALSE,FALSE,"Peru","Oxapampa",FALSE,,,,,,,,
"OXAPAMPA_01_2020","OXAPAMPA_01_2020_P428",1,"potato","CIP316367.117","tubers",44.2109259259259,,TRUE,"doi:10.21223/B7HWWH",2828,FALSE,FALSE,"Peru","Oxapampa",FALSE,,,,,,,,
"OXAPAMPA_01_2020","OXAPAMPA_01_2020_P429",1,"potato","CIP316357.146","tubers",40.3744444444444,,TRUE,"doi:10.21223/B7HWWH",2829,FALSE,FALSE,"Peru","Oxapampa",FALSE,,,,,,,,
"OXAPAMPA_01_2020","OXAPAMPA_01_2020_P430",1,"potato","CIP316385.149","tubers",15.9467592592593,,TRUE,"doi:10.21223/B7HWWH",2830,FALSE,FALSE,"Peru","Oxapampa",FALSE,,,,,,,,
"OXAPAMPA_01_2020","OXAPAMPA_01_2020_P431",1,"potato","CIP316366.137","tubers",30.7083333333333,,TRUE,"doi:10.21223/B7HWWH",2831,FALSE,FALSE,"Peru","Oxapampa",FALSE,,,,,,,,
"OXAPAMPA_01_2020","OXAPAMPA_01_2020_P432",1,"potato","CIP398098.203","tubers",36.8864814814815,,TRUE,"doi:10.21223/B7HWWH",2832,FALSE,FALSE,"Peru","Oxapampa",FALSE,,,,,,,,
"OXAPAMPA_01_2020","OXAPAMPA_01_2020_P433",1,"potato","CIP317016.471","tubers",11.6774074074074,,TRUE,"doi:10.21223/B7HWWH",2833,FALSE,FALSE,"Peru","Oxapampa",FALSE,,,,,,,,
"OXAPAMPA_01_2020","OXAPAMPA_01_2020_P434",1,"potato","CIP316353.165","tubers",38.5296296296296,,TRUE,"doi:10.21223/B7HWWH",2834,FALSE,FALSE,"Peru","Oxapampa",FALSE,,,,,,,,
"OXAPAMPA_01_2020","OXAPAMPA_01_2020_P435",1,"potato","CIP316362.152","tubers",30.1759259259259,,TRUE,"doi:10.21223/B7HWWH",2835,FALSE,FALSE,"Peru","Oxapampa",FALSE,,,,,,,,
"OXAPAMPA_01_2020","OXAPAMPA_01_2020_P436",1,"potato","CIP316373.238","tubers",25.33,,TRUE,"doi:10.21223/B7HWWH",2836,FALSE,FALSE,"Peru","Oxapampa",FALSE,,,,,,,,
"OXAPAMPA_01_2020","OXAPAMPA_01_2020_P437",1,"potato","CIP316389.142","tubers",25.552962962963,,TRUE,"doi:10.21223/B7HWWH",2837,FALSE,FALSE,"Peru","Oxapampa",FALSE,,,,,,,,
"OXAPAMPA_01_2020","OXAPAMPA_01_2020_P438",1,"potato","CIP316375.109","tubers",21.1272222222222,,TRUE,"doi:10.21223/B7HWWH",2838,FALSE,FALSE,"Peru","Oxapampa",FALSE,,,,,,,,
"OXAPAMPA_01_2020","OXAPAMPA_01_2020_P439",1,"potato","CIP316352.110","tubers",13.6598148148148,,TRUE,"doi:10.21223/B7HWWH",2839,FALSE,FALSE,"Peru","Oxapampa",FALSE,,,,,,,,
"OXAPAMPA_01_2020","OXAPAMPA_01_2020_P440",1,"potato","Amarilis","tubers",13.6840740740741,,TRUE,"doi:10.21223/B7HWWH",2840,FALSE,FALSE,"Peru","Oxapampa",FALSE,,,,,,,,
"OXAPAMPA_01_2020","OXAPAMPA_01_2020_P441",1,"potato","CIP316358.113","tubers",41.3964814814815,,TRUE,"doi:10.21223/B7HWWH",2841,FALSE,FALSE,"Peru","Oxapampa",FALSE,,,,,,,,
"OXAPAMPA_01_2020","OXAPAMPA_01_2020_P442",1,"potato","CIP316361.121","tubers",41.1111111111111,,TRUE,"doi:10.21223/B7HWWH",2842,FALSE,FALSE,"Peru","Oxapampa",FALSE,,,,,,,,
"OXAPAMPA_01_2020","OXAPAMPA_01_2020_P443",1,"potato","Kory","tubers",16.9181481481481,,TRUE,"doi:10.21223/B7HWWH",2843,FALSE,FALSE,"Peru","Oxapampa",FALSE,,,,,,,,
"OXAPAMPA_01_2020","OXAPAMPA_01_2020_P444",1,"potato","CIP316366.101","tubers",32.5185185185185,,TRUE,"doi:10.21223/B7HWWH",2844,FALSE,FALSE,"Peru","Oxapampa",FALSE,,,,,,,,
"OXAPAMPA_01_2020","OXAPAMPA_01_2020_P445",1,"potato","CIP316363.166","tubers",28.4759259259259,,TRUE,"doi:10.21223/B7HWWH",2845,FALSE,FALSE,"Peru","Oxapampa",FALSE,,,,,,,,
"OXAPAMPA_01_2020","OXAPAMPA_01_2020_P446",1,"potato","Yungay","tubers",3.7037037037037,,TRUE,"doi:10.21223/B7HWWH",2846,FALSE,FALSE,"Peru","Oxapampa",FALSE,,,,,,,,
"OXAPAMPA_01_2020","OXAPAMPA_01_2020_P447",1,"potato","CIP316385.164","tubers",21.8062962962963,,TRUE,"doi:10.21223/B7HWWH",2847,FALSE,FALSE,"Peru","Oxapampa",FALSE,,,,,,,,
"OXAPAMPA_01_2020","OXAPAMPA_01_2020_P448",1,"potato","CIP316378.153","tubers",15.9738888888889,,TRUE,"doi:10.21223/B7HWWH",2848,FALSE,FALSE,"Peru","Oxapampa",FALSE,,,,,,,,
"OXAPAMPA_01_2020","OXAPAMPA_01_2020_P449",1,"potato","CIP316348.239","tubers",36.6159259259259,,TRUE,"doi:10.21223/B7HWWH",2849,FALSE,FALSE,"Peru","Oxapampa",FALSE,,,,,,,,
"OXAPAMPA_01_2020","OXAPAMPA_01_2020_P450",1,"potato","Kory","tubers",11.8000925925926,,TRUE,"doi:10.21223/B7HWWH",2850,FALSE,FALSE,"Peru","Oxapampa",FALSE,,,,,,,,
"OXAPAMPA_01_2020","OXAPAMPA_01_2020_P451",1,"potato","CIP317016.492","tubers",22.983164983165,,TRUE,"doi:10.21223/B7HWWH",2851,FALSE,FALSE,"Peru","Oxapampa",FALSE,,,,,,,,
"OXAPAMPA_01_2020","OXAPAMPA_01_2020_P452",1,"potato","CIP316358.184","tubers",33.7146296296296,,TRUE,"doi:10.21223/B7HWWH",2852,FALSE,FALSE,"Peru","Oxapampa",FALSE,,,,,,,,
"OXAPAMPA_01_2020","OXAPAMPA_01_2020_P453",1,"potato","CIP316363.176","tubers",29.3009259259259,,TRUE,"doi:10.21223/B7HWWH",2853,FALSE,FALSE,"Peru","Oxapampa",FALSE,,,,,,,,
"OXAPAMPA_01_2020","OXAPAMPA_01_2020_P454",1,"potato","CIP316361.191","tubers",30.3657407407407,,TRUE,"doi:10.21223/B7HWWH",2854,FALSE,FALSE,"Peru","Oxapampa",FALSE,,,,,,,,
"OXAPAMPA_01_2020","OXAPAMPA_01_2020_P455",1,"potato","CIP398190.200","tubers",19.2240740740741,,TRUE,"doi:10.21223/B7HWWH",2855,FALSE,FALSE,"Peru","Oxapampa",FALSE,,,,,,,,
"OXAPAMPA_01_2020","OXAPAMPA_01_2020_P456",1,"potato","CIP316376.106","tubers",24.3838888888889,,TRUE,"doi:10.21223/B7HWWH",2856,FALSE,FALSE,"Peru","Oxapampa",FALSE,,,,,,,,
"OXAPAMPA_01_2020","OXAPAMPA_01_2020_P457",1,"potato","CIP316354.169","tubers",38.962962962963,,TRUE,"doi:10.21223/B7HWWH",2857,FALSE,FALSE,"Peru","Oxapampa",FALSE,,,,,,,,
"OXAPAMPA_01_2020","OXAPAMPA_01_2020_P458",1,"potato","CIP316353.733","tubers",19.2113289760349,,TRUE,"doi:10.21223/B7HWWH",2858,FALSE,FALSE,"Peru","Oxapampa",FALSE,,,,,,,,
"OXAPAMPA_01_2020","OXAPAMPA_01_2020_P459",1,"potato","CIP316382.149","tubers",29.4796296296296,,TRUE,"doi:10.21223/B7HWWH",2859,FALSE,FALSE,"Peru","Oxapampa",FALSE,,,,,,,,
"OXAPAMPA_01_2020","OXAPAMPA_01_2020_P460",1,"potato","Yungay","tubers",3.37037037037037,,TRUE,"doi:10.21223/B7HWWH",2860,FALSE,FALSE,"Peru","Oxapampa",FALSE,,,,,,,,
"OXAPAMPA_01_2020","OXAPAMPA_01_2020_P461",1,"potato","CIP316373.198","tubers",22.105,,TRUE,"doi:10.21223/B7HWWH",2861,FALSE,FALSE,"Peru","Oxapampa",FALSE,,,,,,,,
"OXAPAMPA_01_2020","OXAPAMPA_01_2020_P462",1,"potato","CIP316362.137","tubers",28.9365079365079,,TRUE,"doi:10.21223/B7HWWH",2862,FALSE,FALSE,"Peru","Oxapampa",FALSE,,,,,,,,
"OXAPAMPA_01_2020","OXAPAMPA_01_2020_P463",1,"potato","CIP316352.113","tubers",30.5053703703704,,TRUE,"doi:10.21223/B7HWWH",2863,FALSE,FALSE,"Peru","Oxapampa",FALSE,,,,,,,,
"OXAPAMPA_01_2020","OXAPAMPA_01_2020_P464",1,"potato","CIP316374.208","tubers",21.2492592592593,,TRUE,"doi:10.21223/B7HWWH",2864,FALSE,FALSE,"Peru","Oxapampa",FALSE,,,,,,,,
"OXAPAMPA_01_2020","OXAPAMPA_01_2020_P465",1,"potato","Yungay","tubers",9.31569664902998,,TRUE,"doi:10.21223/B7HWWH",2865,FALSE,FALSE,"Peru","Oxapampa",FALSE,,,,,,,,
"OXAPAMPA_01_2020","OXAPAMPA_01_2020_P466",1,"potato","CIP316365.165","tubers",24.5044444444444,,TRUE,"doi:10.21223/B7HWWH",2866,FALSE,FALSE,"Peru","Oxapampa",FALSE,,,,,,,,
"OXAPAMPA_01_2020","OXAPAMPA_01_2020_P467",1,"potato","CIP316358.154","tubers",46.3703703703704,,TRUE,"doi:10.21223/B7HWWH",2867,FALSE,FALSE,"Peru","Oxapampa",FALSE,,,,,,,,
"OXAPAMPA_01_2020","OXAPAMPA_01_2020_P468",1,"potato","CIP317015.449","tubers",13.2918518518519,,TRUE,"doi:10.21223/B7HWWH",2868,FALSE,FALSE,"Peru","Oxapampa",FALSE,,,,,,,,
"OXAPAMPA_01_2020","OXAPAMPA_01_2020_P469",1,"potato","Amarilis","tubers",10.8235185185185,,TRUE,"doi:10.21223/B7HWWH",2869,FALSE,FALSE,"Peru","Oxapampa",FALSE,,,,,,,,
"OXAPAMPA_01_2020","OXAPAMPA_01_2020_P470",1,"potato","CIP316359.169","tubers",27.0322222222222,,TRUE,"doi:10.21223/B7HWWH",2870,FALSE,FALSE,"Peru","Oxapampa",FALSE,,,,,,,,
"OXAPAMPA_01_2020","OXAPAMPA_01_2020_P471",1,"potato","CIP316356.142","tubers",18.0740740740741,,TRUE,"doi:10.21223/B7HWWH",2871,FALSE,FALSE,"Peru","Oxapampa",FALSE,,,,,,,,
"OXAPAMPA_01_2020","OXAPAMPA_01_2020_P472",1,"potato","CIP316361.231","tubers",36.0051851851852,,TRUE,"doi:10.21223/B7HWWH",2872,FALSE,FALSE,"Peru","Oxapampa",FALSE,,,,,,,,
"OXAPAMPA_01_2020","OXAPAMPA_01_2020_P473",1,"potato","CIP316373.249","tubers",33.9981481481481,,TRUE,"doi:10.21223/B7HWWH",2873,FALSE,FALSE,"Peru","Oxapampa",FALSE,,,,,,,,
"OXAPAMPA_01_2020","OXAPAMPA_01_2020_P474",1,"potato","CIP316370.116","tubers",42.6743518518519,,TRUE,"doi:10.21223/B7HWWH",2874,FALSE,FALSE,"Peru","Oxapampa",FALSE,,,,,,,,
"OXAPAMPA_01_2020","OXAPAMPA_01_2020_P475",1,"potato","CIP317016.478","tubers",6.78462962962963,,TRUE,"doi:10.21223/B7HWWH",2875,FALSE,FALSE,"Peru","Oxapampa",FALSE,,,,,,,,
"OXAPAMPA_01_2020","OXAPAMPA_01_2020_P476",1,"potato","CIP316349.189","tubers",28.2501341921632,,TRUE,"doi:10.21223/B7HWWH",2876,FALSE,FALSE,"Peru","Oxapampa",FALSE,,,,,,,,
"OXAPAMPA_01_2020","OXAPAMPA_01_2020_P477",1,"potato","CIP316352.166","tubers",24.2875078468299,,TRUE,"doi:10.21223/B7HWWH",2877,FALSE,FALSE,"Peru","Oxapampa",FALSE,,,,,,,,
"OXAPAMPA_01_2020","OXAPAMPA_01_2020_P478",1,"potato","CIP316357.207","tubers",31.6274074074074,,TRUE,"doi:10.21223/B7HWWH",2878,FALSE,FALSE,"Peru","Oxapampa",FALSE,,,,,,,,
"OXAPAMPA_01_2020","OXAPAMPA_01_2020_P479",1,"potato","CIP316360.235","tubers",24.1904761904762,,TRUE,"doi:10.21223/B7HWWH",2879,FALSE,FALSE,"Peru","Oxapampa",FALSE,,,,,,,,
"OXAPAMPA_01_2020","OXAPAMPA_01_2020_P480",1,"potato","Kory","tubers",12.8641975308642,,TRUE,"doi:10.21223/B7HWWH",2880,FALSE,FALSE,"Peru","Oxapampa",FALSE,,,,,,,,
"OXAPAMPA_01_2020","OXAPAMPA_01_2020_P481",1,"potato","CIP316353.130","tubers",40.4827777777778,,TRUE,"doi:10.21223/B7HWWH",2881,FALSE,FALSE,"Peru","Oxapampa",FALSE,,,,,,,,
"OXAPAMPA_01_2020","OXAPAMPA_01_2020_P482",1,"potato","CIP316344.189","tubers",15.5301851851852,,TRUE,"doi:10.21223/B7HWWH",2882,FALSE,FALSE,"Peru","Oxapampa",FALSE,,,,,,,,
"OXAPAMPA_01_2020","OXAPAMPA_01_2020_P483",1,"potato","CIP302534.1","tubers",16.4444444444444,,TRUE,"doi:10.21223/B7HWWH",2883,FALSE,FALSE,"Peru","Oxapampa",FALSE,,,,,,,,
"OXAPAMPA_01_2020","OXAPAMPA_01_2020_P484",1,"potato","CIP316359.249","tubers",12.9964814814815,,TRUE,"doi:10.21223/B7HWWH",2884,FALSE,FALSE,"Peru","Oxapampa",FALSE,,,,,,,,
"OXAPAMPA_01_2020","OXAPAMPA_01_2020_P485",1,"potato","CIP316353.134","tubers",27.0216666666667,,TRUE,"doi:10.21223/B7HWWH",2885,FALSE,FALSE,"Peru","Oxapampa",FALSE,,,,,,,,
"OXAPAMPA_01_2020","OXAPAMPA_01_2020_P486",1,"potato","CIP316392.111","tubers",42.0898148148148,,TRUE,"doi:10.21223/B7HWWH",2886,FALSE,FALSE,"Peru","Oxapampa",FALSE,,,,,,,,
"OXAPAMPA_01_2020","OXAPAMPA_01_2020_P487",1,"potato","CIP316368.159","tubers",26.5555555555556,,TRUE,"doi:10.21223/B7HWWH",2887,FALSE,FALSE,"Peru","Oxapampa",FALSE,,,,,,,,
"OXAPAMPA_01_2020","OXAPAMPA_01_2020_P488",1,"potato","Kory","tubers",19.237037037037,,TRUE,"doi:10.21223/B7HWWH",2888,FALSE,FALSE,"Peru","Oxapampa",FALSE,,,,,,,,
"OXAPAMPA_01_2020","OXAPAMPA_01_2020_P489",1,"potato","CIP316365.125","tubers",68.6157407407407,,TRUE,"doi:10.21223/B7HWWH",2889,FALSE,FALSE,"Peru","Oxapampa",FALSE,,,,,,,,
"OXAPAMPA_01_2020","OXAPAMPA_01_2020_P490",1,"potato","CIP316362.180","tubers",28.0035185185185,,TRUE,"doi:10.21223/B7HWWH",2890,FALSE,FALSE,"Peru","Oxapampa",FALSE,,,,,,,,
"OXAPAMPA_01_2020","OXAPAMPA_01_2020_P491",1,"potato","Kory","tubers",10.7,,TRUE,"doi:10.21223/B7HWWH",2891,FALSE,FALSE,"Peru","Oxapampa",FALSE,,,,,,,,
"OXAPAMPA_01_2020","OXAPAMPA_01_2020_P492",1,"potato","CIP316351.140","tubers",11.7037037037037,,TRUE,"doi:10.21223/B7HWWH",2892,FALSE,FALSE,"Peru","Oxapampa",FALSE,,,,,,,,
"OXAPAMPA_01_2020","OXAPAMPA_01_2020_P493",1,"potato","CIP316362.155","tubers",38,,TRUE,"doi:10.21223/B7HWWH",2893,FALSE,FALSE,"Peru","Oxapampa",FALSE,,,,,,,,
"OXAPAMPA_01_2020","OXAPAMPA_01_2020_P494",1,"potato","CIP316362.121","tubers",41.2222222222222,,TRUE,"doi:10.21223/B7HWWH",2894,FALSE,FALSE,"Peru","Oxapampa",FALSE,,,,,,,,
"OXAPAMPA_01_2020","OXAPAMPA_01_2020_P495",1,"potato","CIP317028.499","tubers",27.194743130227,,TRUE,"doi:10.21223/B7HWWH",2895,FALSE,FALSE,"Peru","Oxapampa",FALSE,,,,,,,,
"OXAPAMPA_01_2020","OXAPAMPA_01_2020_P496",1,"potato","CIP316362.134","tubers",36.1638608305275,,TRUE,"doi:10.21223/B7HWWH",2896,FALSE,FALSE,"Peru","Oxapampa",FALSE,,,,,,,,
"OXAPAMPA_01_2020","OXAPAMPA_01_2020_P497",1,"potato","CIP316361.241","tubers",41.9440740740741,,TRUE,"doi:10.21223/B7HWWH",2897,FALSE,FALSE,"Peru","Oxapampa",FALSE,,,,,,,,
"OXAPAMPA_01_2020","OXAPAMPA_01_2020_P498",1,"potato","Amarilis","tubers",16.4922222222222,,TRUE,"doi:10.21223/B7HWWH",2898,FALSE,FALSE,"Peru","Oxapampa",FALSE,,,,,,,,
"OXAPAMPA_01_2020","OXAPAMPA_01_2020_P499",1,"potato","CIP316385.178","tubers",35.0459770114942,,TRUE,"doi:10.21223/B7HWWH",2899,FALSE,FALSE,"Peru","Oxapampa",FALSE,,,,,,,,
"OXAPAMPA_01_2020","OXAPAMPA_01_2020_P500",1,"potato","CIP316350.145","tubers",28.4148148148148,,TRUE,"doi:10.21223/B7HWWH",2900,FALSE,FALSE,"Peru","Oxapampa",FALSE,,,,,,,,
"OXAPAMPA_01_2020","OXAPAMPA_01_2020_P501",1,"potato","CIP316361.117","tubers",38.466784244562,,TRUE,"doi:10.21223/B7HWWH",2901,FALSE,FALSE,"Peru","Oxapampa",FALSE,,,,,,,,
"OXAPAMPA_01_2020","OXAPAMPA_01_2020_P502",1,"potato","CIP316360.158","tubers",11.4505555555556,,TRUE,"doi:10.21223/B7HWWH",2902,FALSE,FALSE,"Peru","Oxapampa",FALSE,,,,,,,,
"OXAPAMPA_01_2020","OXAPAMPA_01_2020_P503",1,"potato","CIP316345.241","tubers",41.7037037037037,,TRUE,"doi:10.21223/B7HWWH",2903,FALSE,FALSE,"Peru","Oxapampa",FALSE,,,,,,,,
"OXAPAMPA_01_2020","OXAPAMPA_01_2020_P504",1,"potato","CIP316361.190","tubers",35.1724074074074,,TRUE,"doi:10.21223/B7HWWH",2904,FALSE,FALSE,"Peru","Oxapampa",FALSE,,,,,,,,
"OXAPAMPA_01_2020","OXAPAMPA_01_2020_P505",1,"potato","CIP316384.110","tubers",18.317738791423,,TRUE,"doi:10.21223/B7HWWH",2905,FALSE,FALSE,"Peru","Oxapampa",FALSE,,,,,,,,
"OXAPAMPA_01_2020","OXAPAMPA_01_2020_P506",1,"potato","CIP316365.140","tubers",49.005462962963,,TRUE,"doi:10.21223/B7HWWH",2906,FALSE,FALSE,"Peru","Oxapampa",FALSE,,,,,,,,
"OXAPAMPA_01_2020","OXAPAMPA_01_2020_P507",1,"potato","Amarilis","tubers",11.0493827160494,,TRUE,"doi:10.21223/B7HWWH",2907,FALSE,FALSE,"Peru","Oxapampa",FALSE,,,,,,,,
"OXAPAMPA_01_2020","OXAPAMPA_01_2020_P508",1,"potato","CIP316360.188","tubers",16.0185185185185,,TRUE,"doi:10.21223/B7HWWH",2908,FALSE,FALSE,"Peru","Oxapampa",FALSE,,,,,,,,
"OXAPAMPA_01_2020","OXAPAMPA_01_2020_P509",1,"potato","CIP317015.435","tubers",25.037037037037,,TRUE,"doi:10.21223/B7HWWH",2909,FALSE,FALSE,"Peru","Oxapampa",FALSE,,,,,,,,
"OXAPAMPA_01_2020","OXAPAMPA_01_2020_P510",1,"potato","CIP316370.137","tubers",10.675,,TRUE,"doi:10.21223/B7HWWH",2910,FALSE,FALSE,"Peru","Oxapampa",FALSE,,,,,,,,
"OXAPAMPA_01_2020","OXAPAMPA_01_2020_P511",1,"potato","CIP316367.124","tubers",34.6026234567901,,TRUE,"doi:10.21223/B7HWWH",2911,FALSE,FALSE,"Peru","Oxapampa",FALSE,,,,,,,,
"OXAPAMPA_01_2020","OXAPAMPA_01_2020_P512",1,"potato","CIP316353.125","tubers",20.8868518518518,,TRUE,"doi:10.21223/B7HWWH",2912,FALSE,FALSE,"Peru","Oxapampa",FALSE,,,,,,,,
"OXAPAMPA_01_2020","OXAPAMPA_01_2020_P513",1,"potato","CIP316384.143","tubers",18.9077777777778,,TRUE,"doi:10.21223/B7HWWH",2913,FALSE,FALSE,"Peru","Oxapampa",FALSE,,,,,,,,
"OXAPAMPA_01_2020","OXAPAMPA_01_2020_P514",1,"potato","CIP316382.109","tubers",34.7777777777778,,TRUE,"doi:10.21223/B7HWWH",2914,FALSE,FALSE,"Peru","Oxapampa",FALSE,,,,,,,,
"OXAPAMPA_01_2020","OXAPAMPA_01_2020_P515",1,"potato","CIP316357.216","tubers",16.3342830009497,,TRUE,"doi:10.21223/B7HWWH",2915,FALSE,FALSE,"Peru","Oxapampa",FALSE,,,,,,,,
"OXAPAMPA_01_2020","OXAPAMPA_01_2020_P516",1,"potato","CIP316353.109","tubers",15.6172839506173,,TRUE,"doi:10.21223/B7HWWH",2916,FALSE,FALSE,"Peru","Oxapampa",FALSE,,,,,,,,
"OXAPAMPA_01_2020","OXAPAMPA_01_2020_P517",1,"potato","CIP316389.131","tubers",10.8998148148148,,TRUE,"doi:10.21223/B7HWWH",2917,FALSE,FALSE,"Peru","Oxapampa",FALSE,,,,,,,,
"OXAPAMPA_01_2020","OXAPAMPA_01_2020_P518",1,"potato","CIP316360.116","tubers",42.2962962962963,,TRUE,"doi:10.21223/B7HWWH",2918,FALSE,FALSE,"Peru","Oxapampa",FALSE,,,,,,,,
"OXAPAMPA_01_2020","OXAPAMPA_01_2020_P519",1,"potato","CIP316362.167","tubers",20.0388888888889,,TRUE,"doi:10.21223/B7HWWH",2919,FALSE,FALSE,"Peru","Oxapampa",FALSE,,,,,,,,
"OXAPAMPA_01_2020","OXAPAMPA_01_2020_P520",1,"potato","CIP316358.223","tubers",38.8888888888889,,TRUE,"doi:10.21223/B7HWWH",2920,FALSE,FALSE,"Peru","Oxapampa",FALSE,,,,,,,,
"OXAPAMPA_01_2020","OXAPAMPA_01_2020_P521",1,"potato","CIP316353.144","tubers",17.2228703703704,,TRUE,"doi:10.21223/B7HWWH",2921,FALSE,FALSE,"Peru","Oxapampa",FALSE,,,,,,,,
"OXAPAMPA_01_2020","OXAPAMPA_01_2020_P522",1,"potato","CIP316387.156","tubers",28.0316666666667,,TRUE,"doi:10.21223/B7HWWH",2922,FALSE,FALSE,"Peru","Oxapampa",FALSE,,,,,,,,
"OXAPAMPA_01_2020","OXAPAMPA_01_2020_P523",1,"potato","CIP317017.26","tubers",13.6196296296296,,TRUE,"doi:10.21223/B7HWWH",2923,FALSE,FALSE,"Peru","Oxapampa",FALSE,,,,,,,,
"OXAPAMPA_01_2020","OXAPAMPA_01_2020_P524",1,"potato","CIP316386.141","tubers",31.8888888888889,,TRUE,"doi:10.21223/B7HWWH",2924,FALSE,FALSE,"Peru","Oxapampa",FALSE,,,,,,,,
"OXAPAMPA_01_2020","OXAPAMPA_01_2020_P525",1,"potato","Amarilis","tubers",11.3337037037037,,TRUE,"doi:10.21223/B7HWWH",2925,FALSE,FALSE,"Peru","Oxapampa",FALSE,,,,,,,,
"OXAPAMPA_01_2020","OXAPAMPA_01_2020_P526",1,"potato","CIP316360.168","tubers",29.5577777777778,,TRUE,"doi:10.21223/B7HWWH",2926,FALSE,FALSE,"Peru","Oxapampa",FALSE,,,,,,,,
"OXAPAMPA_01_2020","OXAPAMPA_01_2020_P527",1,"potato","CIP316371.104","tubers",30.2116666666667,,TRUE,"doi:10.21223/B7HWWH",2927,FALSE,FALSE,"Peru","Oxapampa",FALSE,,,,,,,,
"OXAPAMPA_01_2020","OXAPAMPA_01_2020_P528",1,"potato","CIP316358.136","tubers",27.3444444444444,,TRUE,"doi:10.21223/B7HWWH",2928,FALSE,FALSE,"Peru","Oxapampa",FALSE,,,,,,,,
"OXAPAMPA_01_2020","OXAPAMPA_01_2020_P529",1,"potato","CIP316363.140","tubers",26.4744444444444,,TRUE,"doi:10.21223/B7HWWH",2929,FALSE,FALSE,"Peru","Oxapampa",FALSE,,,,,,,,
"OXAPAMPA_01_2020","OXAPAMPA_01_2020_P530",1,"potato","CIP398180.289","tubers",43.4444444444444,,TRUE,"doi:10.21223/B7HWWH",2930,FALSE,FALSE,"Peru","Oxapampa",FALSE,,,,,,,,
"OXAPAMPA_01_2020","OXAPAMPA_01_2020_P531",1,"potato","Amarilis","tubers",14.5411111111111,,TRUE,"doi:10.21223/B7HWWH",2931,FALSE,FALSE,"Peru","Oxapampa",FALSE,,,,,,,,
"OXAPAMPA_01_2020","OXAPAMPA_01_2020_P532",1,"potato","CIP316360.152","tubers",30.9292592592593,,TRUE,"doi:10.21223/B7HWWH",2932,FALSE,FALSE,"Peru","Oxapampa",FALSE,,,,,,,,
"OXAPAMPA_01_2020","OXAPAMPA_01_2020_P533",1,"potato","CIP316346.204","tubers",44.8518518518518,,TRUE,"doi:10.21223/B7HWWH",2933,FALSE,FALSE,"Peru","Oxapampa",FALSE,,,,,,,,
"OXAPAMPA_01_2020","OXAPAMPA_01_2020_P534",1,"potato","CIP317011.409","tubers",20.1394444444444,,TRUE,"doi:10.21223/B7HWWH",2934,FALSE,FALSE,"Peru","Oxapampa",FALSE,,,,,,,,
"OXAPAMPA_01_2020","OXAPAMPA_01_2020_P535",1,"potato","CIP316386.104","tubers",34.2592592592593,,TRUE,"doi:10.21223/B7HWWH",2935,FALSE,FALSE,"Peru","Oxapampa",FALSE,,,,,,,,
"OXAPAMPA_01_2020","OXAPAMPA_01_2020_P536",1,"potato","Kory","tubers",20.9425925925926,,TRUE,"doi:10.21223/B7HWWH",2936,FALSE,FALSE,"Peru","Oxapampa",FALSE,,,,,,,,
"OXAPAMPA_01_2020","OXAPAMPA_01_2020_P537",1,"potato","CIP316349.166","tubers",38.5222222222222,,TRUE,"doi:10.21223/B7HWWH",2937,FALSE,FALSE,"Peru","Oxapampa",FALSE,,,,,,,,
"OXAPAMPA_01_2020","OXAPAMPA_01_2020_P538",1,"potato","CIP316371.141","tubers",13.8353909465021,,TRUE,"doi:10.21223/B7HWWH",2938,FALSE,FALSE,"Peru","Oxapampa",FALSE,,,,,,,,
"OXAPAMPA_01_2020","OXAPAMPA_01_2020_P539",1,"potato","CIP316361.101","tubers",33.4074074074074,,TRUE,"doi:10.21223/B7HWWH",2939,FALSE,FALSE,"Peru","Oxapampa",FALSE,,,,,,,,
"OXAPAMPA_01_2020","OXAPAMPA_01_2020_P540",1,"potato","Kory","tubers",18.0937037037037,,TRUE,"doi:10.21223/B7HWWH",2940,FALSE,FALSE,"Peru","Oxapampa",FALSE,,,,,,,,
"OXAPAMPA_01_2020","OXAPAMPA_01_2020_P541",1,"potato","CIP398192.213","tubers",14.6976851851852,,TRUE,"doi:10.21223/B7HWWH",2941,FALSE,FALSE,"Peru","Oxapampa",FALSE,,,,,,,,
"OXAPAMPA_01_2020","OXAPAMPA_01_2020_P542",1,"potato","CIP316345.714","tubers",29.4814814814815,,TRUE,"doi:10.21223/B7HWWH",2942,FALSE,FALSE,"Peru","Oxapampa",FALSE,,,,,,,,
"OXAPAMPA_01_2020","OXAPAMPA_01_2020_P543",1,"potato","CIP316353.152","tubers",26.7319444444444,,TRUE,"doi:10.21223/B7HWWH",2943,FALSE,FALSE,"Peru","Oxapampa",FALSE,,,,,,,,
"OXAPAMPA_01_2020","OXAPAMPA_01_2020_P544",1,"potato","CIP316345.726","tubers",19.0612962962963,,TRUE,"doi:10.21223/B7HWWH",2944,FALSE,FALSE,"Peru","Oxapampa",FALSE,,,,,,,,
"OXAPAMPA_01_2020","OXAPAMPA_01_2020_P545",1,"potato","CIP316366.136","tubers",19.8398148148148,,TRUE,"doi:10.21223/B7HWWH",2945,FALSE,FALSE,"Peru","Oxapampa",FALSE,,,,,,,,
"OXAPAMPA_01_2020","OXAPAMPA_01_2020_P546",1,"potato","CIP316360.241","tubers",44.6296296296296,,TRUE,"doi:10.21223/B7HWWH",2946,FALSE,FALSE,"Peru","Oxapampa",FALSE,,,,,,,,
"OXAPAMPA_01_2020","OXAPAMPA_01_2020_P547",1,"potato","CIP316356.158","tubers",20.9602777777778,,TRUE,"doi:10.21223/B7HWWH",2947,FALSE,FALSE,"Peru","Oxapampa",FALSE,,,,,,,,
"OXAPAMPA_01_2020","OXAPAMPA_01_2020_P548",1,"potato","CIP316361.185","tubers",27.9048148148148,,TRUE,"doi:10.21223/B7HWWH",2948,FALSE,FALSE,"Peru","Oxapampa",FALSE,,,,,,,,
"OXAPAMPA_01_2020","OXAPAMPA_01_2020_P549",1,"potato","CIP316361.196","tubers",13.3058333333333,,TRUE,"doi:10.21223/B7HWWH",2949,FALSE,FALSE,"Peru","Oxapampa",FALSE,,,,,,,,
"OXAPAMPA_01_2020","OXAPAMPA_01_2020_P550",1,"potato","CIP316353.411","tubers",35.8068783068783,,TRUE,"doi:10.21223/B7HWWH",2950,FALSE,FALSE,"Peru","Oxapampa",FALSE,,,,,,,,
"OXAPAMPA_01_2020","OXAPAMPA_01_2020_P551",1,"potato","Kory","tubers",22.2585185185185,,TRUE,"doi:10.21223/B7HWWH",2951,FALSE,FALSE,"Peru","Oxapampa",FALSE,,,,,,,,
"OXAPAMPA_01_2020","OXAPAMPA_01_2020_P552",1,"potato","CIP316355.157","tubers",27.6151761517615,,TRUE,"doi:10.21223/B7HWWH",2952,FALSE,FALSE,"Peru","Oxapampa",FALSE,,,,,,,,
"OXAPAMPA_01_2020","OXAPAMPA_01_2020_P553",1,"potato","CIP316385.138","tubers",17.02,,TRUE,"doi:10.21223/B7HWWH",2953,FALSE,FALSE,"Peru","Oxapampa",FALSE,,,,,,,,
"OXAPAMPA_01_2020","OXAPAMPA_01_2020_P554",1,"potato","CIP316365.133","tubers",39.1030092592593,,TRUE,"doi:10.21223/B7HWWH",2954,FALSE,FALSE,"Peru","Oxapampa",FALSE,,,,,,,,
"OXAPAMPA_01_2020","OXAPAMPA_01_2020_P555",1,"potato","CIP316390.138","tubers",18.3950617283951,,TRUE,"doi:10.21223/B7HWWH",2955,FALSE,FALSE,"Peru","Oxapampa",FALSE,,,,,,,,
"OXAPAMPA_01_2020","OXAPAMPA_01_2020_P556",1,"potato","Yungay","tubers",18.8759259259259,,TRUE,"doi:10.21223/B7HWWH",2956,FALSE,FALSE,"Peru","Oxapampa",FALSE,,,,,,,,
"OXAPAMPA_01_2020","OXAPAMPA_01_2020_P557",1,"potato","CIP316367.151","tubers",21.0668877833057,,TRUE,"doi:10.21223/B7HWWH",2957,FALSE,FALSE,"Peru","Oxapampa",FALSE,,,,,,,,
"OXAPAMPA_01_2020","OXAPAMPA_01_2020_P558",1,"potato","CIP316352.125","tubers",39.6054131054131,,TRUE,"doi:10.21223/B7HWWH",2958,FALSE,FALSE,"Peru","Oxapampa",FALSE,,,,,,,,
"OXAPAMPA_01_2020","OXAPAMPA_01_2020_P559",1,"potato","CIP316348.178","tubers",42.1851851851852,,TRUE,"doi:10.21223/B7HWWH",2959,FALSE,FALSE,"Peru","Oxapampa",FALSE,,,,,,,,
"OXAPAMPA_01_2020","OXAPAMPA_01_2020_P560",1,"potato","CIP316353.101","tubers",24.5845410628019,,TRUE,"doi:10.21223/B7HWWH",2960,FALSE,FALSE,"Peru","Oxapampa",FALSE,,,,,,,,
"OXAPAMPA_01_2020","OXAPAMPA_01_2020_P561",1,"potato","CIP317016.431","tubers",13.8938938938939,,TRUE,"doi:10.21223/B7HWWH",2961,FALSE,FALSE,"Peru","Oxapampa",FALSE,,,,,,,,
"OXAPAMPA_01_2020","OXAPAMPA_01_2020_P562",1,"potato","CIP316360.199","tubers",16.4983164983165,,TRUE,"doi:10.21223/B7HWWH",2962,FALSE,FALSE,"Peru","Oxapampa",FALSE,,,,,,,,
"OXAPAMPA_01_2020","OXAPAMPA_01_2020_P563",1,"potato","CIP316361.202","tubers",50.2190923317684,,TRUE,"doi:10.21223/B7HWWH",2963,FALSE,FALSE,"Peru","Oxapampa",FALSE,,,,,,,,
"OXAPAMPA_01_2020","OXAPAMPA_01_2020_P564",1,"potato","Amarilis","tubers",8.70899470899471,,TRUE,"doi:10.21223/B7HWWH",2964,FALSE,FALSE,"Peru","Oxapampa",FALSE,,,,,,,,
"OXAPAMPA_01_2020","OXAPAMPA_01_2020_P565",1,"potato","Yungay","tubers",7.28395061728395,,TRUE,"doi:10.21223/B7HWWH",2965,FALSE,FALSE,"Peru","Oxapampa",FALSE,,,,,,,,
"OXAPAMPA_01_2020","OXAPAMPA_01_2020_P566",1,"potato","CIP316377.127","tubers",24.4911111111111,,TRUE,"doi:10.21223/B7HWWH",2966,FALSE,FALSE,"Peru","Oxapampa",FALSE,,,,,,,,
"OXAPAMPA_01_2020","OXAPAMPA_01_2020_P567",1,"potato","CIP316371.166","tubers",15.8951851851852,,TRUE,"doi:10.21223/B7HWWH",2967,FALSE,FALSE,"Peru","Oxapampa",FALSE,,,,,,,,
"OXAPAMPA_01_2020","OXAPAMPA_01_2020_P568",1,"potato","CIP316360.213","tubers",14.4444444444444,,TRUE,"doi:10.21223/B7HWWH",2968,FALSE,FALSE,"Peru","Oxapampa",FALSE,,,,,,,,
"OXAPAMPA_01_2020","OXAPAMPA_01_2020_P569",1,"potato","CIP316389.146","tubers",24.9988776655443,,TRUE,"doi:10.21223/B7HWWH",2969,FALSE,FALSE,"Peru","Oxapampa",FALSE,,,,,,,,
"OXAPAMPA_01_2020","OXAPAMPA_01_2020_P570",1,"potato","CIP316353.432","tubers",24.8333333333333,,TRUE,"doi:10.21223/B7HWWH",2970,FALSE,FALSE,"Peru","Oxapampa",FALSE,,,,,,,,
"OXAPAMPA_01_2020","OXAPAMPA_01_2020_P571",1,"potato","CIP316379.149","tubers",16.0648148148148,,TRUE,"doi:10.21223/B7HWWH",2971,FALSE,FALSE,"Peru","Oxapampa",FALSE,,,,,,,,
"OXAPAMPA_01_2020","OXAPAMPA_01_2020_P572",1,"potato","CIP316382.179","tubers",33.037037037037,,TRUE,"doi:10.21223/B7HWWH",2972,FALSE,FALSE,"Peru","Oxapampa",FALSE,,,,,,,,
"OXAPAMPA_01_2020","OXAPAMPA_01_2020_P573",1,"potato","CIP316367.134","tubers",42.0940740740741,,TRUE,"doi:10.21223/B7HWWH",2973,FALSE,FALSE,"Peru","Oxapampa",FALSE,,,,,,,,
"OXAPAMPA_01_2020","OXAPAMPA_01_2020_P574",1,"potato","Amarilis","tubers",5.4962962962963,,TRUE,"doi:10.21223/B7HWWH",2974,FALSE,FALSE,"Peru","Oxapampa",FALSE,,,,,,,,
"OXAPAMPA_01_2020","OXAPAMPA_01_2020_P575",1,"potato","CIP316384.146","tubers",24.3703703703704,,TRUE,"doi:10.21223/B7HWWH",2975,FALSE,FALSE,"Peru","Oxapampa",FALSE,,,,,,,,
"OXAPAMPA_01_2020","OXAPAMPA_01_2020_P576",1,"potato","Kory","tubers",12.4759653270292,,TRUE,"doi:10.21223/B7HWWH",2976,FALSE,FALSE,"Peru","Oxapampa",FALSE,,,,,,,,
"OXAPAMPA_01_2020","OXAPAMPA_01_2020_P577",1,"potato","CIP316367.194","tubers",42.0644444444444,,TRUE,"doi:10.21223/B7HWWH",2977,FALSE,FALSE,"Peru","Oxapampa",FALSE,,,,,,,,
"OXAPAMPA_01_2020","OXAPAMPA_01_2020_P578",1,"potato","CIP316361.184","tubers",17.9491666666667,,TRUE,"doi:10.21223/B7HWWH",2978,FALSE,FALSE,"Peru","Oxapampa",FALSE,,,,,,,,
"OXAPAMPA_01_2020","OXAPAMPA_01_2020_P579",1,"potato","CIP398208.670","tubers",9.55574074074074,,TRUE,"doi:10.21223/B7HWWH",2979,FALSE,FALSE,"Peru","Oxapampa",FALSE,,,,,,,,
"OXAPAMPA_01_2020","OXAPAMPA_01_2020_P580",1,"potato","CIP316364.136","tubers",28.8275925925926,,TRUE,"doi:10.21223/B7HWWH",2980,FALSE,FALSE,"Peru","Oxapampa",FALSE,,,,,,,,
"OXAPAMPA_01_2020","OXAPAMPA_01_2020_P581",1,"potato","CIP316358.214","tubers",54.4099913867356,,TRUE,"doi:10.21223/B7HWWH",2981,FALSE,FALSE,"Peru","Oxapampa",FALSE,,,,,,,,
"OXAPAMPA_01_2020","OXAPAMPA_01_2020_P582",1,"potato","CIP316358.144","tubers",19.6981481481481,,TRUE,"doi:10.21223/B7HWWH",2982,FALSE,FALSE,"Peru","Oxapampa",FALSE,,,,,,,,
"OXAPAMPA_01_2020","OXAPAMPA_01_2020_P583",1,"potato","CIP316360.177","tubers",14.4444444444444,,TRUE,"doi:10.21223/B7HWWH",2983,FALSE,FALSE,"Peru","Oxapampa",FALSE,,,,,,,,
"OXAPAMPA_01_2020","OXAPAMPA_01_2020_P584",1,"potato","CIP317017.85","tubers",5.79046296296296,,TRUE,"doi:10.21223/B7HWWH",2984,FALSE,FALSE,"Peru","Oxapampa",FALSE,,,,,,,,
"OXAPAMPA_01_2020","OXAPAMPA_01_2020_P585",1,"potato","CIP316361.152","tubers",32.3789814814815,,TRUE,"doi:10.21223/B7HWWH",2985,FALSE,FALSE,"Peru","Oxapampa",FALSE,,,,,,,,
"OXAPAMPA_01_2020","OXAPAMPA_01_2020_P586",1,"potato","Yungay","tubers",11.972037037037,,TRUE,"doi:10.21223/B7HWWH",2986,FALSE,FALSE,"Peru","Oxapampa",FALSE,,,,,,,,
"OXAPAMPA_01_2020","OXAPAMPA_01_2020_P587",1,"potato","CIP316358.103","tubers",36.0335185185185,,TRUE,"doi:10.21223/B7HWWH",2987,FALSE,FALSE,"Peru","Oxapampa",FALSE,,,,,,,,
"OXAPAMPA_01_2020","OXAPAMPA_01_2020_P588",1,"potato","CIP316384.142","tubers",13.0366666666667,,TRUE,"doi:10.21223/B7HWWH",2988,FALSE,FALSE,"Peru","Oxapampa",FALSE,,,,,,,,
"OXAPAMPA_01_2020","OXAPAMPA_01_2020_P589",1,"potato","CIP316358.174","tubers",39.9364814814815,,TRUE,"doi:10.21223/B7HWWH",2989,FALSE,FALSE,"Peru","Oxapampa",FALSE,,,,,,,,
"OXAPAMPA_01_2020","OXAPAMPA_01_2020_P590",1,"potato","CIP316359.199","tubers",30.4444444444444,,TRUE,"doi:10.21223/B7HWWH",2990,FALSE,FALSE,"Peru","Oxapampa",FALSE,,,,,,,,
"OXAPAMPA_01_2020","OXAPAMPA_01_2020_P591",1,"potato","CIP316350.108","tubers",17.2699074074074,,TRUE,"doi:10.21223/B7HWWH",2991,FALSE,FALSE,"Peru","Oxapampa",FALSE,,,,,,,,
"OXAPAMPA_01_2020","OXAPAMPA_01_2020_P592",1,"potato","CIP316344.158","tubers",25.037037037037,,TRUE,"doi:10.21223/B7HWWH",2992,FALSE,FALSE,"Peru","Oxapampa",FALSE,,,,,,,,
"OXAPAMPA_01_2020","OXAPAMPA_01_2020_P593",1,"potato","CIP316367.104","tubers",25.0703703703704,,TRUE,"doi:10.21223/B7HWWH",2993,FALSE,FALSE,"Peru","Oxapampa",FALSE,,,,,,,,
"OXAPAMPA_01_2020","OXAPAMPA_01_2020_P594",1,"potato","CIP316345.228","tubers",19.6259259259259,,TRUE,"doi:10.21223/B7HWWH",2994,FALSE,FALSE,"Peru","Oxapampa",FALSE,,,,,,,,
"OXAPAMPA_01_2020","OXAPAMPA_01_2020_P595",1,"potato","CIP316359.119","tubers",21.9987228607918,,TRUE,"doi:10.21223/B7HWWH",2995,FALSE,FALSE,"Peru","Oxapampa",FALSE,,,,,,,,
"OXAPAMPA_01_2020","OXAPAMPA_01_2020_P596",1,"potato","CIP316366.148","tubers",18.9174074074074,,TRUE,"doi:10.21223/B7HWWH",2996,FALSE,FALSE,"Peru","Oxapampa",FALSE,,,,,,,,
"OXAPAMPA_01_2020","OXAPAMPA_01_2020_P597",1,"potato","CIP316363.134","tubers",26.6878306878307,,TRUE,"doi:10.21223/B7HWWH",2997,FALSE,FALSE,"Peru","Oxapampa",FALSE,,,,,,,,
"OXAPAMPA_01_2020","OXAPAMPA_01_2020_P598",1,"potato","Yungay","tubers",15.3623188405797,,TRUE,"doi:10.21223/B7HWWH",2998,FALSE,FALSE,"Peru","Oxapampa",FALSE,,,,,,,,
"OXAPAMPA_01_2020","OXAPAMPA_01_2020_P599",1,"potato","CIP316361.102","tubers",22.4333333333333,,TRUE,"doi:10.21223/B7HWWH",2999,FALSE,FALSE,"Peru","Oxapampa",FALSE,,,,,,,,
"OXAPAMPA_01_2020","OXAPAMPA_01_2020_P600",1,"potato","CIP316355.161","tubers",33.2233333333333,,TRUE,"doi:10.21223/B7HWWH",3000,FALSE,FALSE,"Peru","Oxapampa",FALSE,,,,,,,,
"OXAPAMPA_01_2020","OXAPAMPA_01_2020_P601",2,"potato","CIP316371.125","tubers",13.8572222222222,,TRUE,"doi:10.21223/B7HWWH",3001,FALSE,FALSE,"Peru","Oxapampa",FALSE,,,,,,,,
"OXAPAMPA_01_2020","OXAPAMPA_01_2020_P602",2,"potato","Yungay","tubers",4.86195286195286,,TRUE,"doi:10.21223/B7HWWH",3002,FALSE,FALSE,"Peru","Oxapampa",FALSE,,,,,,,,
"OXAPAMPA_01_2020","OXAPAMPA_01_2020_P603",2,"potato","CIP316359.227","tubers",40.3768115942029,,TRUE,"doi:10.21223/B7HWWH",3003,FALSE,FALSE,"Peru","Oxapampa",FALSE,,,,,,,,
"OXAPAMPA_01_2020","OXAPAMPA_01_2020_P604",2,"potato","CIP317015.460","tubers",6.26984126984127,,TRUE,"doi:10.21223/B7HWWH",3004,FALSE,FALSE,"Peru","Oxapampa",FALSE,,,,,,,,
"OXAPAMPA_01_2020","OXAPAMPA_01_2020_P605",2,"potato","CIP398190.200","tubers",20.2037037037037,,TRUE,"doi:10.21223/B7HWWH",3005,FALSE,FALSE,"Peru","Oxapampa",FALSE,,,,,,,,
"OXAPAMPA_01_2020","OXAPAMPA_01_2020_P606",2,"potato","CIP316360.180","tubers",35.8224121557455,,TRUE,"doi:10.21223/B7HWWH",3006,FALSE,FALSE,"Peru","Oxapampa",FALSE,,,,,,,,
"OXAPAMPA_01_2020","OXAPAMPA_01_2020_P607",2,"potato","CIP316353.141","tubers",42.8518518518518,,TRUE,"doi:10.21223/B7HWWH",3007,FALSE,FALSE,"Peru","Oxapampa",FALSE,,,,,,,,
"OXAPAMPA_01_2020","OXAPAMPA_01_2020_P608",2,"potato","Kory","tubers",19.9059829059829,,TRUE,"doi:10.21223/B7HWWH",3008,FALSE,FALSE,"Peru","Oxapampa",FALSE,,,,,,,,
"OXAPAMPA_01_2020","OXAPAMPA_01_2020_P609",2,"potato","CIP316376.133","tubers",23.3333333333333,,TRUE,"doi:10.21223/B7HWWH",3009,FALSE,FALSE,"Peru","Oxapampa",FALSE,,,,,,,,
"OXAPAMPA_01_2020","OXAPAMPA_01_2020_P610",2,"potato","CIP316363.102","tubers",40.3687037037037,,TRUE,"doi:10.21223/B7HWWH",3010,FALSE,FALSE,"Peru","Oxapampa",FALSE,,,,,,,,
"OXAPAMPA_01_2020","OXAPAMPA_01_2020_P611",2,"potato","CIP316366.137","tubers",37.0534979423868,,TRUE,"doi:10.21223/B7HWWH",3011,FALSE,FALSE,"Peru","Oxapampa",FALSE,,,,,,,,
"OXAPAMPA_01_2020","OXAPAMPA_01_2020_P612",2,"potato","CIP316375.101","tubers",14.9753086419753,,TRUE,"doi:10.21223/B7HWWH",3012,FALSE,FALSE,"Peru","Oxapampa",FALSE,,,,,,,,
"OXAPAMPA_01_2020","OXAPAMPA_01_2020_P613",2,"potato","CIP316361.236","tubers",36.0580580580581,,TRUE,"doi:10.21223/B7HWWH",3013,FALSE,FALSE,"Peru","Oxapampa",FALSE,,,,,,,,
"OXAPAMPA_01_2020","OXAPAMPA_01_2020_P614",2,"potato","CIP398192.213","tubers",21.3333333333333,,TRUE,"doi:10.21223/B7HWWH",3014,FALSE,FALSE,"Peru","Oxapampa",FALSE,,,,,,,,
"OXAPAMPA_01_2020","OXAPAMPA_01_2020_P615",2,"potato","CIP316361.211","tubers",42.6954732510288,,TRUE,"doi:10.21223/B7HWWH",3015,FALSE,FALSE,"Peru","Oxapampa",FALSE,,,,,,,,
"OXAPAMPA_01_2020","OXAPAMPA_01_2020_P616",2,"potato","CIP316345.237","tubers",20.5843621399177,,TRUE,"doi:10.21223/B7HWWH",3016,FALSE,FALSE,"Peru","Oxapampa",FALSE,,,,,,,,
"OXAPAMPA_01_2020","OXAPAMPA_01_2020_P617",2,"potato","CIP316350.173","tubers",44.1274509803922,,TRUE,"doi:10.21223/B7HWWH",3017,FALSE,FALSE,"Peru","Oxapampa",FALSE,,,,,,,,
"OXAPAMPA_01_2020","OXAPAMPA_01_2020_P618",2,"potato","CIP316353.144","tubers",13.4814814814815,,TRUE,"doi:10.21223/B7HWWH",3018,FALSE,FALSE,"Peru","Oxapampa",FALSE,,,,,,,,
"OXAPAMPA_01_2020","OXAPAMPA_01_2020_P619",2,"potato","CIP316359.159","tubers",33.8932461873638,,TRUE,"doi:10.21223/B7HWWH",3019,FALSE,FALSE,"Peru","Oxapampa",FALSE,,,,,,,,
"OXAPAMPA_01_2020","OXAPAMPA_01_2020_P620",2,"potato","CIP316354.154","tubers",32.0296296296296,,TRUE,"doi:10.21223/B7HWWH",3020,FALSE,FALSE,"Peru","Oxapampa",FALSE,,,,,,,,
"OXAPAMPA_01_2020","OXAPAMPA_01_2020_P621",2,"potato","CIP317015.435","tubers",21.3703703703704,,TRUE,"doi:10.21223/B7HWWH",3021,FALSE,FALSE,"Peru","Oxapampa",FALSE,,,,,,,,
"OXAPAMPA_01_2020","OXAPAMPA_01_2020_P622",2,"potato","CIP316365.166","tubers",48.3703703703704,,TRUE,"doi:10.21223/B7HWWH",3022,FALSE,FALSE,"Peru","Oxapampa",FALSE,,,,,,,,
"OXAPAMPA_01_2020","OXAPAMPA_01_2020_P623",2,"potato","CIP316361.102","tubers",25.1975308641975,,TRUE,"doi:10.21223/B7HWWH",3023,FALSE,FALSE,"Peru","Oxapampa",FALSE,,,,,,,,
"OXAPAMPA_01_2020","OXAPAMPA_01_2020_P624",2,"potato","CIP316360.168","tubers",29.0496453900709,,TRUE,"doi:10.21223/B7HWWH",3024,FALSE,FALSE,"Peru","Oxapampa",FALSE,,,,,,,,
"OXAPAMPA_01_2020","OXAPAMPA_01_2020_P625",2,"potato","CIP316357.226","tubers",41.7504025764895,,TRUE,"doi:10.21223/B7HWWH",3025,FALSE,FALSE,"Peru","Oxapampa",FALSE,,,,,,,,
"OXAPAMPA_01_2020","OXAPAMPA_01_2020_P626",2,"potato","Kory","tubers",19.4248366013072,,TRUE,"doi:10.21223/B7HWWH",3026,FALSE,FALSE,"Peru","Oxapampa",FALSE,,,,,,,,
"OXAPAMPA_01_2020","OXAPAMPA_01_2020_P627",2,"potato","CIP316356.145","tubers",10.1604938271605,,TRUE,"doi:10.21223/B7HWWH",3027,FALSE,FALSE,"Peru","Oxapampa",FALSE,,,,,,,,
"OXAPAMPA_01_2020","OXAPAMPA_01_2020_P628",2,"potato","CIP316356.162","tubers",39.8084914182475,,TRUE,"doi:10.21223/B7HWWH",3028,FALSE,FALSE,"Peru","Oxapampa",FALSE,,,,,,,,
"OXAPAMPA_01_2020","OXAPAMPA_01_2020_P629",2,"potato","CIP316385.118","tubers",23.1263057929725,,TRUE,"doi:10.21223/B7HWWH",3029,FALSE,FALSE,"Peru","Oxapampa",FALSE,,,,,,,,
"OXAPAMPA_01_2020","OXAPAMPA_01_2020_P630",2,"potato","CIP316363.134","tubers",29.7875816993464,,TRUE,"doi:10.21223/B7HWWH",3030,FALSE,FALSE,"Peru","Oxapampa",FALSE,,,,,,,,
"OXAPAMPA_01_2020","OXAPAMPA_01_2020_P631",2,"potato","CIP316357.119","tubers",32.9921752738654,,TRUE,"doi:10.21223/B7HWWH",3031,FALSE,FALSE,"Peru","Oxapampa",FALSE,,,,,,,,
"OXAPAMPA_01_2020","OXAPAMPA_01_2020_P632",2,"potato","CIP316352.110","tubers",18.9122807017544,,TRUE,"doi:10.21223/B7HWWH",3032,FALSE,FALSE,"Peru","Oxapampa",FALSE,,,,,,,,
"OXAPAMPA_01_2020","OXAPAMPA_01_2020_P633",2,"potato","Amarilis","tubers",26.5840922890103,,TRUE,"doi:10.21223/B7HWWH",3033,FALSE,FALSE,"Peru","Oxapampa",FALSE,,,,,,,,
"OXAPAMPA_01_2020","OXAPAMPA_01_2020_P634",2,"potato","CIP316360.200","tubers",15.3268518518519,,TRUE,"doi:10.21223/B7HWWH",3034,FALSE,FALSE,"Peru","Oxapampa",FALSE,,,,,,,,
"OXAPAMPA_01_2020","OXAPAMPA_01_2020_P635",2,"potato","CIP316353.166","tubers",31.1245791245791,,TRUE,"doi:10.21223/B7HWWH",3035,FALSE,FALSE,"Peru","Oxapampa",FALSE,,,,,,,,
"OXAPAMPA_01_2020","OXAPAMPA_01_2020_P636",2,"potato","CIP316346.204","tubers",46.0789313904068,,TRUE,"doi:10.21223/B7HWWH",3036,FALSE,FALSE,"Peru","Oxapampa",FALSE,,,,,,,,
"OXAPAMPA_01_2020","OXAPAMPA_01_2020_P637",2,"potato","CIP316357.111","tubers",36.8433048433048,,TRUE,"doi:10.21223/B7HWWH",3037,FALSE,FALSE,"Peru","Oxapampa",FALSE,,,,,,,,
"OXAPAMPA_01_2020","OXAPAMPA_01_2020_P638",2,"potato","CIP316352.159","tubers",40.0881834215168,,TRUE,"doi:10.21223/B7HWWH",3038,FALSE,FALSE,"Peru","Oxapampa",FALSE,,,,,,,,
"OXAPAMPA_01_2020","OXAPAMPA_01_2020_P639",2,"potato","CIP317017.81","tubers",7.47685185185185,,TRUE,"doi:10.21223/B7HWWH",3039,FALSE,FALSE,"Peru","Oxapampa",FALSE,,,,,,,,
"OXAPAMPA_01_2020","OXAPAMPA_01_2020_P640",2,"potato","CIP316359.173","tubers",30.969696969697,,TRUE,"doi:10.21223/B7HWWH",3040,FALSE,FALSE,"Peru","Oxapampa",FALSE,,,,,,,,
"OXAPAMPA_01_2020","OXAPAMPA_01_2020_P641",2,"potato","CIP316352.184","tubers",29.2418300653595,,TRUE,"doi:10.21223/B7HWWH",3041,FALSE,FALSE,"Peru","Oxapampa",FALSE,,,,,,,,
"OXAPAMPA_01_2020","OXAPAMPA_01_2020_P642",2,"potato","Yungay","tubers",11.7503429355281,,TRUE,"doi:10.21223/B7HWWH",3042,FALSE,FALSE,"Peru","Oxapampa",FALSE,,,,,,,,
"OXAPAMPA_01_2020","OXAPAMPA_01_2020_P643",2,"potato","CIP316378.153","tubers",14.0855555555556,,TRUE,"doi:10.21223/B7HWWH",3043,FALSE,FALSE,"Peru","Oxapampa",FALSE,,,,,,,,
"OXAPAMPA_01_2020","OXAPAMPA_01_2020_P644",2,"potato","CIP316376.153","tubers",8.17713365539453,,TRUE,"doi:10.21223/B7HWWH",3044,FALSE,FALSE,"Peru","Oxapampa",FALSE,,,,,,,,
"OXAPAMPA_01_2020","OXAPAMPA_01_2020_P645",2,"potato","CIP316379.149","tubers",40.4843304843305,,TRUE,"doi:10.21223/B7HWWH",3045,FALSE,FALSE,"Peru","Oxapampa",FALSE,,,,,,,,
"OXAPAMPA_01_2020","OXAPAMPA_01_2020_P646",2,"potato","CIP302551.26","tubers",31.4152046783626,,TRUE,"doi:10.21223/B7HWWH",3046,FALSE,FALSE,"Peru","Oxapampa",FALSE,,,,,,,,
"OXAPAMPA_01_2020","OXAPAMPA_01_2020_P647",2,"potato","CIP316377.168","tubers",35.8412698412698,,TRUE,"doi:10.21223/B7HWWH",3047,FALSE,FALSE,"Peru","Oxapampa",FALSE,,,,,,,,
"OXAPAMPA_01_2020","OXAPAMPA_01_2020_P648",2,"potato","CIP316350.108","tubers",26.1666666666667,,TRUE,"doi:10.21223/B7HWWH",3048,FALSE,FALSE,"Peru","Oxapampa",FALSE,,,,,,,,
"OXAPAMPA_01_2020","OXAPAMPA_01_2020_P649",2,"potato","CIP316363.155","tubers",28.5019347705915,,TRUE,"doi:10.21223/B7HWWH",3049,FALSE,FALSE,"Peru","Oxapampa",FALSE,,,,,,,,
"OXAPAMPA_01_2020","OXAPAMPA_01_2020_P650",2,"potato","Amarilis","tubers",16.8465608465608,,TRUE,"doi:10.21223/B7HWWH",3050,FALSE,FALSE,"Peru","Oxapampa",FALSE,,,,,,,,
"OXAPAMPA_01_2020","OXAPAMPA_01_2020_P651",2,"potato","CIP316359.213","tubers",26.6753812636166,,TRUE,"doi:10.21223/B7HWWH",3051,FALSE,FALSE,"Peru","Oxapampa",FALSE,,,,,,,,
"OXAPAMPA_01_2020","OXAPAMPA_01_2020_P652",2,"potato","CIP316348.208","tubers",32.7037037037037,,TRUE,"doi:10.21223/B7HWWH",3052,FALSE,FALSE,"Peru","Oxapampa",FALSE,,,,,,,,
"OXAPAMPA_01_2020","OXAPAMPA_01_2020_P653",2,"potato","CIP316364.154","tubers",13.6877777777778,,TRUE,"doi:10.21223/B7HWWH",3053,FALSE,FALSE,"Peru","Oxapampa",FALSE,,,,,,,,
"OXAPAMPA_01_2020","OXAPAMPA_01_2020_P654",2,"potato","CIP316389.146","tubers",23.3840155945419,,TRUE,"doi:10.21223/B7HWWH",3054,FALSE,FALSE,"Peru","Oxapampa",FALSE,,,,,,,,
"OXAPAMPA_01_2020","OXAPAMPA_01_2020_P655",2,"potato","CIP316363.157","tubers",42.2395833333333,,TRUE,"doi:10.21223/B7HWWH",3055,FALSE,FALSE,"Peru","Oxapampa",FALSE,,,,,,,,
"OXAPAMPA_01_2020","OXAPAMPA_01_2020_P656",2,"potato","CIP316361.227","tubers",27.4825708061002,,TRUE,"doi:10.21223/B7HWWH",3056,FALSE,FALSE,"Peru","Oxapampa",FALSE,,,,,,,,
"OXAPAMPA_01_2020","OXAPAMPA_01_2020_P657",2,"potato","CIP316359.124","tubers",30.7111111111111,,TRUE,"doi:10.21223/B7HWWH",3057,FALSE,FALSE,"Peru","Oxapampa",FALSE,,,,,,,,
"OXAPAMPA_01_2020","OXAPAMPA_01_2020_P658",2,"potato","Yungay","tubers",5.58024691358025,,TRUE,"doi:10.21223/B7HWWH",3058,FALSE,FALSE,"Peru","Oxapampa",FALSE,,,,,,,,
"OXAPAMPA_01_2020","OXAPAMPA_01_2020_P659",2,"potato","CIP316361.117","tubers",34.7777777777778,,TRUE,"doi:10.21223/B7HWWH",3059,FALSE,FALSE,"Peru","Oxapampa",FALSE,,,,,,,,
"OXAPAMPA_01_2020","OXAPAMPA_01_2020_P660",2,"potato","CIP316345.241","tubers",46.9622770919067,,TRUE,"doi:10.21223/B7HWWH",3060,FALSE,FALSE,"Peru","Oxapampa",FALSE,,,,,,,,
"OXAPAMPA_01_2020","OXAPAMPA_01_2020_P661",2,"potato","CIP317014.230","tubers",22.8206245461147,,TRUE,"doi:10.21223/B7HWWH",3061,FALSE,FALSE,"Peru","Oxapampa",FALSE,,,,,,,,
"OXAPAMPA_01_2020","OXAPAMPA_01_2020_P662",2,"potato","CIP316353.432","tubers",30.9239239239239,,TRUE,"doi:10.21223/B7HWWH",3062,FALSE,FALSE,"Peru","Oxapampa",FALSE,,,,,,,,
"OXAPAMPA_01_2020","OXAPAMPA_01_2020_P663",2,"potato","CIP316348.151","tubers",31.5185185185185,,TRUE,"doi:10.21223/B7HWWH",3063,FALSE,FALSE,"Peru","Oxapampa",FALSE,,,,,,,,
"OXAPAMPA_01_2020","OXAPAMPA_01_2020_P664",2,"potato","CIP317015.457","tubers",27.6933073424301,,TRUE,"doi:10.21223/B7HWWH",3064,FALSE,FALSE,"Peru","Oxapampa",FALSE,,,,,,,,
"OXAPAMPA_01_2020","OXAPAMPA_01_2020_P665",2,"potato","Kory","tubers",23.8189300411523,,TRUE,"doi:10.21223/B7HWWH",3065,FALSE,FALSE,"Peru","Oxapampa",FALSE,,,,,,,,
"OXAPAMPA_01_2020","OXAPAMPA_01_2020_P666",2,"potato","CIP316387.104","tubers",28.0962962962963,,TRUE,"doi:10.21223/B7HWWH",3066,FALSE,FALSE,"Peru","Oxapampa",FALSE,,,,,,,,
"OXAPAMPA_01_2020","OXAPAMPA_01_2020_P667",2,"potato","Amarilis","tubers",15.037037037037,,TRUE,"doi:10.21223/B7HWWH",3067,FALSE,FALSE,"Peru","Oxapampa",FALSE,,,,,,,,
"OXAPAMPA_01_2020","OXAPAMPA_01_2020_P668",2,"potato","CIP398201.510","tubers",33.8148148148148,,TRUE,"doi:10.21223/B7HWWH",3068,FALSE,FALSE,"Peru","Oxapampa",FALSE,,,,,,,,
"OXAPAMPA_01_2020","OXAPAMPA_01_2020_P669",2,"potato","CIP316354.123","tubers",37.1851851851852,,TRUE,"doi:10.21223/B7HWWH",3069,FALSE,FALSE,"Peru","Oxapampa",FALSE,,,,,,,,
"OXAPAMPA_01_2020","OXAPAMPA_01_2020_P670",2,"potato","CIP316361.209","tubers",48.1046698872786,,TRUE,"doi:10.21223/B7HWWH",3070,FALSE,FALSE,"Peru","Oxapampa",FALSE,,,,,,,,
"OXAPAMPA_01_2020","OXAPAMPA_01_2020_P671",2,"potato","CIP316348.186","tubers",22.2592592592593,,TRUE,"doi:10.21223/B7HWWH",3071,FALSE,FALSE,"Peru","Oxapampa",FALSE,,,,,,,,
"OXAPAMPA_01_2020","OXAPAMPA_01_2020_P672",2,"potato","CIP316363.176","tubers",36.7803320561941,,TRUE,"doi:10.21223/B7HWWH",3072,FALSE,FALSE,"Peru","Oxapampa",FALSE,,,,,,,,
"OXAPAMPA_01_2020","OXAPAMPA_01_2020_P673",2,"potato","CIP316362.121","tubers",47.1712292002147,,TRUE,"doi:10.21223/B7HWWH",3073,FALSE,FALSE,"Peru","Oxapampa",FALSE,,,,,,,,
"OXAPAMPA_01_2020","OXAPAMPA_01_2020_P674",2,"potato","CIP316363.123","tubers",36.2094508301405,,TRUE,"doi:10.21223/B7HWWH",3074,FALSE,FALSE,"Peru","Oxapampa",FALSE,,,,,,,,
"OXAPAMPA_01_2020","OXAPAMPA_01_2020_P675",2,"potato","CIP316360.145","tubers",22.1616161616162,,TRUE,"doi:10.21223/B7HWWH",3075,FALSE,FALSE,"Peru","Oxapampa",FALSE,,,,,,,,
"OXAPAMPA_01_2020","OXAPAMPA_01_2020_P676",2,"potato","CIP316345.168","tubers",41.6550925925926,,TRUE,"doi:10.21223/B7HWWH",3076,FALSE,FALSE,"Peru","Oxapampa",FALSE,,,,,,,,
"OXAPAMPA_01_2020","OXAPAMPA_01_2020_P677",2,"potato","CIP316345.726","tubers",21.6654719235364,,TRUE,"doi:10.21223/B7HWWH",3077,FALSE,FALSE,"Peru","Oxapampa",FALSE,,,,,,,,
"OXAPAMPA_01_2020","OXAPAMPA_01_2020_P678",2,"potato","CIP316369.103","tubers",16.1666666666667,,TRUE,"doi:10.21223/B7HWWH",3078,FALSE,FALSE,"Peru","Oxapampa",FALSE,,,,,,,,
"OXAPAMPA_01_2020","OXAPAMPA_01_2020_P679",2,"potato","CIP316384.170","tubers",41.3162393162393,,TRUE,"doi:10.21223/B7HWWH",3079,FALSE,FALSE,"Peru","Oxapampa",FALSE,,,,,,,,
"OXAPAMPA_01_2020","OXAPAMPA_01_2020_P680",2,"potato","Yungay","tubers",12.9444444444444,,TRUE,"doi:10.21223/B7HWWH",3080,FALSE,FALSE,"Peru","Oxapampa",FALSE,,,,,,,,
"OXAPAMPA_01_2020","OXAPAMPA_01_2020_P681",2,"potato","CIP316386.142","tubers",16,,TRUE,"doi:10.21223/B7HWWH",3081,FALSE,FALSE,"Peru","Oxapampa",FALSE,,,,,,,,
"OXAPAMPA_01_2020","OXAPAMPA_01_2020_P682",2,"potato","CIP316387.132","tubers",7.25,,TRUE,"doi:10.21223/B7HWWH",3082,FALSE,FALSE,"Peru","Oxapampa",FALSE,,,,,,,,
"OXAPAMPA_01_2020","OXAPAMPA_01_2020_P683",2,"potato","CIP316375.109","tubers",24.762962962963,,TRUE,"doi:10.21223/B7HWWH",3083,FALSE,FALSE,"Peru","Oxapampa",FALSE,,,,,,,,
"OXAPAMPA_01_2020","OXAPAMPA_01_2020_P684",2,"potato","CIP316351.140","tubers",11.882503192848,,TRUE,"doi:10.21223/B7HWWH",3084,FALSE,FALSE,"Peru","Oxapampa",FALSE,,,,,,,,
"OXAPAMPA_01_2020","OXAPAMPA_01_2020_P685",2,"potato","CIP316379.114","tubers",21.2814814814815,,TRUE,"doi:10.21223/B7HWWH",3085,FALSE,FALSE,"Peru","Oxapampa",FALSE,,,,,,,,
"OXAPAMPA_01_2020","OXAPAMPA_01_2020_P686",2,"potato","Yungay","tubers",9.45014245014245,,TRUE,"doi:10.21223/B7HWWH",3086,FALSE,FALSE,"Peru","Oxapampa",FALSE,,,,,,,,
"OXAPAMPA_01_2020","OXAPAMPA_01_2020_P687",2,"potato","CIP316358.223","tubers",50.037037037037,,TRUE,"doi:10.21223/B7HWWH",3087,FALSE,FALSE,"Peru","Oxapampa",FALSE,,,,,,,,
"OXAPAMPA_01_2020","OXAPAMPA_01_2020_P688",2,"potato","CIP316384.153","tubers",22.4554183813443,,TRUE,"doi:10.21223/B7HWWH",3088,FALSE,FALSE,"Peru","Oxapampa",FALSE,,,,,,,,
"OXAPAMPA_01_2020","OXAPAMPA_01_2020_P689",2,"potato","CIP316360.101","tubers",29.9174074074074,,TRUE,"doi:10.21223/B7HWWH",3089,FALSE,FALSE,"Peru","Oxapampa",FALSE,,,,,,,,
"OXAPAMPA_01_2020","OXAPAMPA_01_2020_P690",2,"potato","CIP316358.136","tubers",34.6172839506173,,TRUE,"doi:10.21223/B7HWWH",3090,FALSE,FALSE,"Peru","Oxapampa",FALSE,,,,,,,,
"OXAPAMPA_01_2020","OXAPAMPA_01_2020_P691",2,"potato","CIP304081.44","tubers",28.2716049382716,,TRUE,"doi:10.21223/B7HWWH",3091,FALSE,FALSE,"Peru","Oxapampa",FALSE,,,,,,,,
"OXAPAMPA_01_2020","OXAPAMPA_01_2020_P692",2,"potato","CIP316345.247","tubers",46.1625514403292,,TRUE,"doi:10.21223/B7HWWH",3092,FALSE,FALSE,"Peru","Oxapampa",FALSE,,,,,,,,
"OXAPAMPA_01_2020","OXAPAMPA_01_2020_P693",2,"potato","CIP316364.151","tubers",18.9037037037037,,TRUE,"doi:10.21223/B7HWWH",3093,FALSE,FALSE,"Peru","Oxapampa",FALSE,,,,,,,,
"OXAPAMPA_01_2020","OXAPAMPA_01_2020_P694",2,"potato","CIP316352.166","tubers",25.5555555555556,,TRUE,"doi:10.21223/B7HWWH",3094,FALSE,FALSE,"Peru","Oxapampa",FALSE,,,,,,,,
"OXAPAMPA_01_2020","OXAPAMPA_01_2020_P695",2,"potato","CIP316350.125","tubers",31.6507936507936,,TRUE,"doi:10.21223/B7HWWH",3095,FALSE,FALSE,"Peru","Oxapampa",FALSE,,,,,,,,
"OXAPAMPA_01_2020","OXAPAMPA_01_2020_P696",2,"potato","CIP316389.111","tubers",33.8745275888133,,TRUE,"doi:10.21223/B7HWWH",3096,FALSE,FALSE,"Peru","Oxapampa",FALSE,,,,,,,,
"OXAPAMPA_01_2020","OXAPAMPA_01_2020_P697",2,"potato","Yungay","tubers",6.38518518518519,,TRUE,"doi:10.21223/B7HWWH",3097,FALSE,FALSE,"Peru","Oxapampa",FALSE,,,,,,,,
"OXAPAMPA_01_2020","OXAPAMPA_01_2020_P698",2,"potato","Kory","tubers",23.0791575889615,,TRUE,"doi:10.21223/B7HWWH",3098,FALSE,FALSE,"Peru","Oxapampa",FALSE,,,,,,,,
"OXAPAMPA_01_2020","OXAPAMPA_01_2020_P699",2,"potato","CIP316360.212","tubers",25.7395459976105,,TRUE,"doi:10.21223/B7HWWH",3099,FALSE,FALSE,"Peru","Oxapampa",FALSE,,,,,,,,
"OXAPAMPA_01_2020","OXAPAMPA_01_2020_P700",2,"potato","Kory","tubers",15.2760942760943,,TRUE,"doi:10.21223/B7HWWH",3100,FALSE,FALSE,"Peru","Oxapampa",FALSE,,,,,,,,
"OXAPAMPA_01_2020","OXAPAMPA_01_2020_P701",2,"potato","CIP316361.132","tubers",53.3703703703704,,TRUE,"doi:10.21223/B7HWWH",3101,FALSE,FALSE,"Peru","Oxapampa",FALSE,,,,,,,,
"OXAPAMPA_01_2020","OXAPAMPA_01_2020_P702",2,"potato","CIP316362.180","tubers",35.0106544901065,,TRUE,"doi:10.21223/B7HWWH",3102,FALSE,FALSE,"Peru","Oxapampa",FALSE,,,,,,,,
"OXAPAMPA_01_2020","OXAPAMPA_01_2020_P703",2,"potato","CIP316344.181","tubers",34.3703703703704,,TRUE,"doi:10.21223/B7HWWH",3103,FALSE,FALSE,"Peru","Oxapampa",FALSE,,,,,,,,
"OXAPAMPA_01_2020","OXAPAMPA_01_2020_P704",2,"potato","CIP316364.130","tubers",27.1400462962963,,TRUE,"doi:10.21223/B7HWWH",3104,FALSE,FALSE,"Peru","Oxapampa",FALSE,,,,,,,,
"OXAPAMPA_01_2020","OXAPAMPA_01_2020_P705",2,"potato","CIP316387.198","tubers",7.35042735042735,,TRUE,"doi:10.21223/B7HWWH",3105,FALSE,FALSE,"Peru","Oxapampa",FALSE,,,,,,,,
"OXAPAMPA_01_2020","OXAPAMPA_01_2020_P706",2,"potato","CIP316360.185","tubers",35.8486312399356,,TRUE,"doi:10.21223/B7HWWH",3106,FALSE,FALSE,"Peru","Oxapampa",FALSE,,,,,,,,
"OXAPAMPA_01_2020","OXAPAMPA_01_2020_P707",2,"potato","CIP316353.173","tubers",44.5555555555556,,TRUE,"doi:10.21223/B7HWWH",3107,FALSE,FALSE,"Peru","Oxapampa",FALSE,,,,,,,,
"OXAPAMPA_01_2020","OXAPAMPA_01_2020_P708",2,"potato","Amarilis","tubers",17.9969135802469,,TRUE,"doi:10.21223/B7HWWH",3108,FALSE,FALSE,"Peru","Oxapampa",FALSE,,,,,,,,
"OXAPAMPA_01_2020","OXAPAMPA_01_2020_P709",2,"potato","CIP316367.140","tubers",30.1443167305236,,TRUE,"doi:10.21223/B7HWWH",3109,FALSE,FALSE,"Peru","Oxapampa",FALSE,,,,,,,,
"OXAPAMPA_01_2020","OXAPAMPA_01_2020_P710",2,"potato","CIP316348.171","tubers",41.8518518518518,,TRUE,"doi:10.21223/B7HWWH",3110,FALSE,FALSE,"Peru","Oxapampa",FALSE,,,,,,,,
"OXAPAMPA_01_2020","OXAPAMPA_01_2020_P711",2,"potato","CIP316345.714","tubers",31.3055555555556,,TRUE,"doi:10.21223/B7HWWH",3111,FALSE,FALSE,"Peru","Oxapampa",FALSE,,,,,,,,
"OXAPAMPA_01_2020","OXAPAMPA_01_2020_P712",2,"potato","CIP316363.165","tubers",25.1146384479718,,TRUE,"doi:10.21223/B7HWWH",3112,FALSE,FALSE,"Peru","Oxapampa",FALSE,,,,,,,,
"OXAPAMPA_01_2020","OXAPAMPA_01_2020_P713",2,"potato","CIP317016.471","tubers",12.8564814814815,,TRUE,"doi:10.21223/B7HWWH",3113,FALSE,FALSE,"Peru","Oxapampa",FALSE,,,,,,,,
"OXAPAMPA_01_2020","OXAPAMPA_01_2020_P714",2,"potato","CIP316384.146","tubers",28.4722222222222,,TRUE,"doi:10.21223/B7HWWH",3114,FALSE,FALSE,"Peru","Oxapampa",FALSE,,,,,,,,
"OXAPAMPA_01_2020","OXAPAMPA_01_2020_P715",2,"potato","CIP316356.149","tubers",48.076817558299,,TRUE,"doi:10.21223/B7HWWH",3115,FALSE,FALSE,"Peru","Oxapampa",FALSE,,,,,,,,
"OXAPAMPA_01_2020","OXAPAMPA_01_2020_P716",2,"potato","CIP316384.143","tubers",23.1894444444444,,TRUE,"doi:10.21223/B7HWWH",3116,FALSE,FALSE,"Peru","Oxapampa",FALSE,,,,,,,,
"OXAPAMPA_01_2020","OXAPAMPA_01_2020_P717",2,"potato","CIP316372.133","tubers",26.1851851851852,,TRUE,"doi:10.21223/B7HWWH",3117,FALSE,FALSE,"Peru","Oxapampa",FALSE,,,,,,,,
"OXAPAMPA_01_2020","OXAPAMPA_01_2020_P718",2,"potato","CIP316359.134","tubers",44.688803746275,,TRUE,"doi:10.21223/B7HWWH",3118,FALSE,FALSE,"Peru","Oxapampa",FALSE,,,,,,,,
"OXAPAMPA_01_2020","OXAPAMPA_01_2020_P719",2,"potato","CIP316367.194","tubers",38.9931481481481,,TRUE,"doi:10.21223/B7HWWH",3119,FALSE,FALSE,"Peru","Oxapampa",FALSE,,,,,,,,
"OXAPAMPA_01_2020","OXAPAMPA_01_2020_P720",2,"potato","CIP316359.122","tubers",22.2187962962963,,TRUE,"doi:10.21223/B7HWWH",3120,FALSE,FALSE,"Peru","Oxapampa",FALSE,,,,,,,,
"OXAPAMPA_01_2020","OXAPAMPA_01_2020_P721",2,"potato","CIP316370.116","tubers",46.7212962962963,,TRUE,"doi:10.21223/B7HWWH",3121,FALSE,FALSE,"Peru","Oxapampa",FALSE,,,,,,,,
"OXAPAMPA_01_2020","OXAPAMPA_01_2020_P722",2,"potato","CIP316358.145","tubers",41.5038888888889,,TRUE,"doi:10.21223/B7HWWH",3122,FALSE,FALSE,"Peru","Oxapampa",FALSE,,,,,,,,
"OXAPAMPA_01_2020","OXAPAMPA_01_2020_P723",2,"potato","CIP316377.115","tubers",20.9578703703704,,TRUE,"doi:10.21223/B7HWWH",3123,FALSE,FALSE,"Peru","Oxapampa",FALSE,,,,,,,,
"OXAPAMPA_01_2020","OXAPAMPA_01_2020_P724",2,"potato","CIP316361.156","tubers",42.595462962963,,TRUE,"doi:10.21223/B7HWWH",3124,FALSE,FALSE,"Peru","Oxapampa",FALSE,,,,,,,,
"OXAPAMPA_01_2020","OXAPAMPA_01_2020_P725",2,"potato","CIP316361.153","tubers",32.9409259259259,,TRUE,"doi:10.21223/B7HWWH",3125,FALSE,FALSE,"Peru","Oxapampa",FALSE,,,,,,,,
"OXAPAMPA_01_2020","OXAPAMPA_01_2020_P726",2,"potato","CIP316351.134","tubers",28.8207407407407,,TRUE,"doi:10.21223/B7HWWH",3126,FALSE,FALSE,"Peru","Oxapampa",FALSE,,,,,,,,
"OXAPAMPA_01_2020","OXAPAMPA_01_2020_P727",2,"potato","CIP316378.134","tubers",13.5751851851852,,TRUE,"doi:10.21223/B7HWWH",3127,FALSE,FALSE,"Peru","Oxapampa",FALSE,,,,,,,,
"OXAPAMPA_01_2020","OXAPAMPA_01_2020_P728",2,"potato","CIP316348.223","tubers",41.1956481481482,,TRUE,"doi:10.21223/B7HWWH",3128,FALSE,FALSE,"Peru","Oxapampa",FALSE,,,,,,,,
"OXAPAMPA_01_2020","OXAPAMPA_01_2020_P729",2,"potato","CIP316360.177","tubers",16.8792592592593,,TRUE,"doi:10.21223/B7HWWH",3129,FALSE,FALSE,"Peru","Oxapampa",FALSE,,,,,,,,
"OXAPAMPA_01_2020","OXAPAMPA_01_2020_P730",2,"potato","CIP316356.135","tubers",21.9076851851852,,TRUE,"doi:10.21223/B7HWWH",3130,FALSE,FALSE,"Peru","Oxapampa",FALSE,,,,,,,,
"OXAPAMPA_01_2020","OXAPAMPA_01_2020_P731",2,"potato","CIP316385.237","tubers",22.865,,TRUE,"doi:10.21223/B7HWWH",3131,FALSE,FALSE,"Peru","Oxapampa",FALSE,,,,,,,,
"OXAPAMPA_01_2020","OXAPAMPA_01_2020_P732",2,"potato","Kory","tubers",24.2016666666667,,TRUE,"doi:10.21223/B7HWWH",3132,FALSE,FALSE,"Peru","Oxapampa",FALSE,,,,,,,,
"OXAPAMPA_01_2020","OXAPAMPA_01_2020_P733",2,"potato","CIP316361.158","tubers",18.4264814814815,,TRUE,"doi:10.21223/B7HWWH",3133,FALSE,FALSE,"Peru","Oxapampa",FALSE,,,,,,,,
"OXAPAMPA_01_2020","OXAPAMPA_01_2020_P734",2,"potato","CIP316350.123","tubers",41.2962962962963,,TRUE,"doi:10.21223/B7HWWH",3134,FALSE,FALSE,"Peru","Oxapampa",FALSE,,,,,,,,
"OXAPAMPA_01_2020","OXAPAMPA_01_2020_P735",2,"potato","CIP316367.124","tubers",27.3255555555556,,TRUE,"doi:10.21223/B7HWWH",3135,FALSE,FALSE,"Peru","Oxapampa",FALSE,,,,,,,,
"OXAPAMPA_01_2020","OXAPAMPA_01_2020_P736",2,"potato","CIP316349.117","tubers",37.4589814814815,,TRUE,"doi:10.21223/B7HWWH",3136,FALSE,FALSE,"Peru","Oxapampa",FALSE,,,,,,,,
"OXAPAMPA_01_2020","OXAPAMPA_01_2020_P737",2,"potato","Yungay","tubers",8.1,,TRUE,"doi:10.21223/B7HWWH",3137,FALSE,FALSE,"Peru","Oxapampa",FALSE,,,,,,,,
"OXAPAMPA_01_2020","OXAPAMPA_01_2020_P738",2,"potato","CIP316378.183","tubers",11.6398148148148,,TRUE,"doi:10.21223/B7HWWH",3138,FALSE,FALSE,"Peru","Oxapampa",FALSE,,,,,,,,
"OXAPAMPA_01_2020","OXAPAMPA_01_2020_P739",2,"potato","CIP316361.173","tubers",18.900462962963,,TRUE,"doi:10.21223/B7HWWH",3139,FALSE,FALSE,"Peru","Oxapampa",FALSE,,,,,,,,
"OXAPAMPA_01_2020","OXAPAMPA_01_2020_P740",2,"potato","CIP317017.17","tubers",14.8767592592593,,TRUE,"doi:10.21223/B7HWWH",3140,FALSE,FALSE,"Peru","Oxapampa",FALSE,,,,,,,,
"OXAPAMPA_01_2020","OXAPAMPA_01_2020_P741",2,"potato","Kory","tubers",25.5378703703704,,TRUE,"doi:10.21223/B7HWWH",3141,FALSE,FALSE,"Peru","Oxapampa",FALSE,,,,,,,,
"OXAPAMPA_01_2020","OXAPAMPA_01_2020_P742",2,"potato","CIP316387.156","tubers",31.0987037037037,,TRUE,"doi:10.21223/B7HWWH",3142,FALSE,FALSE,"Peru","Oxapampa",FALSE,,,,,,,,
"OXAPAMPA_01_2020","OXAPAMPA_01_2020_P743",2,"potato","Kory","tubers",21.6299074074074,,TRUE,"doi:10.21223/B7HWWH",3143,FALSE,FALSE,"Peru","Oxapampa",FALSE,,,,,,,,
"OXAPAMPA_01_2020","OXAPAMPA_01_2020_P744",2,"potato","CIP316363.167","tubers",31.4037037037037,,TRUE,"doi:10.21223/B7HWWH",3144,FALSE,FALSE,"Peru","Oxapampa",FALSE,,,,,,,,
"OXAPAMPA_01_2020","OXAPAMPA_01_2020_P745",2,"potato","CIP398208.505","tubers",33.8840740740741,,TRUE,"doi:10.21223/B7HWWH",3145,FALSE,FALSE,"Peru","Oxapampa",FALSE,,,,,,,,
"OXAPAMPA_01_2020","OXAPAMPA_01_2020_P746",2,"potato","CIP316362.111","tubers",24.8568518518518,,TRUE,"doi:10.21223/B7HWWH",3146,FALSE,FALSE,"Peru","Oxapampa",FALSE,,,,,,,,
"OXAPAMPA_01_2020","OXAPAMPA_01_2020_P747",2,"potato","CIP316360.241","tubers",51.7601851851852,,TRUE,"doi:10.21223/B7HWWH",3147,FALSE,FALSE,"Peru","Oxapampa",FALSE,,,,,,,,
"OXAPAMPA_01_2020","OXAPAMPA_01_2020_P748",2,"potato","CIP316348.170","tubers",34.3614814814815,,TRUE,"doi:10.21223/B7HWWH",3148,FALSE,FALSE,"Peru","Oxapampa",FALSE,,,,,,,,
"OXAPAMPA_01_2020","OXAPAMPA_01_2020_P749",2,"potato","CIP316358.173","tubers",32.0296296296296,,TRUE,"doi:10.21223/B7HWWH",3149,FALSE,FALSE,"Peru","Oxapampa",FALSE,,,,,,,,
"OXAPAMPA_01_2020","OXAPAMPA_01_2020_P750",2,"potato","CIP316360.228","tubers",42.5185185185185,,TRUE,"doi:10.21223/B7HWWH",3150,FALSE,FALSE,"Peru","Oxapampa",FALSE,,,,,,,,
"OXAPAMPA_01_2020","OXAPAMPA_01_2020_P751",2,"potato","CIP316354.169","tubers",41.3824074074074,,TRUE,"doi:10.21223/B7HWWH",3151,FALSE,FALSE,"Peru","Oxapampa",FALSE,,,,,,,,
"OXAPAMPA_01_2020","OXAPAMPA_01_2020_P752",2,"potato","CIP316362.175","tubers",57.3607407407407,,TRUE,"doi:10.21223/B7HWWH",3152,FALSE,FALSE,"Peru","Oxapampa",FALSE,,,,,,,,
"OXAPAMPA_01_2020","OXAPAMPA_01_2020_P753",2,"potato","CIP316344.162","tubers",30.9122222222222,,TRUE,"doi:10.21223/B7HWWH",3153,FALSE,FALSE,"Peru","Oxapampa",FALSE,,,,,,,,
"OXAPAMPA_01_2020","OXAPAMPA_01_2020_P754",2,"potato","CIP316388.194","tubers",50.3041666666667,,TRUE,"doi:10.21223/B7HWWH",3154,FALSE,FALSE,"Peru","Oxapampa",FALSE,,,,,,,,
"OXAPAMPA_01_2020","OXAPAMPA_01_2020_P755",2,"potato","CIP316367.148","tubers",43.6296296296296,,TRUE,"doi:10.21223/B7HWWH",3155,FALSE,FALSE,"Peru","Oxapampa",FALSE,,,,,,,,
"OXAPAMPA_01_2020","OXAPAMPA_01_2020_P756",2,"potato","CIP316352.125","tubers",39.1940740740741,,TRUE,"doi:10.21223/B7HWWH",3156,FALSE,FALSE,"Peru","Oxapampa",FALSE,,,,,,,,
"OXAPAMPA_01_2020","OXAPAMPA_01_2020_P757",2,"potato","CIP316344.106","tubers",15.1111111111111,,TRUE,"doi:10.21223/B7HWWH",3157,FALSE,FALSE,"Peru","Oxapampa",FALSE,,,,,,,,
"OXAPAMPA_01_2020","OXAPAMPA_01_2020_P758",2,"potato","CIP316354.137","tubers",22.8359259259259,,TRUE,"doi:10.21223/B7HWWH",3158,FALSE,FALSE,"Peru","Oxapampa",FALSE,,,,,,,,
"OXAPAMPA_01_2020","OXAPAMPA_01_2020_P759",2,"potato","CIP316377.152","tubers",26.0940740740741,,TRUE,"doi:10.21223/B7HWWH",3159,FALSE,FALSE,"Peru","Oxapampa",FALSE,,,,,,,,
"OXAPAMPA_01_2020","OXAPAMPA_01_2020_P760",2,"potato","Amarilis","tubers",16.7459259259259,,TRUE,"doi:10.21223/B7HWWH",3160,FALSE,FALSE,"Peru","Oxapampa",FALSE,,,,,,,,
"OXAPAMPA_01_2020","OXAPAMPA_01_2020_P761",2,"potato","CIP316348.239","tubers",36.2037037037037,,TRUE,"doi:10.21223/B7HWWH",3161,FALSE,FALSE,"Peru","Oxapampa",FALSE,,,,,,,,
"OXAPAMPA_01_2020","OXAPAMPA_01_2020_P762",2,"potato","CIP316362.158","tubers",24.8700564971751,,TRUE,"doi:10.21223/B7HWWH",3162,FALSE,FALSE,"Peru","Oxapampa",FALSE,,,,,,,,
"OXAPAMPA_01_2020","OXAPAMPA_01_2020_P763",2,"potato","CIP316353.128","tubers",22.8641975308642,,TRUE,"doi:10.21223/B7HWWH",3163,FALSE,FALSE,"Peru","Oxapampa",FALSE,,,,,,,,
"OXAPAMPA_01_2020","OXAPAMPA_01_2020_P764",2,"potato","CIP317028.443","tubers",24.9407407407407,,TRUE,"doi:10.21223/B7HWWH",3164,FALSE,FALSE,"Peru","Oxapampa",FALSE,,,,,,,,
"OXAPAMPA_01_2020","OXAPAMPA_01_2020_P765",2,"potato","CIP316367.102","tubers",33.6491228070175,,TRUE,"doi:10.21223/B7HWWH",3165,FALSE,FALSE,"Peru","Oxapampa",FALSE,,,,,,,,
"OXAPAMPA_01_2020","OXAPAMPA_01_2020_P766",2,"potato","CIP316357.136","tubers",23.58071278826,,TRUE,"doi:10.21223/B7HWWH",3166,FALSE,FALSE,"Peru","Oxapampa",FALSE,,,,,,,,
"OXAPAMPA_01_2020","OXAPAMPA_01_2020_P767",2,"potato","Kory","tubers",23.4212962962963,,TRUE,"doi:10.21223/B7HWWH",3167,FALSE,FALSE,"Peru","Oxapampa",FALSE,,,,,,,,
"OXAPAMPA_01_2020","OXAPAMPA_01_2020_P768",2,"potato","CIP316355.161","tubers",22.9249762583096,,TRUE,"doi:10.21223/B7HWWH",3168,FALSE,FALSE,"Peru","Oxapampa",FALSE,,,,,,,,
"OXAPAMPA_01_2020","OXAPAMPA_01_2020_P769",2,"potato","CIP316361.250","tubers",31.3030303030303,,TRUE,"doi:10.21223/B7HWWH",3169,FALSE,FALSE,"Peru","Oxapampa",FALSE,,,,,,,,
"OXAPAMPA_01_2020","OXAPAMPA_01_2020_P770",2,"potato","CIP316384.110","tubers",18.6579520697168,,TRUE,"doi:10.21223/B7HWWH",3170,FALSE,FALSE,"Peru","Oxapampa",FALSE,,,,,,,,
"OXAPAMPA_01_2020","OXAPAMPA_01_2020_P771",2,"potato","CIP316353.143","tubers",35.5185185185185,,TRUE,"doi:10.21223/B7HWWH",3171,FALSE,FALSE,"Peru","Oxapampa",FALSE,,,,,,,,
"OXAPAMPA_01_2020","OXAPAMPA_01_2020_P772",2,"potato","Amarilis","tubers",12.962962962963,,TRUE,"doi:10.21223/B7HWWH",3172,FALSE,FALSE,"Peru","Oxapampa",FALSE,,,,,,,,
"OXAPAMPA_01_2020","OXAPAMPA_01_2020_P773",2,"potato","CIP316371.104","tubers",25.5762527233115,,TRUE,"doi:10.21223/B7HWWH",3173,FALSE,FALSE,"Peru","Oxapampa",FALSE,,,,,,,,
"OXAPAMPA_01_2020","OXAPAMPA_01_2020_P774",2,"potato","CIP398098.65","tubers",25.9259259259259,,TRUE,"doi:10.21223/B7HWWH",3174,FALSE,FALSE,"Peru","Oxapampa",FALSE,,,,,,,,
"OXAPAMPA_01_2020","OXAPAMPA_01_2020_P775",2,"potato","CIP316358.189","tubers",39.2236467236467,,TRUE,"doi:10.21223/B7HWWH",3175,FALSE,FALSE,"Peru","Oxapampa",FALSE,,,,,,,,
"OXAPAMPA_01_2020","OXAPAMPA_01_2020_P776",2,"potato","CIP316391.138","tubers",21.8174986580784,,TRUE,"doi:10.21223/B7HWWH",3176,FALSE,FALSE,"Peru","Oxapampa",FALSE,,,,,,,,
"OXAPAMPA_01_2020","OXAPAMPA_01_2020_P777",2,"potato","CIP316385.141","tubers",6.36734693877551,,TRUE,"doi:10.21223/B7HWWH",3177,FALSE,FALSE,"Peru","Oxapampa",FALSE,,,,,,,,
"OXAPAMPA_01_2020","OXAPAMPA_01_2020_P778",2,"potato","CIP316351.139","tubers",23.3748870822042,,TRUE,"doi:10.21223/B7HWWH",3178,FALSE,FALSE,"Peru","Oxapampa",FALSE,,,,,,,,
"OXAPAMPA_01_2020","OXAPAMPA_01_2020_P779",2,"potato","Yungay","tubers",9.60493827160494,,TRUE,"doi:10.21223/B7HWWH",3179,FALSE,FALSE,"Peru","Oxapampa",FALSE,,,,,,,,
"OXAPAMPA_01_2020","OXAPAMPA_01_2020_P780",2,"potato","CIP316358.144","tubers",18.8278867102396,,TRUE,"doi:10.21223/B7HWWH",3180,FALSE,FALSE,"Peru","Oxapampa",FALSE,,,,,,,,
"OXAPAMPA_01_2020","OXAPAMPA_01_2020_P781",2,"potato","CIP316361.246","tubers",31.2227777777778,,TRUE,"doi:10.21223/B7HWWH",3181,FALSE,FALSE,"Peru","Oxapampa",FALSE,,,,,,,,
"OXAPAMPA_01_2020","OXAPAMPA_01_2020_P782",2,"potato","CIP398098.203","tubers",37.3703703703704,,TRUE,"doi:10.21223/B7HWWH",3182,FALSE,FALSE,"Peru","Oxapampa",FALSE,,,,,,,,
"OXAPAMPA_01_2020","OXAPAMPA_01_2020_P783",2,"potato","CIP316368.159","tubers",32.5583333333333,,TRUE,"doi:10.21223/B7HWWH",3183,FALSE,FALSE,"Peru","Oxapampa",FALSE,,,,,,,,
"OXAPAMPA_01_2020","OXAPAMPA_01_2020_P784",2,"potato","CIP316356.123","tubers",31.8131481481481,,TRUE,"doi:10.21223/B7HWWH",3184,FALSE,FALSE,"Peru","Oxapampa",FALSE,,,,,,,,
"OXAPAMPA_01_2020","OXAPAMPA_01_2020_P785",2,"potato","CIP316379.155","tubers",13.9038613081166,,TRUE,"doi:10.21223/B7HWWH",3185,FALSE,FALSE,"Peru","Oxapampa",FALSE,,,,,,,,
"OXAPAMPA_01_2020","OXAPAMPA_01_2020_P786",2,"potato","CIP317017.59","tubers",24.5128205128205,,TRUE,"doi:10.21223/B7HWWH",3186,FALSE,FALSE,"Peru","Oxapampa",FALSE,,,,,,,,
"OXAPAMPA_01_2020","OXAPAMPA_01_2020_P787",2,"potato","CIP316358.230","tubers",45.4074074074074,,TRUE,"doi:10.21223/B7HWWH",3187,FALSE,FALSE,"Peru","Oxapampa",FALSE,,,,,,,,
"OXAPAMPA_01_2020","OXAPAMPA_01_2020_P788",2,"potato","CIP316354.179","tubers",26.1880341880342,,TRUE,"doi:10.21223/B7HWWH",3188,FALSE,FALSE,"Peru","Oxapampa",FALSE,,,,,,,,
"OXAPAMPA_01_2020","OXAPAMPA_01_2020_P789",2,"potato","CIP317015.424","tubers",21.2184429327286,,TRUE,"doi:10.21223/B7HWWH",3189,FALSE,FALSE,"Peru","Oxapampa",FALSE,,,,,,,,
"OXAPAMPA_01_2020","OXAPAMPA_01_2020_P790",2,"potato","CIP316367.132","tubers",42.6588693957115,,TRUE,"doi:10.21223/B7HWWH",3190,FALSE,FALSE,"Peru","Oxapampa",FALSE,,,,,,,,
"OXAPAMPA_01_2020","OXAPAMPA_01_2020_P791",2,"potato","CIP316390.138","tubers",14.7974074074074,,TRUE,"doi:10.21223/B7HWWH",3191,FALSE,FALSE,"Peru","Oxapampa",FALSE,,,,,,,,
"OXAPAMPA_01_2020","OXAPAMPA_01_2020_P792",2,"potato","CIP316358.214","tubers",43.8764814814815,,TRUE,"doi:10.21223/B7HWWH",3192,FALSE,FALSE,"Peru","Oxapampa",FALSE,,,,,,,,
"OXAPAMPA_01_2020","OXAPAMPA_01_2020_P793",2,"potato","CIP316354.153","tubers",21.9938888888889,,TRUE,"doi:10.21223/B7HWWH",3193,FALSE,FALSE,"Peru","Oxapampa",FALSE,,,,,,,,
"OXAPAMPA_01_2020","OXAPAMPA_01_2020_P794",2,"potato","CIP316361.191","tubers",30.8408333333333,,TRUE,"doi:10.21223/B7HWWH",3194,FALSE,FALSE,"Peru","Oxapampa",FALSE,,,,,,,,
"OXAPAMPA_01_2020","OXAPAMPA_01_2020_P795",2,"potato","Amarilis","tubers",10.5138888888889,,TRUE,"doi:10.21223/B7HWWH",3195,FALSE,FALSE,"Peru","Oxapampa",FALSE,,,,,,,,
"OXAPAMPA_01_2020","OXAPAMPA_01_2020_P796",2,"potato","Kory","tubers",15.067037037037,,TRUE,"doi:10.21223/B7HWWH",3196,FALSE,FALSE,"Peru","Oxapampa",FALSE,,,,,,,,
"OXAPAMPA_01_2020","OXAPAMPA_01_2020_P797",2,"potato","CIP316365.146","tubers",13.5522222222222,,TRUE,"doi:10.21223/B7HWWH",3197,FALSE,FALSE,"Peru","Oxapampa",FALSE,,,,,,,,
"OXAPAMPA_01_2020","OXAPAMPA_01_2020_P798",2,"potato","Yungay","tubers",6.08462962962963,,TRUE,"doi:10.21223/B7HWWH",3198,FALSE,FALSE,"Peru","Oxapampa",FALSE,,,,,,,,
"OXAPAMPA_01_2020","OXAPAMPA_01_2020_P799",2,"potato","CIP316384.152","tubers",34.0676883780332,,TRUE,"doi:10.21223/B7HWWH",3199,FALSE,FALSE,"Peru","Oxapampa",FALSE,,,,,,,,
"OXAPAMPA_01_2020","OXAPAMPA_01_2020_P800",2,"potato","CIP316371.141","tubers",24.0108401084011,,TRUE,"doi:10.21223/B7HWWH",3200,FALSE,FALSE,"Peru","Oxapampa",FALSE,,,,,,,,
"OXAPAMPA_01_2020","OXAPAMPA_01_2020_P801",2,"potato","CIP316349.160","tubers",38.1481481481482,,TRUE,"doi:10.21223/B7HWWH",3201,FALSE,FALSE,"Peru","Oxapampa",FALSE,,,,,,,,
"OXAPAMPA_01_2020","OXAPAMPA_01_2020_P802",2,"potato","CIP316385.138","tubers",22.4884259259259,,TRUE,"doi:10.21223/B7HWWH",3202,FALSE,FALSE,"Peru","Oxapampa",FALSE,,,,,,,,
"OXAPAMPA_01_2020","OXAPAMPA_01_2020_P803",2,"potato","CIP316361.235","tubers",58.5925925925926,,TRUE,"doi:10.21223/B7HWWH",3203,FALSE,FALSE,"Peru","Oxapampa",FALSE,,,,,,,,
"OXAPAMPA_01_2020","OXAPAMPA_01_2020_P804",2,"potato","CIP316358.109","tubers",15.4485596707819,,TRUE,"doi:10.21223/B7HWWH",3204,FALSE,FALSE,"Peru","Oxapampa",FALSE,,,,,,,,
"OXAPAMPA_01_2020","OXAPAMPA_01_2020_P805",2,"potato","Amarilis","tubers",13.0822041553749,,TRUE,"doi:10.21223/B7HWWH",3205,FALSE,FALSE,"Peru","Oxapampa",FALSE,,,,,,,,
"OXAPAMPA_01_2020","OXAPAMPA_01_2020_P806",2,"potato","CIP316387.153","tubers",23.263987391647,,TRUE,"doi:10.21223/B7HWWH",3206,FALSE,FALSE,"Peru","Oxapampa",FALSE,,,,,,,,
"OXAPAMPA_01_2020","OXAPAMPA_01_2020_P807",2,"potato","CIP316352.182","tubers",18.3273040482343,,TRUE,"doi:10.21223/B7HWWH",3207,FALSE,FALSE,"Peru","Oxapampa",FALSE,,,,,,,,
"OXAPAMPA_01_2020","OXAPAMPA_01_2020_P808",2,"potato","CIP316366.148","tubers",21.9037037037037,,TRUE,"doi:10.21223/B7HWWH",3208,FALSE,FALSE,"Peru","Oxapampa",FALSE,,,,,,,,
"OXAPAMPA_01_2020","OXAPAMPA_01_2020_P809",2,"potato","CIP317016.450","tubers",16.3990442054958,,TRUE,"doi:10.21223/B7HWWH",3209,FALSE,FALSE,"Peru","Oxapampa",FALSE,,,,,,,,
"OXAPAMPA_01_2020","OXAPAMPA_01_2020_P810",2,"potato","CIP316365.125","tubers",68.4561403508772,,TRUE,"doi:10.21223/B7HWWH",3210,FALSE,FALSE,"Peru","Oxapampa",FALSE,,,,,,,,
"OXAPAMPA_01_2020","OXAPAMPA_01_2020_P811",2,"potato","CIP316353.139","tubers",29.6920842411038,,TRUE,"doi:10.21223/B7HWWH",3211,FALSE,FALSE,"Peru","Oxapampa",FALSE,,,,,,,,
"OXAPAMPA_01_2020","OXAPAMPA_01_2020_P812",2,"potato","Amarilis","tubers",17.2052469135803,,TRUE,"doi:10.21223/B7HWWH",3212,FALSE,FALSE,"Peru","Oxapampa",FALSE,,,,,,,,
"OXAPAMPA_01_2020","OXAPAMPA_01_2020_P813",2,"potato","CIP316359.249","tubers",15.0092592592593,,TRUE,"doi:10.21223/B7HWWH",3213,FALSE,FALSE,"Peru","Oxapampa",FALSE,,,,,,,,
"OXAPAMPA_01_2020","OXAPAMPA_01_2020_P814",2,"potato","CIP317028.494","tubers",23.975975975976,,TRUE,"doi:10.21223/B7HWWH",3214,FALSE,FALSE,"Peru","Oxapampa",FALSE,,,,,,,,
"OXAPAMPA_01_2020","OXAPAMPA_01_2020_P815",2,"potato","CIP398190.615","tubers",18.0833333333333,,TRUE,"doi:10.21223/B7HWWH",3215,FALSE,FALSE,"Peru","Oxapampa",FALSE,,,,,,,,
"OXAPAMPA_01_2020","OXAPAMPA_01_2020_P816",2,"potato","Yungay","tubers",7.39329805996473,,TRUE,"doi:10.21223/B7HWWH",3216,FALSE,FALSE,"Peru","Oxapampa",FALSE,,,,,,,,
"OXAPAMPA_01_2020","OXAPAMPA_01_2020_P817",2,"potato","CIP316367.174","tubers",22.9567901234568,,TRUE,"doi:10.21223/B7HWWH",3217,FALSE,FALSE,"Peru","Oxapampa",FALSE,,,,,,,,
"OXAPAMPA_01_2020","OXAPAMPA_01_2020_P818",2,"potato","CIP316357.216","tubers",26.946641556811,,TRUE,"doi:10.21223/B7HWWH",3218,FALSE,FALSE,"Peru","Oxapampa",FALSE,,,,,,,,
"OXAPAMPA_01_2020","OXAPAMPA_01_2020_P819",2,"potato","CIP316359.216","tubers",45.6352555086732,,TRUE,"doi:10.21223/B7HWWH",3219,FALSE,FALSE,"Peru","Oxapampa",FALSE,,,,,,,,
"OXAPAMPA_01_2020","OXAPAMPA_01_2020_P820",2,"potato","CIP316382.151","tubers",36.2361111111111,,TRUE,"doi:10.21223/B7HWWH",3220,FALSE,FALSE,"Peru","Oxapampa",FALSE,,,,,,,,
"OXAPAMPA_01_2020","OXAPAMPA_01_2020_P821",2,"potato","CIP316360.199","tubers",18.6440329218107,,TRUE,"doi:10.21223/B7HWWH",3221,FALSE,FALSE,"Peru","Oxapampa",FALSE,,,,,,,,
"OXAPAMPA_01_2020","OXAPAMPA_01_2020_P822",2,"potato","CIP316355.157","tubers",31.0510132774284,,TRUE,"doi:10.21223/B7HWWH",3222,FALSE,FALSE,"Peru","Oxapampa",FALSE,,,,,,,,
"OXAPAMPA_01_2020","OXAPAMPA_01_2020_P823",2,"potato","CIP316358.150","tubers",24.8068783068783,,TRUE,"doi:10.21223/B7HWWH",3223,FALSE,FALSE,"Peru","Oxapampa",FALSE,,,,,,,,
"OXAPAMPA_01_2020","OXAPAMPA_01_2020_P824",2,"potato","CIP316359.199","tubers",21.5583333333333,,TRUE,"doi:10.21223/B7HWWH",3224,FALSE,FALSE,"Peru","Oxapampa",FALSE,,,,,,,,
"OXAPAMPA_01_2020","OXAPAMPA_01_2020_P825",2,"potato","CIP316384.116","tubers",45.5925925925926,,TRUE,"doi:10.21223/B7HWWH",3225,FALSE,FALSE,"Peru","Oxapampa",FALSE,,,,,,,,
"OXAPAMPA_01_2020","OXAPAMPA_01_2020_P826",2,"potato","CIP316385.109","tubers",20.9578544061303,,TRUE,"doi:10.21223/B7HWWH",3226,FALSE,FALSE,"Peru","Oxapampa",FALSE,,,,,,,,
"OXAPAMPA_01_2020","OXAPAMPA_01_2020_P827",2,"potato","CIP316357.207","tubers",32.7502986857826,,TRUE,"doi:10.21223/B7HWWH",3227,FALSE,FALSE,"Peru","Oxapampa",FALSE,,,,,,,,
"OXAPAMPA_01_2020","OXAPAMPA_01_2020_P828",2,"potato","CIP316367.164","tubers",39.4320987654321,,TRUE,"doi:10.21223/B7HWWH",3228,FALSE,FALSE,"Peru","Oxapampa",FALSE,,,,,,,,
"OXAPAMPA_01_2020","OXAPAMPA_01_2020_P829",2,"potato","CIP316361.126","tubers",28.2332545311269,,TRUE,"doi:10.21223/B7HWWH",3229,FALSE,FALSE,"Peru","Oxapampa",FALSE,,,,,,,,
"OXAPAMPA_01_2020","OXAPAMPA_01_2020_P830",2,"potato","Amarilis","tubers",15.1178451178451,,TRUE,"doi:10.21223/B7HWWH",3230,FALSE,FALSE,"Peru","Oxapampa",FALSE,,,,,,,,
"OXAPAMPA_01_2020","OXAPAMPA_01_2020_P831",2,"potato","CIP316353.733","tubers",18.7102396514161,,TRUE,"doi:10.21223/B7HWWH",3231,FALSE,FALSE,"Peru","Oxapampa",FALSE,,,,,,,,
"OXAPAMPA_01_2020","OXAPAMPA_01_2020_P832",2,"potato","CIP316377.169","tubers",16.2592592592593,,TRUE,"doi:10.21223/B7HWWH",3232,FALSE,FALSE,"Peru","Oxapampa",FALSE,,,,,,,,
"OXAPAMPA_01_2020","OXAPAMPA_01_2020_P833",2,"potato","Kory","tubers",23.6114605171209,,TRUE,"doi:10.21223/B7HWWH",3233,FALSE,FALSE,"Peru","Oxapampa",FALSE,,,,,,,,
"OXAPAMPA_01_2020","OXAPAMPA_01_2020_P834",2,"potato","CIP316361.108","tubers",28.4994026284349,,TRUE,"doi:10.21223/B7HWWH",3234,FALSE,FALSE,"Peru","Oxapampa",FALSE,,,,,,,,
"OXAPAMPA_01_2020","OXAPAMPA_01_2020_P835",2,"potato","CIP316353.169","tubers",39.3584905660377,,TRUE,"doi:10.21223/B7HWWH",3235,FALSE,FALSE,"Peru","Oxapampa",FALSE,,,,,,,,
"OXAPAMPA_01_2020","OXAPAMPA_01_2020_P836",2,"potato","CIP317015.436","tubers",36.0915637860082,,TRUE,"doi:10.21223/B7HWWH",3236,FALSE,FALSE,"Peru","Oxapampa",FALSE,,,,,,,,
"OXAPAMPA_01_2020","OXAPAMPA_01_2020_P837",2,"potato","CIP316385.174","tubers",22.3875968992248,,TRUE,"doi:10.21223/B7HWWH",3237,FALSE,FALSE,"Peru","Oxapampa",FALSE,,,,,,,,
"OXAPAMPA_01_2020","OXAPAMPA_01_2020_P838",2,"potato","CIP316353.165","tubers",44.2023217247098,,TRUE,"doi:10.21223/B7HWWH",3238,FALSE,FALSE,"Peru","Oxapampa",FALSE,,,,,,,,
"OXAPAMPA_01_2020","OXAPAMPA_01_2020_P839",2,"potato","CIP316362.115","tubers",29.5833333333333,,TRUE,"doi:10.21223/B7HWWH",3239,FALSE,FALSE,"Peru","Oxapampa",FALSE,,,,,,,,
"OXAPAMPA_01_2020","OXAPAMPA_01_2020_P840",2,"potato","CIP316376.174","tubers",36.0617283950617,,TRUE,"doi:10.21223/B7HWWH",3240,FALSE,FALSE,"Peru","Oxapampa",FALSE,,,,,,,,
"OXAPAMPA_01_2020","OXAPAMPA_01_2020_P841",2,"potato","CIP316386.104","tubers",35.5780998389694,,TRUE,"doi:10.21223/B7HWWH",3241,FALSE,FALSE,"Peru","Oxapampa",FALSE,,,,,,,,
"OXAPAMPA_01_2020","OXAPAMPA_01_2020_P842",2,"potato","CIP316359.234","tubers",24.8518518518518,,TRUE,"doi:10.21223/B7HWWH",3242,FALSE,FALSE,"Peru","Oxapampa",FALSE,,,,,,,,
"OXAPAMPA_01_2020","OXAPAMPA_01_2020_P843",2,"potato","CIP316357.156","tubers",43.021164021164,,TRUE,"doi:10.21223/B7HWWH",3243,FALSE,FALSE,"Peru","Oxapampa",FALSE,,,,,,,,
"OXAPAMPA_01_2020","OXAPAMPA_01_2020_P844",2,"potato","CIP316375.102","tubers",34.9958847736625,,TRUE,"doi:10.21223/B7HWWH",3244,FALSE,FALSE,"Peru","Oxapampa",FALSE,,,,,,,,
"OXAPAMPA_01_2020","OXAPAMPA_01_2020_P845",2,"potato","Kory","tubers",16.161220043573,,TRUE,"doi:10.21223/B7HWWH",3245,FALSE,FALSE,"Peru","Oxapampa",FALSE,,,,,,,,
"OXAPAMPA_01_2020","OXAPAMPA_01_2020_P846",2,"potato","Kory","tubers",12.5391903531438,,TRUE,"doi:10.21223/B7HWWH",3246,FALSE,FALSE,"Peru","Oxapampa",FALSE,,,,,,,,
"OXAPAMPA_01_2020","OXAPAMPA_01_2020_P847",2,"potato","CIP316373.198","tubers",28.5527065527065,,TRUE,"doi:10.21223/B7HWWH",3247,FALSE,FALSE,"Peru","Oxapampa",FALSE,,,,,,,,
"OXAPAMPA_01_2020","OXAPAMPA_01_2020_P848",2,"potato","CIP316348.178","tubers",39.7448559670782,,TRUE,"doi:10.21223/B7HWWH",3248,FALSE,FALSE,"Peru","Oxapampa",FALSE,,,,,,,,
"OXAPAMPA_01_2020","OXAPAMPA_01_2020_P849",2,"potato","CIP317028.499","tubers",24.2033096926714,,TRUE,"doi:10.21223/B7HWWH",3249,FALSE,FALSE,"Peru","Oxapampa",FALSE,,,,,,,,
"OXAPAMPA_01_2020","OXAPAMPA_01_2020_P850",2,"potato","CIP316389.142","tubers",29.2192827748383,,TRUE,"doi:10.21223/B7HWWH",3250,FALSE,FALSE,"Peru","Oxapampa",FALSE,,,,,,,,
"OXAPAMPA_01_2020","OXAPAMPA_01_2020_P851",2,"potato","CIP317015.408","tubers",3.41269841269841,,TRUE,"doi:10.21223/B7HWWH",3251,FALSE,FALSE,"Peru","Oxapampa",FALSE,,,,,,,,
"OXAPAMPA_01_2020","OXAPAMPA_01_2020_P852",2,"potato","CIP316353.411","tubers",31.8631481481481,,TRUE,"doi:10.21223/B7HWWH",3252,FALSE,FALSE,"Peru","Oxapampa",FALSE,,,,,,,,
"OXAPAMPA_01_2020","OXAPAMPA_01_2020_P853",2,"potato","CIP316386.134","tubers",51.7995642701525,,TRUE,"doi:10.21223/B7HWWH",3253,FALSE,FALSE,"Peru","Oxapampa",FALSE,,,,,,,,
"OXAPAMPA_01_2020","OXAPAMPA_01_2020_P854",2,"potato","CIP316352.118","tubers",35.361285814116,,TRUE,"doi:10.21223/B7HWWH",3254,FALSE,FALSE,"Peru","Oxapampa",FALSE,,,,,,,,
"OXAPAMPA_01_2020","OXAPAMPA_01_2020_P855",2,"potato","CIP316363.174","tubers",31.3731138545953,,TRUE,"doi:10.21223/B7HWWH",3255,FALSE,FALSE,"Peru","Oxapampa",FALSE,,,,,,,,
"OXAPAMPA_01_2020","OXAPAMPA_01_2020_P856",2,"potato","CIP302534.1","tubers",17.3333333333333,,TRUE,"doi:10.21223/B7HWWH",3256,FALSE,FALSE,"Peru","Oxapampa",FALSE,,,,,,,,
"OXAPAMPA_01_2020","OXAPAMPA_01_2020_P857",2,"potato","CIP316386.168","tubers",24.6500377928949,,TRUE,"doi:10.21223/B7HWWH",3257,FALSE,FALSE,"Peru","Oxapampa",FALSE,,,,,,,,
"OXAPAMPA_01_2020","OXAPAMPA_01_2020_P858",2,"potato","CIP316344.154","tubers",24.6666666666667,,TRUE,"doi:10.21223/B7HWWH",3258,FALSE,FALSE,"Peru","Oxapampa",FALSE,,,,,,,,
"OXAPAMPA_01_2020","OXAPAMPA_01_2020_P859",2,"potato","CIP316376.169","tubers",31.3333333333333,,TRUE,"doi:10.21223/B7HWWH",3259,FALSE,FALSE,"Peru","Oxapampa",FALSE,,,,,,,,
"OXAPAMPA_01_2020","OXAPAMPA_01_2020_P860",2,"potato","CIP316384.142","tubers",10.8865740740741,,TRUE,"doi:10.21223/B7HWWH",3260,FALSE,FALSE,"Peru","Oxapampa",FALSE,,,,,,,,
"OXAPAMPA_01_2020","OXAPAMPA_01_2020_P861",2,"potato","CIP316371.198","tubers",25.8148148148148,,TRUE,"doi:10.21223/B7HWWH",3261,FALSE,FALSE,"Peru","Oxapampa",FALSE,,,,,,,,
"OXAPAMPA_01_2020","OXAPAMPA_01_2020_P862",2,"potato","CIP316358.179","tubers",31.3251028806584,,TRUE,"doi:10.21223/B7HWWH",3262,FALSE,FALSE,"Peru","Oxapampa",FALSE,,,,,,,,
"OXAPAMPA_01_2020","OXAPAMPA_01_2020_P863",2,"potato","CIP316354.172","tubers",29.5824915824916,,TRUE,"doi:10.21223/B7HWWH",3263,FALSE,FALSE,"Peru","Oxapampa",FALSE,,,,,,,,
"OXAPAMPA_01_2020","OXAPAMPA_01_2020_P864",2,"potato","CIP316361.187","tubers",40.7710437710438,,TRUE,"doi:10.21223/B7HWWH",3264,FALSE,FALSE,"Peru","Oxapampa",FALSE,,,,,,,,
"OXAPAMPA_01_2020","OXAPAMPA_01_2020_P865",2,"potato","CIP316360.155","tubers",28.2145593869732,,TRUE,"doi:10.21223/B7HWWH",3265,FALSE,FALSE,"Peru","Oxapampa",FALSE,,,,,,,,
"OXAPAMPA_01_2020","OXAPAMPA_01_2020_P866",2,"potato","CIP316367.147","tubers",38.0205761316872,,TRUE,"doi:10.21223/B7HWWH",3266,FALSE,FALSE,"Peru","Oxapampa",FALSE,,,,,,,,
"OXAPAMPA_01_2020","OXAPAMPA_01_2020_P867",2,"potato","CIP316352.160","tubers",17.6296296296296,,TRUE,"doi:10.21223/B7HWWH",3267,FALSE,FALSE,"Peru","Oxapampa",FALSE,,,,,,,,
"OXAPAMPA_01_2020","OXAPAMPA_01_2020_P868",2,"potato","CIP316361.203","tubers",25.297052154195,,TRUE,"doi:10.21223/B7HWWH",3268,FALSE,FALSE,"Peru","Oxapampa",FALSE,,,,,,,,
"OXAPAMPA_01_2020","OXAPAMPA_01_2020_P869",2,"potato","Kory","tubers",25.4723846653671,,TRUE,"doi:10.21223/B7HWWH",3269,FALSE,FALSE,"Peru","Oxapampa",FALSE,,,,,,,,
"OXAPAMPA_01_2020","OXAPAMPA_01_2020_P870",2,"potato","Amarilis","tubers",13.5455455455455,,TRUE,"doi:10.21223/B7HWWH",3270,FALSE,FALSE,"Peru","Oxapampa",FALSE,,,,,,,,
"OXAPAMPA_01_2020","OXAPAMPA_01_2020_P871",2,"potato","Yungay","tubers",10.4232804232804,,TRUE,"doi:10.21223/B7HWWH",3271,FALSE,FALSE,"Peru","Oxapampa",FALSE,,,,,,,,
"OXAPAMPA_01_2020","OXAPAMPA_01_2020_P872",2,"potato","CIP316344.189","tubers",14.2328042328042,,TRUE,"doi:10.21223/B7HWWH",3272,FALSE,FALSE,"Peru","Oxapampa",FALSE,,,,,,,,
"OXAPAMPA_01_2020","OXAPAMPA_01_2020_P873",2,"potato","CIP316357.184","tubers",15.0482603815937,,TRUE,"doi:10.21223/B7HWWH",3273,FALSE,FALSE,"Peru","Oxapampa",FALSE,,,,,,,,
"OXAPAMPA_01_2020","OXAPAMPA_01_2020_P874",2,"potato","Kory","tubers",22.2154882154882,,TRUE,"doi:10.21223/B7HWWH",3274,FALSE,FALSE,"Peru","Oxapampa",FALSE,,,,,,,,
"OXAPAMPA_01_2020","OXAPAMPA_01_2020_P875",2,"potato","CIP316360.118","tubers",32.22810111699,,TRUE,"doi:10.21223/B7HWWH",3275,FALSE,FALSE,"Peru","Oxapampa",FALSE,,,,,,,,
"OXAPAMPA_01_2020","OXAPAMPA_01_2020_P876",2,"potato","Amarilis","tubers",15.9211977935382,,TRUE,"doi:10.21223/B7HWWH",3276,FALSE,FALSE,"Peru","Oxapampa",FALSE,,,,,,,,
"OXAPAMPA_01_2020","OXAPAMPA_01_2020_P877",2,"potato","CIP316373.249","tubers",29.3162393162393,,TRUE,"doi:10.21223/B7HWWH",3277,FALSE,FALSE,"Peru","Oxapampa",FALSE,,,,,,,,
"OXAPAMPA_01_2020","OXAPAMPA_01_2020_P878",2,"potato","CIP316360.213","tubers",17.201646090535,,TRUE,"doi:10.21223/B7HWWH",3278,FALSE,FALSE,"Peru","Oxapampa",FALSE,,,,,,,,
"OXAPAMPA_01_2020","OXAPAMPA_01_2020_P879",2,"potato","CIP317011.121","tubers",25.479797979798,,TRUE,"doi:10.21223/B7HWWH",3279,FALSE,FALSE,"Peru","Oxapampa",FALSE,,,,,,,,
"OXAPAMPA_01_2020","OXAPAMPA_01_2020_P880",2,"potato","CIP316360.187","tubers",34.7962962962963,,TRUE,"doi:10.21223/B7HWWH",3280,FALSE,FALSE,"Peru","Oxapampa",FALSE,,,,,,,,
"OXAPAMPA_01_2020","OXAPAMPA_01_2020_P881",2,"potato","CIP316359.228","tubers",46.6492374727669,,TRUE,"doi:10.21223/B7HWWH",3281,FALSE,FALSE,"Peru","Oxapampa",FALSE,,,,,,,,
"OXAPAMPA_01_2020","OXAPAMPA_01_2020_P882",2,"potato","CIP316353.125","tubers",26.8479532163743,,TRUE,"doi:10.21223/B7HWWH",3282,FALSE,FALSE,"Peru","Oxapampa",FALSE,,,,,,,,
"OXAPAMPA_01_2020","OXAPAMPA_01_2020_P883",2,"potato","CIP316390.121","tubers",38.973544973545,,TRUE,"doi:10.21223/B7HWWH",3283,FALSE,FALSE,"Peru","Oxapampa",FALSE,,,,,,,,
"OXAPAMPA_01_2020","OXAPAMPA_01_2020_P884",2,"potato","CIP316360.195","tubers",10.9259259259259,,TRUE,"doi:10.21223/B7HWWH",3284,FALSE,FALSE,"Peru","Oxapampa",FALSE,,,,,,,,
"OXAPAMPA_01_2020","OXAPAMPA_01_2020_P885",2,"potato","Kory","tubers",22.4309764309764,,TRUE,"doi:10.21223/B7HWWH",3285,FALSE,FALSE,"Peru","Oxapampa",FALSE,,,,,,,,
"OXAPAMPA_01_2020","OXAPAMPA_01_2020_P886",2,"potato","CIP316353.719","tubers",23.2364672364672,,TRUE,"doi:10.21223/B7HWWH",3286,FALSE,FALSE,"Peru","Oxapampa",FALSE,,,,,,,,
"OXAPAMPA_01_2020","OXAPAMPA_01_2020_P887",2,"potato","CIP316362.101","tubers",35.4864197530864,,TRUE,"doi:10.21223/B7HWWH",3287,FALSE,FALSE,"Peru","Oxapampa",FALSE,,,,,,,,
"OXAPAMPA_01_2020","OXAPAMPA_01_2020_P888",2,"potato","CIP316385.222","tubers",13.679012345679,,TRUE,"doi:10.21223/B7HWWH",3288,FALSE,FALSE,"Peru","Oxapampa",FALSE,,,,,,,,
"OXAPAMPA_01_2020","OXAPAMPA_01_2020_P889",2,"potato","CIP316378.162","tubers",13.1138545953361,,TRUE,"doi:10.21223/B7HWWH",3289,FALSE,FALSE,"Peru","Oxapampa",FALSE,,,,,,,,
"OXAPAMPA_01_2020","OXAPAMPA_01_2020_P890",2,"potato","CIP316360.159","tubers",25.1273148148148,,TRUE,"doi:10.21223/B7HWWH",3290,FALSE,FALSE,"Peru","Oxapampa",FALSE,,,,,,,,
"OXAPAMPA_01_2020","OXAPAMPA_01_2020_P891",2,"potato","CIP316358.232","tubers",36.5444444444444,,TRUE,"doi:10.21223/B7HWWH",3291,FALSE,FALSE,"Peru","Oxapampa",FALSE,,,,,,,,
"OXAPAMPA_01_2020","OXAPAMPA_01_2020_P892",2,"potato","CIP317017.40","tubers",12.0603566529492,,TRUE,"doi:10.21223/B7HWWH",3292,FALSE,FALSE,"Peru","Oxapampa",FALSE,,,,,,,,
"OXAPAMPA_01_2020","OXAPAMPA_01_2020_P893",2,"potato","CIP316367.137","tubers",22.7884494664156,,TRUE,"doi:10.21223/B7HWWH",3293,FALSE,FALSE,"Peru","Oxapampa",FALSE,,,,,,,,
"OXAPAMPA_01_2020","OXAPAMPA_01_2020_P894",2,"potato","CIP316378.167","tubers",20.0835707502374,,TRUE,"doi:10.21223/B7HWWH",3294,FALSE,FALSE,"Peru","Oxapampa",FALSE,,,,,,,,
"OXAPAMPA_01_2020","OXAPAMPA_01_2020_P895",2,"potato","CIP398208.670","tubers",11.1728395061728,,TRUE,"doi:10.21223/B7HWWH",3295,FALSE,FALSE,"Peru","Oxapampa",FALSE,,,,,,,,
"OXAPAMPA_01_2020","OXAPAMPA_01_2020_P896",2,"potato","CIP316363.104","tubers",8.52910052910053,,TRUE,"doi:10.21223/B7HWWH",3296,FALSE,FALSE,"Peru","Oxapampa",FALSE,,,,,,,,
"OXAPAMPA_01_2020","OXAPAMPA_01_2020_P897",2,"potato","CIP317015.449","tubers",16.4104938271605,,TRUE,"doi:10.21223/B7HWWH",3297,FALSE,FALSE,"Peru","Oxapampa",FALSE,,,,,,,,
"OXAPAMPA_01_2020","OXAPAMPA_01_2020_P898",2,"potato","CIP316357.206","tubers",53.962962962963,,TRUE,"doi:10.21223/B7HWWH",3298,FALSE,FALSE,"Peru","Oxapampa",FALSE,,,,,,,,
"OXAPAMPA_01_2020","OXAPAMPA_01_2020_P899",2,"potato","CIP316363.110","tubers",52.4814814814815,,TRUE,"doi:10.21223/B7HWWH",3299,FALSE,FALSE,"Peru","Oxapampa",FALSE,,,,,,,,
"OXAPAMPA_01_2020","OXAPAMPA_01_2020_P900",2,"potato","CIP316360.117","tubers",35.735002608242,,TRUE,"doi:10.21223/B7HWWH",3300,FALSE,FALSE,"Peru","Oxapampa",FALSE,,,,,,,,
"OXAPAMPA_01_2020","OXAPAMPA_01_2020_P901",2,"potato","CIP316361.244","tubers",24.733850129199,,TRUE,"doi:10.21223/B7HWWH",3301,FALSE,FALSE,"Peru","Oxapampa",FALSE,,,,,,,,
"OXAPAMPA_01_2020","OXAPAMPA_01_2020_P902",2,"potato","CIP316348.244","tubers",13.5555555555556,,TRUE,"doi:10.21223/B7HWWH",3302,FALSE,FALSE,"Peru","Oxapampa",FALSE,,,,,,,,
"OXAPAMPA_01_2020","OXAPAMPA_01_2020_P903",2,"potato","CIP316382.153","tubers",38.2972107910379,,TRUE,"doi:10.21223/B7HWWH",3303,FALSE,FALSE,"Peru","Oxapampa",FALSE,,,,,,,,
"OXAPAMPA_01_2020","OXAPAMPA_01_2020_P904",2,"potato","CIP316358.103","tubers",41.1481481481481,,TRUE,"doi:10.21223/B7HWWH",3304,FALSE,FALSE,"Peru","Oxapampa",FALSE,,,,,,,,
"OXAPAMPA_01_2020","OXAPAMPA_01_2020_P905",2,"potato","CIP316370.143","tubers",21.5959595959596,,TRUE,"doi:10.21223/B7HWWH",3305,FALSE,FALSE,"Peru","Oxapampa",FALSE,,,,,,,,
"OXAPAMPA_01_2020","OXAPAMPA_01_2020_P906",2,"potato","CIP316358.113","tubers",38.5020576131687,,TRUE,"doi:10.21223/B7HWWH",3306,FALSE,FALSE,"Peru","Oxapampa",FALSE,,,,,,,,
"OXAPAMPA_01_2020","OXAPAMPA_01_2020_P907",2,"potato","CIP316387.145","tubers",26.1947873799726,,TRUE,"doi:10.21223/B7HWWH",3307,FALSE,FALSE,"Peru","Oxapampa",FALSE,,,,,,,,
"OXAPAMPA_01_2020","OXAPAMPA_01_2020_P908",2,"potato","CIP316357.187","tubers",16.5079365079365,,TRUE,"doi:10.21223/B7HWWH",3308,FALSE,FALSE,"Peru","Oxapampa",FALSE,,,,,,,,
"OXAPAMPA_01_2020","OXAPAMPA_01_2020_P909",2,"potato","Yungay","tubers",3.5119825708061,,TRUE,"doi:10.21223/B7HWWH",3309,FALSE,FALSE,"Peru","Oxapampa",FALSE,,,,,,,,
"OXAPAMPA_01_2020","OXAPAMPA_01_2020_P910",2,"potato","Amarilis","tubers",12.535745047373,,TRUE,"doi:10.21223/B7HWWH",3310,FALSE,FALSE,"Peru","Oxapampa",FALSE,,,,,,,,
"OXAPAMPA_01_2020","OXAPAMPA_01_2020_P911",2,"potato","CIP316390.109","tubers",48.7320261437908,,TRUE,"doi:10.21223/B7HWWH",3311,FALSE,FALSE,"Peru","Oxapampa",FALSE,,,,,,,,
"OXAPAMPA_01_2020","OXAPAMPA_01_2020_P912",2,"potato","CIP316383.140","tubers",23.1234567901235,,TRUE,"doi:10.21223/B7HWWH",3312,FALSE,FALSE,"Peru","Oxapampa",FALSE,,,,,,,,
"OXAPAMPA_01_2020","OXAPAMPA_01_2020_P913",2,"potato","CIP302533.74","tubers",30.8888888888889,,TRUE,"doi:10.21223/B7HWWH",3313,FALSE,FALSE,"Peru","Oxapampa",FALSE,,,,,,,,
"OXAPAMPA_01_2020","OXAPAMPA_01_2020_P914",2,"potato","CIP316391.105","tubers",21.4529914529915,,TRUE,"doi:10.21223/B7HWWH",3314,FALSE,FALSE,"Peru","Oxapampa",FALSE,,,,,,,,
"OXAPAMPA_01_2020","OXAPAMPA_01_2020_P915",2,"potato","CIP316358.177","tubers",41.4661963550852,,TRUE,"doi:10.21223/B7HWWH",3315,FALSE,FALSE,"Peru","Oxapampa",FALSE,,,,,,,,
"OXAPAMPA_01_2020","OXAPAMPA_01_2020_P916",2,"potato","CIP316360.149","tubers",12.8402777777778,,TRUE,"doi:10.21223/B7HWWH",3316,FALSE,FALSE,"Peru","Oxapampa",FALSE,,,,,,,,
"OXAPAMPA_01_2020","OXAPAMPA_01_2020_P917",2,"potato","Yungay","tubers",12.7596223674655,,TRUE,"doi:10.21223/B7HWWH",3317,FALSE,FALSE,"Peru","Oxapampa",FALSE,,,,,,,,
"OXAPAMPA_01_2020","OXAPAMPA_01_2020_P918",2,"potato","Amarilis","tubers",13.4779541446208,,TRUE,"doi:10.21223/B7HWWH",3318,FALSE,FALSE,"Peru","Oxapampa",FALSE,,,,,,,,
"OXAPAMPA_01_2020","OXAPAMPA_01_2020_P919",2,"potato","CIP316360.227","tubers",31.0222222222222,,TRUE,"doi:10.21223/B7HWWH",3319,FALSE,FALSE,"Peru","Oxapampa",FALSE,,,,,,,,
"OXAPAMPA_01_2020","OXAPAMPA_01_2020_P920",2,"potato","CIP316344.146","tubers",39.5129375951294,,TRUE,"doi:10.21223/B7HWWH",3320,FALSE,FALSE,"Peru","Oxapampa",FALSE,,,,,,,,
"OXAPAMPA_01_2020","OXAPAMPA_01_2020_P921",2,"potato","CIP316348.172","tubers",21.202614379085,,TRUE,"doi:10.21223/B7HWWH",3321,FALSE,FALSE,"Peru","Oxapampa",FALSE,,,,,,,,
"OXAPAMPA_01_2020","OXAPAMPA_01_2020_P922",2,"potato","CIP316357.146","tubers",38.5707502374169,,TRUE,"doi:10.21223/B7HWWH",3322,FALSE,FALSE,"Peru","Oxapampa",FALSE,,,,,,,,
"OXAPAMPA_01_2020","OXAPAMPA_01_2020_P923",2,"potato","CIP316360.182","tubers",26.5679012345679,,TRUE,"doi:10.21223/B7HWWH",3323,FALSE,FALSE,"Peru","Oxapampa",FALSE,,,,,,,,
"OXAPAMPA_01_2020","OXAPAMPA_01_2020_P924",2,"potato","CIP316371.166","tubers",17.8067632850242,,TRUE,"doi:10.21223/B7HWWH",3324,FALSE,FALSE,"Peru","Oxapampa",FALSE,,,,,,,,
"OXAPAMPA_01_2020","OXAPAMPA_01_2020_P925",2,"potato","CIP316359.169","tubers",22.9479166666667,,TRUE,"doi:10.21223/B7HWWH",3325,FALSE,FALSE,"Peru","Oxapampa",FALSE,,,,,,,,
"OXAPAMPA_01_2020","OXAPAMPA_01_2020_P926",2,"potato","CIP316357.208","tubers",19.5570987654321,,TRUE,"doi:10.21223/B7HWWH",3326,FALSE,FALSE,"Peru","Oxapampa",FALSE,,,,,,,,
"OXAPAMPA_01_2020","OXAPAMPA_01_2020_P927",2,"potato","CIP317015.434","tubers",10.6385696040868,,TRUE,"doi:10.21223/B7HWWH",3327,FALSE,FALSE,"Peru","Oxapampa",FALSE,,,,,,,,
"OXAPAMPA_01_2020","OXAPAMPA_01_2020_P928",2,"potato","CIP316362.167","tubers",19.398819108964,,TRUE,"doi:10.21223/B7HWWH",3328,FALSE,FALSE,"Peru","Oxapampa",FALSE,,,,,,,,
"OXAPAMPA_01_2020","OXAPAMPA_01_2020_P929",2,"potato","CIP316361.110","tubers",26.8182601205857,,TRUE,"doi:10.21223/B7HWWH",3329,FALSE,FALSE,"Peru","Oxapampa",FALSE,,,,,,,,
"OXAPAMPA_01_2020","OXAPAMPA_01_2020_P930",2,"potato","CIP316377.127","tubers",25.1934156378601,,TRUE,"doi:10.21223/B7HWWH",3330,FALSE,FALSE,"Peru","Oxapampa",FALSE,,,,,,,,
"OXAPAMPA_01_2020","OXAPAMPA_01_2020_P931",2,"potato","CIP316354.149","tubers",20,,TRUE,"doi:10.21223/B7HWWH",3331,FALSE,FALSE,"Peru","Oxapampa",FALSE,,,,,,,,
"OXAPAMPA_01_2020","OXAPAMPA_01_2020_P932",2,"potato","CIP316390.107","tubers",41.7906602254428,,TRUE,"doi:10.21223/B7HWWH",3332,FALSE,FALSE,"Peru","Oxapampa",FALSE,,,,,,,,
"OXAPAMPA_01_2020","OXAPAMPA_01_2020_P933",2,"potato","CIP316353.101","tubers",21.6235827664399,,TRUE,"doi:10.21223/B7HWWH",3333,FALSE,FALSE,"Peru","Oxapampa",FALSE,,,,,,,,
"OXAPAMPA_01_2020","OXAPAMPA_01_2020_P934",2,"potato","CIP316367.104","tubers",21.9777777777778,,TRUE,"doi:10.21223/B7HWWH",3334,FALSE,FALSE,"Peru","Oxapampa",FALSE,,,,,,,,
"OXAPAMPA_01_2020","OXAPAMPA_01_2020_P935",2,"potato","CIP316387.187","tubers",25.9090909090909,,TRUE,"doi:10.21223/B7HWWH",3335,FALSE,FALSE,"Peru","Oxapampa",FALSE,,,,,,,,
"OXAPAMPA_01_2020","OXAPAMPA_01_2020_P936",2,"potato","CIP316366.120","tubers",43.723337795627,,TRUE,"doi:10.21223/B7HWWH",3336,FALSE,FALSE,"Peru","Oxapampa",FALSE,,,,,,,,
"OXAPAMPA_01_2020","OXAPAMPA_01_2020_P937",2,"potato","CIP398208.33","tubers",24.2361111111111,,TRUE,"doi:10.21223/B7HWWH",3337,FALSE,FALSE,"Peru","Oxapampa",FALSE,,,,,,,,
"OXAPAMPA_01_2020","OXAPAMPA_01_2020_P938",2,"potato","CIP316361.231","tubers",48.1272222222222,,TRUE,"doi:10.21223/B7HWWH",3338,FALSE,FALSE,"Peru","Oxapampa",FALSE,,,,,,,,
"OXAPAMPA_01_2020","OXAPAMPA_01_2020_P939",2,"potato","CIP316361.190","tubers",46.3808454919566,,TRUE,"doi:10.21223/B7HWWH",3339,FALSE,FALSE,"Peru","Oxapampa",FALSE,,,,,,,,
"OXAPAMPA_01_2020","OXAPAMPA_01_2020_P940",2,"potato","CIP316353.136","tubers",23.2654320987654,,TRUE,"doi:10.21223/B7HWWH",3340,FALSE,FALSE,"Peru","Oxapampa",FALSE,,,,,,,,
"OXAPAMPA_01_2020","OXAPAMPA_01_2020_P941",2,"potato","CIP317008.407","tubers",35.6296296296296,,TRUE,"doi:10.21223/B7HWWH",3341,FALSE,FALSE,"Peru","Oxapampa",FALSE,,,,,,,,
"OXAPAMPA_01_2020","OXAPAMPA_01_2020_P942",2,"potato","Yungay","tubers",16.517146776406,,TRUE,"doi:10.21223/B7HWWH",3342,FALSE,FALSE,"Peru","Oxapampa",FALSE,,,,,,,,
"OXAPAMPA_01_2020","OXAPAMPA_01_2020_P943",2,"potato","CIP316358.174","tubers",50.6770833333333,,TRUE,"doi:10.21223/B7HWWH",3343,FALSE,FALSE,"Peru","Oxapampa",FALSE,,,,,,,,
"OXAPAMPA_01_2020","OXAPAMPA_01_2020_P944",2,"potato","CIP316348.246","tubers",18.7407407407407,,TRUE,"doi:10.21223/B7HWWH",3344,FALSE,FALSE,"Peru","Oxapampa",FALSE,,,,,,,,
"OXAPAMPA_01_2020","OXAPAMPA_01_2020_P945",2,"potato","CIP316365.133","tubers",41.8185601331669,,TRUE,"doi:10.21223/B7HWWH",3345,FALSE,FALSE,"Peru","Oxapampa",FALSE,,,,,,,,
"OXAPAMPA_01_2020","OXAPAMPA_01_2020_P946",2,"potato","CIP316376.106","tubers",20.2766666666667,,TRUE,"doi:10.21223/B7HWWH",3346,FALSE,FALSE,"Peru","Oxapampa",FALSE,,,,,,,,
"OXAPAMPA_01_2020","OXAPAMPA_01_2020_P947",2,"potato","CIP316363.183","tubers",33.0835148874365,,TRUE,"doi:10.21223/B7HWWH",3347,FALSE,FALSE,"Peru","Oxapampa",FALSE,,,,,,,,
"OXAPAMPA_01_2020","OXAPAMPA_01_2020_P948",2,"potato","Kory","tubers",23.5663082437276,,TRUE,"doi:10.21223/B7HWWH",3348,FALSE,FALSE,"Peru","Oxapampa",FALSE,,,,,,,,
"OXAPAMPA_01_2020","OXAPAMPA_01_2020_P949",2,"potato","CIP316363.175","tubers",34.5324074074074,,TRUE,"doi:10.21223/B7HWWH",3349,FALSE,FALSE,"Peru","Oxapampa",FALSE,,,,,,,,
"OXAPAMPA_01_2020","OXAPAMPA_01_2020_P950",2,"potato","CIP316371.133","tubers",23.962962962963,,TRUE,"doi:10.21223/B7HWWH",3350,FALSE,FALSE,"Peru","Oxapampa",FALSE,,,,,,,,
"OXAPAMPA_01_2020","OXAPAMPA_01_2020_P951",2,"potato","Yungay","tubers",8.12438853948288,,TRUE,"doi:10.21223/B7HWWH",3351,FALSE,FALSE,"Peru","Oxapampa",FALSE,,,,,,,,
"OXAPAMPA_01_2020","OXAPAMPA_01_2020_P952",2,"potato","CIP316361.121","tubers",50.8634493078938,,TRUE,"doi:10.21223/B7HWWH",3352,FALSE,FALSE,"Peru","Oxapampa",FALSE,,,,,,,,
"OXAPAMPA_01_2020","OXAPAMPA_01_2020_P953",2,"potato","CIP316353.145","tubers",28.0551615445232,,TRUE,"doi:10.21223/B7HWWH",3353,FALSE,FALSE,"Peru","Oxapampa",FALSE,,,,,,,,
"OXAPAMPA_01_2020","OXAPAMPA_01_2020_P954",2,"potato","CIP316362.152","tubers",29.7146464646465,,TRUE,"doi:10.21223/B7HWWH",3354,FALSE,FALSE,"Peru","Oxapampa",FALSE,,,,,,,,
"OXAPAMPA_01_2020","OXAPAMPA_01_2020_P955",2,"potato","CIP316360.240","tubers",28.2353643966547,,TRUE,"doi:10.21223/B7HWWH",3355,FALSE,FALSE,"Peru","Oxapampa",FALSE,,,,,,,,
"OXAPAMPA_01_2020","OXAPAMPA_01_2020_P956",2,"potato","CIP316353.741","tubers",34.929539295393,,TRUE,"doi:10.21223/B7HWWH",3356,FALSE,FALSE,"Peru","Oxapampa",FALSE,,,,,,,,
"OXAPAMPA_01_2020","OXAPAMPA_01_2020_P957",2,"potato","CIP316384.215","tubers",47.4010840108401,,TRUE,"doi:10.21223/B7HWWH",3357,FALSE,FALSE,"Peru","Oxapampa",FALSE,,,,,,,,
"OXAPAMPA_01_2020","OXAPAMPA_01_2020_P958",2,"potato","CIP317017.26","tubers",17.2046783625731,,TRUE,"doi:10.21223/B7HWWH",3358,FALSE,FALSE,"Peru","Oxapampa",FALSE,,,,,,,,
"OXAPAMPA_01_2020","OXAPAMPA_01_2020_P959",2,"potato","CIP316349.166","tubers",47.7689594356261,,TRUE,"doi:10.21223/B7HWWH",3359,FALSE,FALSE,"Peru","Oxapampa",FALSE,,,,,,,,
"OXAPAMPA_01_2020","OXAPAMPA_01_2020_P960",2,"potato","CIP302531.43","tubers",29.8498498498498,,TRUE,"doi:10.21223/B7HWWH",3360,FALSE,FALSE,"Peru","Oxapampa",FALSE,,,,,,,,
"OXAPAMPA_01_2020","OXAPAMPA_01_2020_P961",2,"potato","Amarilis","tubers",12.7542087542088,,TRUE,"doi:10.21223/B7HWWH",3361,FALSE,FALSE,"Peru","Oxapampa",FALSE,,,,,,,,
"OXAPAMPA_01_2020","OXAPAMPA_01_2020_P962",2,"potato","CIP316367.193","tubers",61.9688674181428,,TRUE,"doi:10.21223/B7HWWH",3362,FALSE,FALSE,"Peru","Oxapampa",FALSE,,,,,,,,
"OXAPAMPA_01_2020","OXAPAMPA_01_2020_P963",2,"potato","CIP316352.152","tubers",45.5555555555555,,TRUE,"doi:10.21223/B7HWWH",3363,FALSE,FALSE,"Peru","Oxapampa",FALSE,,,,,,,,
"OXAPAMPA_01_2020","OXAPAMPA_01_2020_P964",2,"potato","Yungay","tubers",10.028028028028,,TRUE,"doi:10.21223/B7HWWH",3364,FALSE,FALSE,"Peru","Oxapampa",FALSE,,,,,,,,
"OXAPAMPA_01_2020","OXAPAMPA_01_2020_P965",2,"potato","CIP316353.133","tubers",45.4924104432301,,TRUE,"doi:10.21223/B7HWWH",3365,FALSE,FALSE,"Peru","Oxapampa",FALSE,,,,,,,,
"OXAPAMPA_01_2020","OXAPAMPA_01_2020_P966",2,"potato","CIP316364.143","tubers",32.3386243386243,,TRUE,"doi:10.21223/B7HWWH",3366,FALSE,FALSE,"Peru","Oxapampa",FALSE,,,,,,,,
"OXAPAMPA_01_2020","OXAPAMPA_01_2020_P967",2,"potato","CIP316367.177","tubers",47.1194968553459,,TRUE,"doi:10.21223/B7HWWH",3367,FALSE,FALSE,"Peru","Oxapampa",FALSE,,,,,,,,
"OXAPAMPA_01_2020","OXAPAMPA_01_2020_P968",2,"potato","CIP316390.152","tubers",28.882962962963,,TRUE,"doi:10.21223/B7HWWH",3368,FALSE,FALSE,"Peru","Oxapampa",FALSE,,,,,,,,
"OXAPAMPA_01_2020","OXAPAMPA_01_2020_P969",2,"potato","CIP316358.184","tubers",32.1424074074074,,TRUE,"doi:10.21223/B7HWWH",3369,FALSE,FALSE,"Peru","Oxapampa",FALSE,,,,,,,,
"OXAPAMPA_01_2020","OXAPAMPA_01_2020_P970",2,"potato","CIP316353.109","tubers",21.0152505446623,,TRUE,"doi:10.21223/B7HWWH",3370,FALSE,FALSE,"Peru","Oxapampa",FALSE,,,,,,,,
"OXAPAMPA_01_2020","OXAPAMPA_01_2020_P971",2,"potato","CIP302533.49","tubers",32.1111111111111,,TRUE,"doi:10.21223/B7HWWH",3371,FALSE,FALSE,"Peru","Oxapampa",FALSE,,,,,,,,
"OXAPAMPA_01_2020","OXAPAMPA_01_2020_P972",2,"potato","CIP316364.136","tubers",32.4713804713805,,TRUE,"doi:10.21223/B7HWWH",3372,FALSE,FALSE,"Peru","Oxapampa",FALSE,,,,,,,,
"OXAPAMPA_01_2020","OXAPAMPA_01_2020_P973",2,"potato","CIP317011.409","tubers",27.940110323089,,TRUE,"doi:10.21223/B7HWWH",3373,FALSE,FALSE,"Peru","Oxapampa",FALSE,,,,,,,,
"OXAPAMPA_01_2020","OXAPAMPA_01_2020_P974",2,"potato","CIP317029.443","tubers",25.5498575498575,,TRUE,"doi:10.21223/B7HWWH",3374,FALSE,FALSE,"Peru","Oxapampa",FALSE,,,,,,,,
"OXAPAMPA_01_2020","OXAPAMPA_01_2020_P975",2,"potato","CIP316367.183","tubers",44.5454545454545,,TRUE,"doi:10.21223/B7HWWH",3375,FALSE,FALSE,"Peru","Oxapampa",FALSE,,,,,,,,
"OXAPAMPA_01_2020","OXAPAMPA_01_2020_P976",2,"potato","CIP316366.101","tubers",34.6031746031746,,TRUE,"doi:10.21223/B7HWWH",3376,FALSE,FALSE,"Peru","Oxapampa",FALSE,,,,,,,,
"OXAPAMPA_01_2020","OXAPAMPA_01_2020_P977",2,"potato","CIP317016.438","tubers",15.9876543209877,,TRUE,"doi:10.21223/B7HWWH",3377,FALSE,FALSE,"Peru","Oxapampa",FALSE,,,,,,,,
"OXAPAMPA_01_2020","OXAPAMPA_01_2020_P978",2,"potato","CIP316359.247","tubers",34.6190476190476,,TRUE,"doi:10.21223/B7HWWH",3378,FALSE,FALSE,"Peru","Oxapampa",FALSE,,,,,,,,
"OXAPAMPA_01_2020","OXAPAMPA_01_2020_P979",2,"potato","CIP316352.178","tubers",26.3646296296296,,TRUE,"doi:10.21223/B7HWWH",3379,FALSE,FALSE,"Peru","Oxapampa",FALSE,,,,,,,,
"OXAPAMPA_01_2020","OXAPAMPA_01_2020_P980",2,"potato","Kory","tubers",19.3653198653199,,TRUE,"doi:10.21223/B7HWWH",3380,FALSE,FALSE,"Peru","Oxapampa",FALSE,,,,,,,,
"OXAPAMPA_01_2020","OXAPAMPA_01_2020_P981",2,"potato","CIP316358.154","tubers",54.4395527603075,,TRUE,"doi:10.21223/B7HWWH",3381,FALSE,FALSE,"Peru","Oxapampa",FALSE,,,,,,,,
"OXAPAMPA_01_2020","OXAPAMPA_01_2020_P982",2,"potato","Yungay","tubers",10.6074074074074,,TRUE,"doi:10.21223/B7HWWH",3382,FALSE,FALSE,"Peru","Oxapampa",FALSE,,,,,,,,
"OXAPAMPA_01_2020","OXAPAMPA_01_2020_P983",2,"potato","CIP316359.115","tubers",46.1616982836495,,TRUE,"doi:10.21223/B7HWWH",3383,FALSE,FALSE,"Peru","Oxapampa",FALSE,,,,,,,,
"OXAPAMPA_01_2020","OXAPAMPA_01_2020_P984",2,"potato","CIP317029.432","tubers",4.76543209876543,,TRUE,"doi:10.21223/B7HWWH",3384,FALSE,FALSE,"Peru","Oxapampa",FALSE,,,,,,,,
"OXAPAMPA_01_2020","OXAPAMPA_01_2020_P985",2,"potato","CIP316360.158","tubers",10.8235294117647,,TRUE,"doi:10.21223/B7HWWH",3385,FALSE,FALSE,"Peru","Oxapampa",FALSE,,,,,,,,
"OXAPAMPA_01_2020","OXAPAMPA_01_2020_P986",2,"potato","CIP316380.150","tubers",32.6988727858293,,TRUE,"doi:10.21223/B7HWWH",3386,FALSE,FALSE,"Peru","Oxapampa",FALSE,,,,,,,,
"OXAPAMPA_01_2020","OXAPAMPA_01_2020_P987",2,"potato","CIP316362.179","tubers",6.48324514991182,,TRUE,"doi:10.21223/B7HWWH",3387,FALSE,FALSE,"Peru","Oxapampa",FALSE,,,,,,,,
"OXAPAMPA_01_2020","OXAPAMPA_01_2020_P988",2,"potato","CIP316359.167","tubers",20.5267489711934,,TRUE,"doi:10.21223/B7HWWH",3388,FALSE,FALSE,"Peru","Oxapampa",FALSE,,,,,,,,
"OXAPAMPA_01_2020","OXAPAMPA_01_2020_P989",2,"potato","CIP316361.202","tubers",44.8085106382979,,TRUE,"doi:10.21223/B7HWWH",3389,FALSE,FALSE,"Peru","Oxapampa",FALSE,,,,,,,,
"OXAPAMPA_01_2020","OXAPAMPA_01_2020_P990",2,"potato","CIP316357.160","tubers",31.4688731284476,,TRUE,"doi:10.21223/B7HWWH",3390,FALSE,FALSE,"Peru","Oxapampa",FALSE,,,,,,,,
"OXAPAMPA_01_2020","OXAPAMPA_01_2020_P991",2,"potato","CIP316386.161","tubers",22.8888888888889,,TRUE,"doi:10.21223/B7HWWH",3391,FALSE,FALSE,"Peru","Oxapampa",FALSE,,,,,,,,
"OXAPAMPA_01_2020","OXAPAMPA_01_2020_P992",2,"potato","CIP317017.65","tubers",14.170692431562,,TRUE,"doi:10.21223/B7HWWH",3392,FALSE,FALSE,"Peru","Oxapampa",FALSE,,,,,,,,
"OXAPAMPA_01_2020","OXAPAMPA_01_2020_P993",2,"potato","CIP316385.149","tubers",15.8611111111111,,TRUE,"doi:10.21223/B7HWWH",3393,FALSE,FALSE,"Peru","Oxapampa",FALSE,,,,,,,,
"OXAPAMPA_01_2020","OXAPAMPA_01_2020_P994",2,"potato","Kory","tubers",14.1481481481481,,TRUE,"doi:10.21223/B7HWWH",3394,FALSE,FALSE,"Peru","Oxapampa",FALSE,,,,,,,,
"OXAPAMPA_01_2020","OXAPAMPA_01_2020_P995",2,"potato","CIP316386.166","tubers",26.0516795865633,,TRUE,"doi:10.21223/B7HWWH",3395,FALSE,FALSE,"Peru","Oxapampa",FALSE,,,,,,,,
"OXAPAMPA_01_2020","OXAPAMPA_01_2020_P996",2,"potato","CIP316359.107","tubers",29.3935185185185,,TRUE,"doi:10.21223/B7HWWH",3396,FALSE,FALSE,"Peru","Oxapampa",FALSE,,,,,,,,
"OXAPAMPA_01_2020","OXAPAMPA_01_2020_P997",2,"potato","CIP316393.114","tubers",20.5059259259259,,TRUE,"doi:10.21223/B7HWWH",3397,FALSE,FALSE,"Peru","Oxapampa",FALSE,,,,,,,,
"OXAPAMPA_01_2020","OXAPAMPA_01_2020_P998",2,"potato","Amarilis","tubers",18,,TRUE,"doi:10.21223/B7HWWH",3398,FALSE,FALSE,"Peru","Oxapampa",FALSE,,,,,,,,
"OXAPAMPA_01_2020","OXAPAMPA_01_2020_P999",2,"potato","CIP317016.492","tubers",27.3622402890696,,TRUE,"doi:10.21223/B7HWWH",3399,FALSE,FALSE,"Peru","Oxapampa",FALSE,,,,,,,,
"OXAPAMPA_01_2020","OXAPAMPA_01_2020_P1000",2,"potato","CIP316375.183","tubers",18.6096866096866,,TRUE,"doi:10.21223/B7HWWH",3400,FALSE,FALSE,"Peru","Oxapampa",FALSE,,,,,,,,
"OXAPAMPA_01_2020","OXAPAMPA_01_2020_P1001",2,"potato","CIP316353.130","tubers",47.1863075196408,,TRUE,"doi:10.21223/B7HWWH",3401,FALSE,FALSE,"Peru","Oxapampa",FALSE,,,,,,,,
"OXAPAMPA_01_2020","OXAPAMPA_01_2020_P1002",2,"potato","CIP316353.148","tubers",45.3724989357173,,TRUE,"doi:10.21223/B7HWWH",3402,FALSE,FALSE,"Peru","Oxapampa",FALSE,,,,,,,,
"OXAPAMPA_01_2020","OXAPAMPA_01_2020_P1003",2,"potato","CIP316349.116","tubers",36.8093278463649,,TRUE,"doi:10.21223/B7HWWH",3403,FALSE,FALSE,"Peru","Oxapampa",FALSE,,,,,,,,
"OXAPAMPA_01_2020","OXAPAMPA_01_2020_P1004",2,"potato","CIP304079.10","tubers",31.4444444444444,,TRUE,"doi:10.21223/B7HWWH",3404,FALSE,FALSE,"Peru","Oxapampa",FALSE,,,,,,,,
"OXAPAMPA_01_2020","OXAPAMPA_01_2020_P1005",2,"potato","CIP316352.122","tubers",57.0933641975309,,TRUE,"doi:10.21223/B7HWWH",3405,FALSE,FALSE,"Peru","Oxapampa",FALSE,,,,,,,,
"OXAPAMPA_01_2020","OXAPAMPA_01_2020_P1006",2,"potato","CIP316353.134","tubers",31.0136452241715,,TRUE,"doi:10.21223/B7HWWH",3406,FALSE,FALSE,"Peru","Oxapampa",FALSE,,,,,,,,
"OXAPAMPA_01_2020","OXAPAMPA_01_2020_P1007",2,"potato","CIP316359.102","tubers",34.4444444444444,,TRUE,"doi:10.21223/B7HWWH",3407,FALSE,FALSE,"Peru","Oxapampa",FALSE,,,,,,,,
"OXAPAMPA_01_2020","OXAPAMPA_01_2020_P1008",2,"potato","CIP316366.126","tubers",60.9745944291399,,TRUE,"doi:10.21223/B7HWWH",3408,FALSE,FALSE,"Peru","Oxapampa",FALSE,,,,,,,,
"OXAPAMPA_01_2020","OXAPAMPA_01_2020_P1009",2,"potato","CIP316363.161","tubers",24.0634920634921,,TRUE,"doi:10.21223/B7HWWH",3409,FALSE,FALSE,"Peru","Oxapampa",FALSE,,,,,,,,
"OXAPAMPA_01_2020","OXAPAMPA_01_2020_P1010",2,"potato","CIP316387.223","tubers",41.4011476264997,,TRUE,"doi:10.21223/B7HWWH",3410,FALSE,FALSE,"Peru","Oxapampa",FALSE,,,,,,,,
"OXAPAMPA_01_2020","OXAPAMPA_01_2020_P1011",2,"potato","CIP316359.119","tubers",31.7487922705314,,TRUE,"doi:10.21223/B7HWWH",3411,FALSE,FALSE,"Peru","Oxapampa",FALSE,,,,,,,,
"OXAPAMPA_01_2020","OXAPAMPA_01_2020_P1012",2,"potato","CIP316348.174","tubers",18.6084656084656,,TRUE,"doi:10.21223/B7HWWH",3412,FALSE,FALSE,"Peru","Oxapampa",FALSE,,,,,,,,
"OXAPAMPA_01_2020","OXAPAMPA_01_2020_P1013",2,"potato","CIP316363.127","tubers",47.1907407407408,,TRUE,"doi:10.21223/B7HWWH",3413,FALSE,FALSE,"Peru","Oxapampa",FALSE,,,,,,,,
"OXAPAMPA_01_2020","OXAPAMPA_01_2020_P1014",2,"potato","CIP317029.434","tubers",11.5949074074074,,TRUE,"doi:10.21223/B7HWWH",3414,FALSE,FALSE,"Peru","Oxapampa",FALSE,,,,,,,,
"OXAPAMPA_01_2020","OXAPAMPA_01_2020_P1015",2,"potato","Amarilis","tubers",17.1526648599819,,TRUE,"doi:10.21223/B7HWWH",3415,FALSE,FALSE,"Peru","Oxapampa",FALSE,,,,,,,,
"OXAPAMPA_01_2020","OXAPAMPA_01_2020_P1016",2,"potato","CIP317015.469","tubers",7.40740740740741,,TRUE,"doi:10.21223/B7HWWH",3416,FALSE,FALSE,"Peru","Oxapampa",FALSE,,,,,,,,
"OXAPAMPA_01_2020","OXAPAMPA_01_2020_P1017",2,"potato","CIP316360.152","tubers",28.5185185185185,,TRUE,"doi:10.21223/B7HWWH",3417,FALSE,FALSE,"Peru","Oxapampa",FALSE,,,,,,,,
"OXAPAMPA_01_2020","OXAPAMPA_01_2020_P1018",2,"potato","CIP316362.137","tubers",37.0877727042111,,TRUE,"doi:10.21223/B7HWWH",3418,FALSE,FALSE,"Peru","Oxapampa",FALSE,,,,,,,,
"OXAPAMPA_01_2020","OXAPAMPA_01_2020_P1019",2,"potato","CIP316359.144","tubers",26.1183333333333,,TRUE,"doi:10.21223/B7HWWH",3419,FALSE,FALSE,"Peru","Oxapampa",FALSE,,,,,,,,
"OXAPAMPA_01_2020","OXAPAMPA_01_2020_P1020",2,"potato","Yungay","tubers",4.40740740740741,,TRUE,"doi:10.21223/B7HWWH",3420,FALSE,FALSE,"Peru","Oxapampa",FALSE,,,,,,,,
"OXAPAMPA_01_2020","OXAPAMPA_01_2020_P1021",2,"potato","CIP316371.139","tubers",23.4594594594595,,TRUE,"doi:10.21223/B7HWWH",3421,FALSE,FALSE,"Peru","Oxapampa",FALSE,,,,,,,,
"OXAPAMPA_01_2020","OXAPAMPA_01_2020_P1022",2,"potato","CIP316353.161","tubers",45.4128540305011,,TRUE,"doi:10.21223/B7HWWH",3422,FALSE,FALSE,"Peru","Oxapampa",FALSE,,,,,,,,
"OXAPAMPA_01_2020","OXAPAMPA_01_2020_P1023",2,"potato","CIP316367.181","tubers",47.9220272904483,,TRUE,"doi:10.21223/B7HWWH",3423,FALSE,FALSE,"Peru","Oxapampa",FALSE,,,,,,,,
"OXAPAMPA_01_2020","OXAPAMPA_01_2020_P1024",2,"potato","Yungay","tubers",4.09053497942387,,TRUE,"doi:10.21223/B7HWWH",3424,FALSE,FALSE,"Peru","Oxapampa",FALSE,,,,,,,,
"OXAPAMPA_01_2020","OXAPAMPA_01_2020_P1025",2,"potato","CIP316392.111","tubers",32.8001628001628,,TRUE,"doi:10.21223/B7HWWH",3425,FALSE,FALSE,"Peru","Oxapampa",FALSE,,,,,,,,
"OXAPAMPA_01_2020","OXAPAMPA_01_2020_P1026",2,"potato","CIP316367.128","tubers",41.1111111111111,,TRUE,"doi:10.21223/B7HWWH",3426,FALSE,FALSE,"Peru","Oxapampa",FALSE,,,,,,,,
"OXAPAMPA_01_2020","OXAPAMPA_01_2020_P1027",2,"potato","CIP316359.242","tubers",45.5713159968479,,TRUE,"doi:10.21223/B7HWWH",3427,FALSE,FALSE,"Peru","Oxapampa",FALSE,,,,,,,,
"OXAPAMPA_01_2020","OXAPAMPA_01_2020_P1028",2,"potato","CIP316360.248","tubers",28.2760942760943,,TRUE,"doi:10.21223/B7HWWH",3428,FALSE,FALSE,"Peru","Oxapampa",FALSE,,,,,,,,
"OXAPAMPA_01_2020","OXAPAMPA_01_2020_P1029",2,"potato","CIP316361.196","tubers",12.2460317460317,,TRUE,"doi:10.21223/B7HWWH",3429,FALSE,FALSE,"Peru","Oxapampa",FALSE,,,,,,,,
"OXAPAMPA_01_2020","OXAPAMPA_01_2020_P1030",2,"potato","CIP398192.553","tubers",39.8518518518518,,TRUE,"doi:10.21223/B7HWWH",3430,FALSE,FALSE,"Peru","Oxapampa",FALSE,,,,,,,,
"OXAPAMPA_01_2020","OXAPAMPA_01_2020_P1031",2,"potato","CIP316361.152","tubers",27.1277399848828,,TRUE,"doi:10.21223/B7HWWH",3431,FALSE,FALSE,"Peru","Oxapampa",FALSE,,,,,,,,
"OXAPAMPA_01_2020","OXAPAMPA_01_2020_P1032",2,"potato","CIP316360.116","tubers",46.3908045977011,,TRUE,"doi:10.21223/B7HWWH",3432,FALSE,FALSE,"Peru","Oxapampa",FALSE,,,,,,,,
"OXAPAMPA_01_2020","OXAPAMPA_01_2020_P1033",2,"potato","CIP316385.125","tubers",25.4114814814815,,TRUE,"doi:10.21223/B7HWWH",3433,FALSE,FALSE,"Peru","Oxapampa",FALSE,,,,,,,,
"OXAPAMPA_01_2020","OXAPAMPA_01_2020_P1034",2,"potato","CIP316361.241","tubers",40.8559670781893,,TRUE,"doi:10.21223/B7HWWH",3434,FALSE,FALSE,"Peru","Oxapampa",FALSE,,,,,,,,
"OXAPAMPA_01_2020","OXAPAMPA_01_2020_P1035",2,"potato","CIP316367.191","tubers",21.6509730069052,,TRUE,"doi:10.21223/B7HWWH",3435,FALSE,FALSE,"Peru","Oxapampa",FALSE,,,,,,,,
"OXAPAMPA_01_2020","OXAPAMPA_01_2020_P1036",2,"potato","CIP316345.741","tubers",51.2236467236467,,TRUE,"doi:10.21223/B7HWWH",3436,FALSE,FALSE,"Peru","Oxapampa",FALSE,,,,,,,,
"OXAPAMPA_01_2020","OXAPAMPA_01_2020_P1037",2,"potato","CIP316367.180","tubers",35.7777777777778,,TRUE,"doi:10.21223/B7HWWH",3437,FALSE,FALSE,"Peru","Oxapampa",FALSE,,,,,,,,
"OXAPAMPA_01_2020","OXAPAMPA_01_2020_P1038",2,"potato","CIP316392.137","tubers",28.5055230669266,,TRUE,"doi:10.21223/B7HWWH",3438,FALSE,FALSE,"Peru","Oxapampa",FALSE,,,,,,,,
"OXAPAMPA_01_2020","OXAPAMPA_01_2020_P1039",2,"potato","CIP316371.183","tubers",20.8888888888889,,TRUE,"doi:10.21223/B7HWWH",3439,FALSE,FALSE,"Peru","Oxapampa",FALSE,,,,,,,,
"OXAPAMPA_01_2020","OXAPAMPA_01_2020_P1040",2,"potato","CIP316387.236","tubers",20.0740740740741,,TRUE,"doi:10.21223/B7HWWH",3440,FALSE,FALSE,"Peru","Oxapampa",FALSE,,,,,,,,
"OXAPAMPA_01_2020","OXAPAMPA_01_2020_P1041",2,"potato","CIP316367.171","tubers",52.1851851851852,,TRUE,"doi:10.21223/B7HWWH",3441,FALSE,FALSE,"Peru","Oxapampa",FALSE,,,,,,,,
"OXAPAMPA_01_2020","OXAPAMPA_01_2020_P1042",2,"potato","CIP316367.144","tubers",21.603789836348,,TRUE,"doi:10.21223/B7HWWH",3442,FALSE,FALSE,"Peru","Oxapampa",FALSE,,,,,,,,
"OXAPAMPA_01_2020","OXAPAMPA_01_2020_P1043",2,"potato","CIP316390.130","tubers",38.2901234567901,,TRUE,"doi:10.21223/B7HWWH",3443,FALSE,FALSE,"Peru","Oxapampa",FALSE,,,,,,,,
"OXAPAMPA_01_2020","OXAPAMPA_01_2020_P1044",2,"potato","Amarilis","tubers",16.6203703703704,,TRUE,"doi:10.21223/B7HWWH",3444,FALSE,FALSE,"Peru","Oxapampa",FALSE,,,,,,,,
"OXAPAMPA_01_2020","OXAPAMPA_01_2020_P1045",2,"potato","CIP316356.116","tubers",21.3197278911565,,TRUE,"doi:10.21223/B7HWWH",3445,FALSE,FALSE,"Peru","Oxapampa",FALSE,,,,,,,,
"OXAPAMPA_01_2020","OXAPAMPA_01_2020_P1046",2,"potato","CIP316360.235","tubers",26.8335941575378,,TRUE,"doi:10.21223/B7HWWH",3446,FALSE,FALSE,"Peru","Oxapampa",FALSE,,,,,,,,
"OXAPAMPA_01_2020","OXAPAMPA_01_2020_P1047",2,"potato","CIP316360.139","tubers",41.5555555555556,,TRUE,"doi:10.21223/B7HWWH",3447,FALSE,FALSE,"Peru","Oxapampa",FALSE,,,,,,,,
"OXAPAMPA_01_2020","OXAPAMPA_01_2020_P1048",2,"potato","Kory","tubers",14.3532763532764,,TRUE,"doi:10.21223/B7HWWH",3448,FALSE,FALSE,"Peru","Oxapampa",FALSE,,,,,,,,
"OXAPAMPA_01_2020","OXAPAMPA_01_2020_P1049",2,"potato","CIP316360.215","tubers",13.2222222222222,,TRUE,"doi:10.21223/B7HWWH",3449,FALSE,FALSE,"Peru","Oxapampa",FALSE,,,,,,,,
"OXAPAMPA_01_2020","OXAPAMPA_01_2020_P1050",2,"potato","Amarilis","tubers",18.2422104644327,,TRUE,"doi:10.21223/B7HWWH",3450,FALSE,FALSE,"Peru","Oxapampa",FALSE,,,,,,,,
"OXAPAMPA_01_2020","OXAPAMPA_01_2020_P1051",2,"potato","CIP316375.103","tubers",29.9684791174153,,TRUE,"doi:10.21223/B7HWWH",3451,FALSE,FALSE,"Peru","Oxapampa",FALSE,,,,,,,,
"OXAPAMPA_01_2020","OXAPAMPA_01_2020_P1052",2,"potato","CIP316360.169","tubers",10.716049382716,,TRUE,"doi:10.21223/B7HWWH",3452,FALSE,FALSE,"Peru","Oxapampa",FALSE,,,,,,,,
"OXAPAMPA_01_2020","OXAPAMPA_01_2020_P1053",2,"potato","CIP316355.137","tubers",32.67,,TRUE,"doi:10.21223/B7HWWH",3453,FALSE,FALSE,"Peru","Oxapampa",FALSE,,,,,,,,
"OXAPAMPA_01_2020","OXAPAMPA_01_2020_P1054",2,"potato","CIP316362.155","tubers",44.4822222222222,,TRUE,"doi:10.21223/B7HWWH",3454,FALSE,FALSE,"Peru","Oxapampa",FALSE,,,,,,,,
"OXAPAMPA_01_2020","OXAPAMPA_01_2020_P1055",2,"potato","CIP316386.141","tubers",36.1838888888889,,TRUE,"doi:10.21223/B7HWWH",3455,FALSE,FALSE,"Peru","Oxapampa",FALSE,,,,,,,,
"OXAPAMPA_01_2020","OXAPAMPA_01_2020_P1056",2,"potato","CIP316365.120","tubers",26.3703703703704,,TRUE,"doi:10.21223/B7HWWH",3456,FALSE,FALSE,"Peru","Oxapampa",FALSE,,,,,,,,
"OXAPAMPA_01_2020","OXAPAMPA_01_2020_P1057",2,"potato","CIP316345.245","tubers",38.8914814814815,,TRUE,"doi:10.21223/B7HWWH",3457,FALSE,FALSE,"Peru","Oxapampa",FALSE,,,,,,,,
"OXAPAMPA_01_2020","OXAPAMPA_01_2020_P1058",2,"potato","CIP302533.48","tubers",35.1111111111111,,TRUE,"doi:10.21223/B7HWWH",3458,FALSE,FALSE,"Peru","Oxapampa",FALSE,,,,,,,,
"OXAPAMPA_01_2020","OXAPAMPA_01_2020_P1059",2,"potato","CIP316363.103","tubers",26.1539578794481,,TRUE,"doi:10.21223/B7HWWH",3459,FALSE,FALSE,"Peru","Oxapampa",FALSE,,,,,,,,
"OXAPAMPA_01_2020","OXAPAMPA_01_2020_P1060",2,"potato","CIP316373.137","tubers",16.0333333333333,,TRUE,"doi:10.21223/B7HWWH",3460,FALSE,FALSE,"Peru","Oxapampa",FALSE,,,,,,,,
"OXAPAMPA_01_2020","OXAPAMPA_01_2020_P1061",2,"potato","CIP316391.136","tubers",21.3461111111111,,TRUE,"doi:10.21223/B7HWWH",3461,FALSE,FALSE,"Peru","Oxapampa",FALSE,,,,,,,,
"OXAPAMPA_01_2020","OXAPAMPA_01_2020_P1062",2,"potato","CIP316378.108","tubers",30.7657407407407,,TRUE,"doi:10.21223/B7HWWH",3462,FALSE,FALSE,"Peru","Oxapampa",FALSE,,,,,,,,
"OXAPAMPA_01_2020","OXAPAMPA_01_2020_P1063",2,"potato","CIP316351.142","tubers",20.6938888888889,,TRUE,"doi:10.21223/B7HWWH",3463,FALSE,FALSE,"Peru","Oxapampa",FALSE,,,,,,,,
"OXAPAMPA_01_2020","OXAPAMPA_01_2020_P1064",2,"potato","CIP316373.149","tubers",20.037037037037,,TRUE,"doi:10.21223/B7HWWH",3464,FALSE,FALSE,"Peru","Oxapampa",FALSE,,,,,,,,
"OXAPAMPA_01_2020","OXAPAMPA_01_2020_P1065",2,"potato","CIP316382.109","tubers",37.6898148148148,,TRUE,"doi:10.21223/B7HWWH",3465,FALSE,FALSE,"Peru","Oxapampa",FALSE,,,,,,,,
"OXAPAMPA_01_2020","OXAPAMPA_01_2020_P1066",2,"potato","Yungay","tubers",4.42265795206972,,TRUE,"doi:10.21223/B7HWWH",3466,FALSE,FALSE,"Peru","Oxapampa",FALSE,,,,,,,,
"OXAPAMPA_01_2020","OXAPAMPA_01_2020_P1067",2,"potato","CIP316367.117","tubers",48.1777777777778,,TRUE,"doi:10.21223/B7HWWH",3467,FALSE,FALSE,"Peru","Oxapampa",FALSE,,,,,,,,
"OXAPAMPA_01_2020","OXAPAMPA_01_2020_P1068",2,"potato","Kory","tubers",10.0503703703704,,TRUE,"doi:10.21223/B7HWWH",3468,FALSE,FALSE,"Peru","Oxapampa",FALSE,,,,,,,,
"OXAPAMPA_01_2020","OXAPAMPA_01_2020_P1069",2,"potato","CIP398203.5","tubers",25.9607407407407,,TRUE,"doi:10.21223/B7HWWH",3469,FALSE,FALSE,"Peru","Oxapampa",FALSE,,,,,,,,
"OXAPAMPA_01_2020","OXAPAMPA_01_2020_P1070",2,"potato","CIP316348.179","tubers",38.4483333333333,,TRUE,"doi:10.21223/B7HWWH",3470,FALSE,FALSE,"Peru","Oxapampa",FALSE,,,,,,,,
"OXAPAMPA_01_2020","OXAPAMPA_01_2020_P1071",2,"potato","CIP316350.145","tubers",22.6322222222222,,TRUE,"doi:10.21223/B7HWWH",3471,FALSE,FALSE,"Peru","Oxapampa",FALSE,,,,,,,,
"OXAPAMPA_01_2020","OXAPAMPA_01_2020_P1072",2,"potato","CIP316348.165","tubers",19.8896296296296,,TRUE,"doi:10.21223/B7HWWH",3472,FALSE,FALSE,"Peru","Oxapampa",FALSE,,,,,,,,
"OXAPAMPA_01_2020","OXAPAMPA_01_2020_P1073",2,"potato","CIP316344.158","tubers",28.5701459034792,,TRUE,"doi:10.21223/B7HWWH",3473,FALSE,FALSE,"Peru","Oxapampa",FALSE,,,,,,,,
"OXAPAMPA_01_2020","OXAPAMPA_01_2020_P1074",2,"potato","CIP316380.131","tubers",22.662037037037,,TRUE,"doi:10.21223/B7HWWH",3474,FALSE,FALSE,"Peru","Oxapampa",FALSE,,,,,,,,
"OXAPAMPA_01_2020","OXAPAMPA_01_2020_P1075",2,"potato","CIP316349.189","tubers",27.2934472934473,,TRUE,"doi:10.21223/B7HWWH",3475,FALSE,FALSE,"Peru","Oxapampa",FALSE,,,,,,,,
"OXAPAMPA_01_2020","OXAPAMPA_01_2020_P1076",2,"potato","CIP316363.115","tubers",41.0517592592593,,TRUE,"doi:10.21223/B7HWWH",3476,FALSE,FALSE,"Peru","Oxapampa",FALSE,,,,,,,,
"OXAPAMPA_01_2020","OXAPAMPA_01_2020_P1077",2,"potato","CIP316349.174","tubers",43.9388888888889,,TRUE,"doi:10.21223/B7HWWH",3477,FALSE,FALSE,"Peru","Oxapampa",FALSE,,,,,,,,
"OXAPAMPA_01_2020","OXAPAMPA_01_2020_P1078",2,"potato","CIP316367.134","tubers",32.6857407407407,,TRUE,"doi:10.21223/B7HWWH",3478,FALSE,FALSE,"Peru","Oxapampa",FALSE,,,,,,,,
"OXAPAMPA_01_2020","OXAPAMPA_01_2020_P1079",2,"potato","CIP316370.130","tubers",14.512962962963,,TRUE,"doi:10.21223/B7HWWH",3479,FALSE,FALSE,"Peru","Oxapampa",FALSE,,,,,,,,
"OXAPAMPA_01_2020","OXAPAMPA_01_2020_P1080",2,"potato","Amarilis","tubers",11.0207407407407,,TRUE,"doi:10.21223/B7HWWH",3480,FALSE,FALSE,"Peru","Oxapampa",FALSE,,,,,,,,
"OXAPAMPA_01_2020","OXAPAMPA_01_2020_P1081",2,"potato","CIP316353.152","tubers",23.9153439153439,,TRUE,"doi:10.21223/B7HWWH",3481,FALSE,FALSE,"Peru","Oxapampa",FALSE,,,,,,,,
"OXAPAMPA_01_2020","OXAPAMPA_01_2020_P1082",2,"potato","CIP316344.165","tubers",27.1111111111111,,TRUE,"doi:10.21223/B7HWWH",3482,FALSE,FALSE,"Peru","Oxapampa",FALSE,,,,,,,,
"OXAPAMPA_01_2020","OXAPAMPA_01_2020_P1083",2,"potato","CIP316368.145","tubers",42.8535185185185,,TRUE,"doi:10.21223/B7HWWH",3483,FALSE,FALSE,"Peru","Oxapampa",FALSE,,,,,,,,
"OXAPAMPA_01_2020","OXAPAMPA_01_2020_P1084",2,"potato","CIP398208.620","tubers",36.0740740740741,,TRUE,"doi:10.21223/B7HWWH",3484,FALSE,FALSE,"Peru","Oxapampa",FALSE,,,,,,,,
"OXAPAMPA_01_2020","OXAPAMPA_01_2020_P1085",2,"potato","CIP316350.104","tubers",46.4109014675052,,TRUE,"doi:10.21223/B7HWWH",3485,FALSE,FALSE,"Peru","Oxapampa",FALSE,,,,,,,,
"OXAPAMPA_01_2020","OXAPAMPA_01_2020_P1086",2,"potato","CIP316365.140","tubers",40.6914814814815,,TRUE,"doi:10.21223/B7HWWH",3486,FALSE,FALSE,"Peru","Oxapampa",FALSE,,,,,,,,
"OXAPAMPA_01_2020","OXAPAMPA_01_2020_P1087",2,"potato","CIP316389.131","tubers",14.9605555555556,,TRUE,"doi:10.21223/B7HWWH",3487,FALSE,FALSE,"Peru","Oxapampa",FALSE,,,,,,,,
"OXAPAMPA_01_2020","OXAPAMPA_01_2020_P1088",2,"potato","CIP316353.158","tubers",27.8360185185185,,TRUE,"doi:10.21223/B7HWWH",3488,FALSE,FALSE,"Peru","Oxapampa",FALSE,,,,,,,,
"OXAPAMPA_01_2020","OXAPAMPA_01_2020_P1089",2,"potato","Yungay","tubers",9.51074074074074,,TRUE,"doi:10.21223/B7HWWH",3489,FALSE,FALSE,"Peru","Oxapampa",FALSE,,,,,,,,
"OXAPAMPA_01_2020","OXAPAMPA_01_2020_P1090",2,"potato","CIP316385.144","tubers",15.3568518518519,,TRUE,"doi:10.21223/B7HWWH",3490,FALSE,FALSE,"Peru","Oxapampa",FALSE,,,,,,,,
"OXAPAMPA_01_2020","OXAPAMPA_01_2020_P1091",2,"potato","CIP316386.106","tubers",11.9511111111111,,TRUE,"doi:10.21223/B7HWWH",3491,FALSE,FALSE,"Peru","Oxapampa",FALSE,,,,,,,,
"OXAPAMPA_01_2020","OXAPAMPA_01_2020_P1092",2,"potato","Kory","tubers",14.9107407407407,,TRUE,"doi:10.21223/B7HWWH",3492,FALSE,FALSE,"Peru","Oxapampa",FALSE,,,,,,,,
"OXAPAMPA_01_2020","OXAPAMPA_01_2020_P1093",2,"potato","CIP316359.158","tubers",23.4268077601411,,TRUE,"doi:10.21223/B7HWWH",3493,FALSE,FALSE,"Peru","Oxapampa",FALSE,,,,,,,,
"OXAPAMPA_01_2020","OXAPAMPA_01_2020_P1094",2,"potato","Kory","tubers",10.1383333333333,,TRUE,"doi:10.21223/B7HWWH",3494,FALSE,FALSE,"Peru","Oxapampa",FALSE,,,,,,,,
"OXAPAMPA_01_2020","OXAPAMPA_01_2020_P1095",2,"potato","CIP316367.173","tubers",28.3386243386243,,TRUE,"doi:10.21223/B7HWWH",3495,FALSE,FALSE,"Peru","Oxapampa",FALSE,,,,,,,,
"OXAPAMPA_01_2020","OXAPAMPA_01_2020_P1096",2,"potato","CIP316356.142","tubers",20.7654320987654,,TRUE,"doi:10.21223/B7HWWH",3496,FALSE,FALSE,"Peru","Oxapampa",FALSE,,,,,,,,
"OXAPAMPA_01_2020","OXAPAMPA_01_2020_P1097",2,"potato","CIP316357.196","tubers",32.036036036036,,TRUE,"doi:10.21223/B7HWWH",3497,FALSE,FALSE,"Peru","Oxapampa",FALSE,,,,,,,,
"OXAPAMPA_01_2020","OXAPAMPA_01_2020_P1098",2,"potato","CIP316356.158","tubers",21.5988819007687,,TRUE,"doi:10.21223/B7HWWH",3498,FALSE,FALSE,"Peru","Oxapampa",FALSE,,,,,,,,
"OXAPAMPA_01_2020","OXAPAMPA_01_2020_P1099",2,"potato","CIP317017.85","tubers",1.72839506172839,,TRUE,"doi:10.21223/B7HWWH",3499,FALSE,FALSE,"Peru","Oxapampa",FALSE,,,,,,,,
"OXAPAMPA_01_2020","OXAPAMPA_01_2020_P1100",2,"potato","CIP316367.159","tubers",58.1481481481482,,TRUE,"doi:10.21223/B7HWWH",3500,FALSE,FALSE,"Peru","Oxapampa",FALSE,,,,,,,,
"OXAPAMPA_01_2020","OXAPAMPA_01_2020_P1101",2,"potato","CIP316363.166","tubers",24.3081052066559,,TRUE,"doi:10.21223/B7HWWH",3501,FALSE,FALSE,"Peru","Oxapampa",FALSE,,,,,,,,
"OXAPAMPA_01_2020","OXAPAMPA_01_2020_P1102",2,"potato","CIP316345.154","tubers",30.4993614303959,,TRUE,"doi:10.21223/B7HWWH",3502,FALSE,FALSE,"Peru","Oxapampa",FALSE,,,,,,,,
"OXAPAMPA_01_2020","OXAPAMPA_01_2020_P1103",2,"potato","CIP316365.127","tubers",26.6515151515151,,TRUE,"doi:10.21223/B7HWWH",3503,FALSE,FALSE,"Peru","Oxapampa",FALSE,,,,,,,,
"OXAPAMPA_01_2020","OXAPAMPA_01_2020_P1104",2,"potato","CIP316359.133","tubers",20.9801587301587,,TRUE,"doi:10.21223/B7HWWH",3504,FALSE,FALSE,"Peru","Oxapampa",FALSE,,,,,,,,
"OXAPAMPA_01_2020","OXAPAMPA_01_2020_P1105",2,"potato","CIP316348.238","tubers",37.5931453841902,,TRUE,"doi:10.21223/B7HWWH",3505,FALSE,FALSE,"Peru","Oxapampa",FALSE,,,,,,,,
"OXAPAMPA_01_2020","OXAPAMPA_01_2020_P1106",2,"potato","CIP316385.111","tubers",32.0116194625999,,TRUE,"doi:10.21223/B7HWWH",3506,FALSE,FALSE,"Peru","Oxapampa",FALSE,,,,,,,,
"OXAPAMPA_01_2020","OXAPAMPA_01_2020_P1107",2,"potato","CIP316361.181","tubers",38.0906768837803,,TRUE,"doi:10.21223/B7HWWH",3507,FALSE,FALSE,"Peru","Oxapampa",FALSE,,,,,,,,
"OXAPAMPA_01_2020","OXAPAMPA_01_2020_P1108",2,"potato","Kory","tubers",21.3599240265907,,TRUE,"doi:10.21223/B7HWWH",3508,FALSE,FALSE,"Peru","Oxapampa",FALSE,,,,,,,,
"OXAPAMPA_01_2020","OXAPAMPA_01_2020_P1109",2,"potato","CIP316384.227","tubers",8.04232804232804,,TRUE,"doi:10.21223/B7HWWH",3509,FALSE,FALSE,"Peru","Oxapampa",FALSE,,,,,,,,
"OXAPAMPA_01_2020","OXAPAMPA_01_2020_P1110",2,"potato","CIP316361.118","tubers",41.1763967357188,,TRUE,"doi:10.21223/B7HWWH",3510,FALSE,FALSE,"Peru","Oxapampa",FALSE,,,,,,,,
"OXAPAMPA_01_2020","OXAPAMPA_01_2020_P1111",2,"potato","CIP316360.156","tubers",31.172382258802,,TRUE,"doi:10.21223/B7HWWH",3511,FALSE,FALSE,"Peru","Oxapampa",FALSE,,,,,,,,
"OXAPAMPA_01_2020","OXAPAMPA_01_2020_P1112",2,"potato","CIP316374.208","tubers",26.1759259259259,,TRUE,"doi:10.21223/B7HWWH",3512,FALSE,FALSE,"Peru","Oxapampa",FALSE,,,,,,,,
"OXAPAMPA_01_2020","OXAPAMPA_01_2020_P1113",2,"potato","CIP316359.168","tubers",28.237037037037,,TRUE,"doi:10.21223/B7HWWH",3513,FALSE,FALSE,"Peru","Oxapampa",FALSE,,,,,,,,
"OXAPAMPA_01_2020","OXAPAMPA_01_2020_P1114",2,"potato","CIP316360.229","tubers",33.7879948914432,,TRUE,"doi:10.21223/B7HWWH",3514,FALSE,FALSE,"Peru","Oxapampa",FALSE,,,,,,,,
"OXAPAMPA_01_2020","OXAPAMPA_01_2020_P1115",2,"potato","CIP317016.431","tubers",13.5648148148148,,TRUE,"doi:10.21223/B7HWWH",3515,FALSE,FALSE,"Peru","Oxapampa",FALSE,,,,,,,,
"OXAPAMPA_01_2020","OXAPAMPA_01_2020_P1116",2,"potato","CIP316354.145","tubers",41.6026936026936,,TRUE,"doi:10.21223/B7HWWH",3516,FALSE,FALSE,"Peru","Oxapampa",FALSE,,,,,,,,
"OXAPAMPA_01_2020","OXAPAMPA_01_2020_P1117",2,"potato","CIP316382.179","tubers",38.9023569023569,,TRUE,"doi:10.21223/B7HWWH",3517,FALSE,FALSE,"Peru","Oxapampa",FALSE,,,,,,,,
"OXAPAMPA_01_2020","OXAPAMPA_01_2020_P1118",2,"potato","CIP316353.120","tubers",24.3915343915344,,TRUE,"doi:10.21223/B7HWWH",3518,FALSE,FALSE,"Peru","Oxapampa",FALSE,,,,,,,,
"OXAPAMPA_01_2020","OXAPAMPA_01_2020_P1119",2,"potato","CIP398208.704","tubers",14.7839506172839,,TRUE,"doi:10.21223/B7HWWH",3519,FALSE,FALSE,"Peru","Oxapampa",FALSE,,,,,,,,
"OXAPAMPA_01_2020","OXAPAMPA_01_2020_P1120",2,"potato","CIP316385.104","tubers",40.326278659612,,TRUE,"doi:10.21223/B7HWWH",3520,FALSE,FALSE,"Peru","Oxapampa",FALSE,,,,,,,,
"OXAPAMPA_01_2020","OXAPAMPA_01_2020_P1121",2,"potato","CIP398208.219","tubers",33.962962962963,,TRUE,"doi:10.21223/B7HWWH",3521,FALSE,FALSE,"Peru","Oxapampa",FALSE,,,,,,,,
"OXAPAMPA_01_2020","OXAPAMPA_01_2020_P1122",2,"potato","CIP316353.501","tubers",28.7438928289992,,TRUE,"doi:10.21223/B7HWWH",3522,FALSE,FALSE,"Peru","Oxapampa",FALSE,,,,,,,,
"OXAPAMPA_01_2020","OXAPAMPA_01_2020_P1123",2,"potato","CIP316385.146","tubers",21.5343915343915,,TRUE,"doi:10.21223/B7HWWH",3523,FALSE,FALSE,"Peru","Oxapampa",FALSE,,,,,,,,
"OXAPAMPA_01_2020","OXAPAMPA_01_2020_P1124",2,"potato","CIP316363.140","tubers",33,,TRUE,"doi:10.21223/B7HWWH",3524,FALSE,FALSE,"Peru","Oxapampa",FALSE,,,,,,,,
"OXAPAMPA_01_2020","OXAPAMPA_01_2020_P1125",2,"potato","CIP316390.126","tubers",22.7699214365881,,TRUE,"doi:10.21223/B7HWWH",3525,FALSE,FALSE,"Peru","Oxapampa",FALSE,,,,,,,,
"OXAPAMPA_01_2020","OXAPAMPA_01_2020_P1126",2,"potato","Amarilis","tubers",11.4384151593454,,TRUE,"doi:10.21223/B7HWWH",3526,FALSE,FALSE,"Peru","Oxapampa",FALSE,,,,,,,,
"OXAPAMPA_01_2020","OXAPAMPA_01_2020_P1127",2,"potato","CIP317015.472","tubers",24.6702365015618,,TRUE,"doi:10.21223/B7HWWH",3527,FALSE,FALSE,"Peru","Oxapampa",FALSE,,,,,,,,
"OXAPAMPA_01_2020","OXAPAMPA_01_2020_P1128",2,"potato","CIP316373.238","tubers",16.8404558404558,,TRUE,"doi:10.21223/B7HWWH",3528,FALSE,FALSE,"Peru","Oxapampa",FALSE,,,,,,,,
"OXAPAMPA_01_2020","OXAPAMPA_01_2020_P1129",2,"potato","CIP316370.137","tubers",9.97777777777778,,TRUE,"doi:10.21223/B7HWWH",3529,FALSE,FALSE,"Peru","Oxapampa",FALSE,,,,,,,,
"OXAPAMPA_01_2020","OXAPAMPA_01_2020_P1130",2,"potato","CIP316376.120","tubers",32.1590771098968,,TRUE,"doi:10.21223/B7HWWH",3530,FALSE,FALSE,"Peru","Oxapampa",FALSE,,,,,,,,
"OXAPAMPA_01_2020","OXAPAMPA_01_2020_P1131",2,"potato","CIP316360.211","tubers",24.5520614954577,,TRUE,"doi:10.21223/B7HWWH",3531,FALSE,FALSE,"Peru","Oxapampa",FALSE,,,,,,,,
"OXAPAMPA_01_2020","OXAPAMPA_01_2020_P1132",2,"potato","CIP316385.230","tubers",15.9382716049383,,TRUE,"doi:10.21223/B7HWWH",3532,FALSE,FALSE,"Peru","Oxapampa",FALSE,,,,,,,,
"OXAPAMPA_01_2020","OXAPAMPA_01_2020_P1133",2,"potato","CIP316354.112","tubers",45.6062378167641,,TRUE,"doi:10.21223/B7HWWH",3533,FALSE,FALSE,"Peru","Oxapampa",FALSE,,,,,,,,
"OXAPAMPA_01_2020","OXAPAMPA_01_2020_P1134",2,"potato","CIP316363.108","tubers",41.5925925925926,,TRUE,"doi:10.21223/B7HWWH",3534,FALSE,FALSE,"Peru","Oxapampa",FALSE,,,,,,,,
"OXAPAMPA_01_2020","OXAPAMPA_01_2020_P1135",2,"potato","CIP316358.182","tubers",34.7272727272727,,TRUE,"doi:10.21223/B7HWWH",3535,FALSE,FALSE,"Peru","Oxapampa",FALSE,,,,,,,,
"OXAPAMPA_01_2020","OXAPAMPA_01_2020_P1136",2,"potato","CIP316353.499","tubers",28.1058201058201,,TRUE,"doi:10.21223/B7HWWH",3536,FALSE,FALSE,"Peru","Oxapampa",FALSE,,,,,,,,
"OXAPAMPA_01_2020","OXAPAMPA_01_2020_P1137",2,"potato","Yungay","tubers",3.25925925925926,,TRUE,"doi:10.21223/B7HWWH",3537,FALSE,FALSE,"Peru","Oxapampa",FALSE,,,,,,,,
"OXAPAMPA_01_2020","OXAPAMPA_01_2020_P1138",2,"potato","Kory","tubers",7.18518518518518,,TRUE,"doi:10.21223/B7HWWH",3538,FALSE,FALSE,"Peru","Oxapampa",FALSE,,,,,,,,
"OXAPAMPA_01_2020","OXAPAMPA_01_2020_P1139",2,"potato","CIP316358.114","tubers",18.5925925925926,,TRUE,"doi:10.21223/B7HWWH",3539,FALSE,FALSE,"Peru","Oxapampa",FALSE,,,,,,,,
"OXAPAMPA_01_2020","OXAPAMPA_01_2020_P1140",2,"potato","CIP316356.117","tubers",33.2962962962963,,TRUE,"doi:10.21223/B7HWWH",3540,FALSE,FALSE,"Peru","Oxapampa",FALSE,,,,,,,,
"OXAPAMPA_01_2020","OXAPAMPA_01_2020_P1141",2,"potato","CIP316390.124","tubers",22.7912457912458,,TRUE,"doi:10.21223/B7HWWH",3541,FALSE,FALSE,"Peru","Oxapampa",FALSE,,,,,,,,
"OXAPAMPA_01_2020","OXAPAMPA_01_2020_P1142",2,"potato","CIP316352.113","tubers",33.037037037037,,TRUE,"doi:10.21223/B7HWWH",3542,FALSE,FALSE,"Peru","Oxapampa",FALSE,,,,,,,,
"OXAPAMPA_01_2020","OXAPAMPA_01_2020_P1143",2,"potato","Yungay","tubers",4.94179894179894,,TRUE,"doi:10.21223/B7HWWH",3543,FALSE,FALSE,"Peru","Oxapampa",FALSE,,,,,,,,
"OXAPAMPA_01_2020","OXAPAMPA_01_2020_P1144",2,"potato","CIP316385.178","tubers",35.6194625998547,,TRUE,"doi:10.21223/B7HWWH",3544,FALSE,FALSE,"Peru","Oxapampa",FALSE,,,,,,,,
"OXAPAMPA_01_2020","OXAPAMPA_01_2020_P1145",2,"potato","CIP316366.136","tubers",28.0696296296296,,TRUE,"doi:10.21223/B7HWWH",3545,FALSE,FALSE,"Peru","Oxapampa",FALSE,,,,,,,,
"OXAPAMPA_01_2020","OXAPAMPA_01_2020_P1146",2,"potato","CIP316391.146","tubers",21.2912127814089,,TRUE,"doi:10.21223/B7HWWH",3546,FALSE,FALSE,"Peru","Oxapampa",FALSE,,,,,,,,
"OXAPAMPA_01_2020","OXAPAMPA_01_2020_P1147",2,"potato","CIP316363.119","tubers",30.4687310261081,,TRUE,"doi:10.21223/B7HWWH",3547,FALSE,FALSE,"Peru","Oxapampa",FALSE,,,,,,,,
"OXAPAMPA_01_2020","OXAPAMPA_01_2020_P1148",2,"potato","CIP316389.108","tubers",31.1823361823362,,TRUE,"doi:10.21223/B7HWWH",3548,FALSE,FALSE,"Peru","Oxapampa",FALSE,,,,,,,,
"OXAPAMPA_01_2020","OXAPAMPA_01_2020_P1149",2,"potato","CIP316390.167","tubers",31.3271604938272,,TRUE,"doi:10.21223/B7HWWH",3549,FALSE,FALSE,"Peru","Oxapampa",FALSE,,,,,,,,
"OXAPAMPA_01_2020","OXAPAMPA_01_2020_P1150",2,"potato","CIP316353.514","tubers",14.7671957671958,,TRUE,"doi:10.21223/B7HWWH",3550,FALSE,FALSE,"Peru","Oxapampa",FALSE,,,,,,,,
"OXAPAMPA_01_2020","OXAPAMPA_01_2020_P1151",2,"potato","CIP316367.125","tubers",39.7690740740741,,TRUE,"doi:10.21223/B7HWWH",3551,FALSE,FALSE,"Peru","Oxapampa",FALSE,,,,,,,,
"OXAPAMPA_01_2020","OXAPAMPA_01_2020_P1152",2,"potato","CIP316359.238","tubers",31.1805555555556,,TRUE,"doi:10.21223/B7HWWH",3552,FALSE,FALSE,"Peru","Oxapampa",FALSE,,,,,,,,
"OXAPAMPA_01_2020","OXAPAMPA_01_2020_P1153",2,"potato","CIP316364.140","tubers",30.8655555555556,,TRUE,"doi:10.21223/B7HWWH",3553,FALSE,FALSE,"Peru","Oxapampa",FALSE,,,,,,,,
"OXAPAMPA_01_2020","OXAPAMPA_01_2020_P1154",2,"potato","CIP316361.163","tubers",22.8316498316498,,TRUE,"doi:10.21223/B7HWWH",3554,FALSE,FALSE,"Peru","Oxapampa",FALSE,,,,,,,,
"OXAPAMPA_01_2020","OXAPAMPA_01_2020_P1155",2,"potato","CIP316345.228","tubers",29.20116194626,,TRUE,"doi:10.21223/B7HWWH",3555,FALSE,FALSE,"Peru","Oxapampa",FALSE,,,,,,,,
"OXAPAMPA_01_2020","OXAPAMPA_01_2020_P1156",2,"potato","CIP316353.111","tubers",35.8249158249158,,TRUE,"doi:10.21223/B7HWWH",3556,FALSE,FALSE,"Peru","Oxapampa",FALSE,,,,,,,,
"OXAPAMPA_01_2020","OXAPAMPA_01_2020_P1157",2,"potato","CIP316385.164","tubers",23.2374727668845,,TRUE,"doi:10.21223/B7HWWH",3557,FALSE,FALSE,"Peru","Oxapampa",FALSE,,,,,,,,
"OXAPAMPA_01_2020","OXAPAMPA_01_2020_P1158",2,"potato","Amarilis","tubers",13.5026455026455,,TRUE,"doi:10.21223/B7HWWH",3558,FALSE,FALSE,"Peru","Oxapampa",FALSE,,,,,,,,
"OXAPAMPA_01_2020","OXAPAMPA_01_2020_P1159",2,"potato","CIP398098.570","tubers",33.103552532124,,TRUE,"doi:10.21223/B7HWWH",3559,FALSE,FALSE,"Peru","Oxapampa",FALSE,,,,,,,,
"OXAPAMPA_01_2020","OXAPAMPA_01_2020_P1160",2,"potato","CIP317016.478","tubers",9.81574074074074,,TRUE,"doi:10.21223/B7HWWH",3560,FALSE,FALSE,"Peru","Oxapampa",FALSE,,,,,,,,
"OXAPAMPA_01_2020","OXAPAMPA_01_2020_P1161",2,"potato","CIP316361.184","tubers",23.7426900584795,,TRUE,"doi:10.21223/B7HWWH",3561,FALSE,FALSE,"Peru","Oxapampa",FALSE,,,,,,,,
"OXAPAMPA_01_2020","OXAPAMPA_01_2020_P1162",2,"potato","CIP316359.165","tubers",22.7712418300654,,TRUE,"doi:10.21223/B7HWWH",3562,FALSE,FALSE,"Peru","Oxapampa",FALSE,,,,,,,,
"OXAPAMPA_01_2020","OXAPAMPA_01_2020_P1163",2,"potato","CIP316358.126","tubers",28.3148148148148,,TRUE,"doi:10.21223/B7HWWH",3563,FALSE,FALSE,"Peru","Oxapampa",FALSE,,,,,,,,
"OXAPAMPA_01_2020","OXAPAMPA_01_2020_P1164",2,"potato","CIP316383.108","tubers",25.0722222222222,,TRUE,"doi:10.21223/B7HWWH",3564,FALSE,FALSE,"Peru","Oxapampa",FALSE,,,,,,,,
"OXAPAMPA_01_2020","OXAPAMPA_01_2020_P1165",2,"potato","CIP316386.121","tubers",43.8947368421053,,TRUE,"doi:10.21223/B7HWWH",3565,FALSE,FALSE,"Peru","Oxapampa",FALSE,,,,,,,,
"OXAPAMPA_01_2020","OXAPAMPA_01_2020_P1166",2,"potato","CIP316360.188","tubers",12.4142592592593,,TRUE,"doi:10.21223/B7HWWH",3566,FALSE,FALSE,"Peru","Oxapampa",FALSE,,,,,,,,
"OXAPAMPA_01_2020","OXAPAMPA_01_2020_P1167",2,"potato","Yungay","tubers",8.54882154882155,,TRUE,"doi:10.21223/B7HWWH",3567,FALSE,FALSE,"Peru","Oxapampa",FALSE,,,,,,,,
"OXAPAMPA_01_2020","OXAPAMPA_01_2020_P1168",2,"potato","CIP316350.136","tubers",37.6412037037037,,TRUE,"doi:10.21223/B7HWWH",3568,FALSE,FALSE,"Peru","Oxapampa",FALSE,,,,,,,,
"OXAPAMPA_01_2020","OXAPAMPA_01_2020_P1169",2,"potato","Amarilis","tubers",17.6333333333333,,TRUE,"doi:10.21223/B7HWWH",3569,FALSE,FALSE,"Peru","Oxapampa",FALSE,,,,,,,,
"OXAPAMPA_01_2020","OXAPAMPA_01_2020_P1170",2,"potato","CIP317029.430","tubers",40.5616605616606,,TRUE,"doi:10.21223/B7HWWH",3570,FALSE,FALSE,"Peru","Oxapampa",FALSE,,,,,,,,
"OXAPAMPA_01_2020","OXAPAMPA_01_2020_P1171",2,"potato","CIP316365.158","tubers",62.8888888888889,,TRUE,"doi:10.21223/B7HWWH",3571,FALSE,FALSE,"Peru","Oxapampa",FALSE,,,,,,,,
"OXAPAMPA_01_2020","OXAPAMPA_01_2020_P1172",2,"potato","CIP316355.162","tubers",32.6925338036449,,TRUE,"doi:10.21223/B7HWWH",3572,FALSE,FALSE,"Peru","Oxapampa",FALSE,,,,,,,,
"OXAPAMPA_01_2020","OXAPAMPA_01_2020_P1173",2,"potato","CIP316353.147","tubers",29.4988888888889,,TRUE,"doi:10.21223/B7HWWH",3573,FALSE,FALSE,"Peru","Oxapampa",FALSE,,,,,,,,
"OXAPAMPA_01_2020","OXAPAMPA_01_2020_P1174",2,"potato","CIP316353.149","tubers",37.4691358024691,,TRUE,"doi:10.21223/B7HWWH",3574,FALSE,FALSE,"Peru","Oxapampa",FALSE,,,,,,,,
"OXAPAMPA_01_2020","OXAPAMPA_01_2020_P1175",2,"potato","CIP316367.139","tubers",26.102037037037,,TRUE,"doi:10.21223/B7HWWH",3575,FALSE,FALSE,"Peru","Oxapampa",FALSE,,,,,,,,
"OXAPAMPA_01_2020","OXAPAMPA_01_2020_P1176",2,"potato","CIP316350.120","tubers",26.2035185185185,,TRUE,"doi:10.21223/B7HWWH",3576,FALSE,FALSE,"Peru","Oxapampa",FALSE,,,,,,,,
"OXAPAMPA_01_2020","OXAPAMPA_01_2020_P1177",2,"potato","CIP316355.170","tubers",39.8518518518518,,TRUE,"doi:10.21223/B7HWWH",3577,FALSE,FALSE,"Peru","Oxapampa",FALSE,,,,,,,,
"OXAPAMPA_01_2020","OXAPAMPA_01_2020_P1178",2,"potato","CIP316359.215","tubers",22.1760185185185,,TRUE,"doi:10.21223/B7HWWH",3578,FALSE,FALSE,"Peru","Oxapampa",FALSE,,,,,,,,
"OXAPAMPA_01_2020","OXAPAMPA_01_2020_P1179",2,"potato","Yungay","tubers",6.91005291005291,,TRUE,"doi:10.21223/B7HWWH",3579,FALSE,FALSE,"Peru","Oxapampa",FALSE,,,,,,,,
"OXAPAMPA_01_2020","OXAPAMPA_01_2020_P1180",2,"potato","CIP316367.151","tubers",18.312925170068,,TRUE,"doi:10.21223/B7HWWH",3580,FALSE,FALSE,"Peru","Oxapampa",FALSE,,,,,,,,
"OXAPAMPA_01_2020","OXAPAMPA_01_2020_P1181",2,"potato","CIP316360.220","tubers",17.3088888888889,,TRUE,"doi:10.21223/B7HWWH",3581,FALSE,FALSE,"Peru","Oxapampa",FALSE,,,,,,,,
"OXAPAMPA_01_2020","OXAPAMPA_01_2020_P1182",2,"potato","CIP316382.149","tubers",31.5619967793881,,TRUE,"doi:10.21223/B7HWWH",3582,FALSE,FALSE,"Peru","Oxapampa",FALSE,,,,,,,,
"OXAPAMPA_01_2020","OXAPAMPA_01_2020_P1183",2,"potato","CIP316359.171","tubers",25.0822222222222,,TRUE,"doi:10.21223/B7HWWH",3583,FALSE,FALSE,"Peru","Oxapampa",FALSE,,,,,,,,
"OXAPAMPA_01_2020","OXAPAMPA_01_2020_P1184",2,"potato","CIP316362.134","tubers",31.7075925925926,,TRUE,"doi:10.21223/B7HWWH",3584,FALSE,FALSE,"Peru","Oxapampa",FALSE,,,,,,,,
"OXAPAMPA_01_2020","OXAPAMPA_01_2020_P1185",2,"potato","CIP316385.116","tubers",29.3638344226579,,TRUE,"doi:10.21223/B7HWWH",3585,FALSE,FALSE,"Peru","Oxapampa",FALSE,,,,,,,,
"OXAPAMPA_01_2020","OXAPAMPA_01_2020_P1186",2,"potato","CIP316361.222","tubers",45.2714814814815,,TRUE,"doi:10.21223/B7HWWH",3586,FALSE,FALSE,"Peru","Oxapampa",FALSE,,,,,,,,
"OXAPAMPA_01_2020","OXAPAMPA_01_2020_P1187",2,"potato","Yungay","tubers",5.05263157894737,,TRUE,"doi:10.21223/B7HWWH",3587,FALSE,FALSE,"Peru","Oxapampa",FALSE,,,,,,,,
"OXAPAMPA_01_2020","OXAPAMPA_01_2020_P1188",2,"potato","CIP316363.111","tubers",34.9961111111111,,TRUE,"doi:10.21223/B7HWWH",3588,FALSE,FALSE,"Peru","Oxapampa",FALSE,,,,,,,,
"OXAPAMPA_01_2020","OXAPAMPA_01_2020_P1189",2,"potato","CIP316367.160","tubers",32.3627075351213,,TRUE,"doi:10.21223/B7HWWH",3589,FALSE,FALSE,"Peru","Oxapampa",FALSE,,,,,,,,
"OXAPAMPA_01_2020","OXAPAMPA_01_2020_P1190",2,"potato","CIP316361.101","tubers",36.2251270878722,,TRUE,"doi:10.21223/B7HWWH",3590,FALSE,FALSE,"Peru","Oxapampa",FALSE,,,,,,,,
"OXAPAMPA_01_2020","OXAPAMPA_01_2020_P1191",2,"potato","Amarilis","tubers",7.90046296296296,,TRUE,"doi:10.21223/B7HWWH",3591,FALSE,FALSE,"Peru","Oxapampa",FALSE,,,,,,,,
"OXAPAMPA_01_2020","OXAPAMPA_01_2020_P1192",2,"potato","CIP398180.289","tubers",38.7777777777778,,TRUE,"doi:10.21223/B7HWWH",3592,FALSE,FALSE,"Peru","Oxapampa",FALSE,,,,,,,,
"OXAPAMPA_01_2020","OXAPAMPA_01_2020_P1193",2,"potato","CIP316365.165","tubers",19.9519519519519,,TRUE,"doi:10.21223/B7HWWH",3593,FALSE,FALSE,"Peru","Oxapampa",FALSE,,,,,,,,
"OXAPAMPA_01_2020","OXAPAMPA_01_2020_P1194",2,"potato","Amarilis","tubers",6.98653198653199,,TRUE,"doi:10.21223/B7HWWH",3594,FALSE,FALSE,"Peru","Oxapampa",FALSE,,,,,,,,
"OXAPAMPA_01_2020","OXAPAMPA_01_2020_P1195",2,"potato","CIP316357.110","tubers",28.3227777777778,,TRUE,"doi:10.21223/B7HWWH",3595,FALSE,FALSE,"Peru","Oxapampa",FALSE,,,,,,,,
"OXAPAMPA_01_2020","OXAPAMPA_01_2020_P1196",2,"potato","CIP316382.118","tubers",21.9038613081166,,TRUE,"doi:10.21223/B7HWWH",3596,FALSE,FALSE,"Peru","Oxapampa",FALSE,,,,,,,,
"OXAPAMPA_01_2020","OXAPAMPA_01_2020_P1197",2,"potato","CIP316360.230","tubers",52.0345679012346,,TRUE,"doi:10.21223/B7HWWH",3597,FALSE,FALSE,"Peru","Oxapampa",FALSE,,,,,,,,
"OXAPAMPA_01_2020","OXAPAMPA_01_2020_P1198",2,"potato","CIP316361.185","tubers",33.1221669430625,,TRUE,"doi:10.21223/B7HWWH",3598,FALSE,FALSE,"Peru","Oxapampa",FALSE,,,,,,,,
"OXAPAMPA_01_2020","OXAPAMPA_01_2020_P1199",2,"potato","CIP316359.218","tubers",42.8391203703704,,TRUE,"doi:10.21223/B7HWWH",3599,FALSE,FALSE,"Peru","Oxapampa",FALSE,,,,,,,,
"OXAPAMPA_01_2020","OXAPAMPA_01_2020_P1200",2,"potato","CIP316360.110","tubers",28.1512962962963,,TRUE,"doi:10.21223/B7HWWH",3600,FALSE,FALSE,"Peru","Oxapampa",FALSE,,,,,,,,
